Date,Fuel_Used_Liters,Coal_Mined_Tonnes,CO2_Emitted_kg,Trapped_Carbon_kg,Potential_CO2_from_Coal_kg
2000-01-01,18884.498121032295,54854.66573686413,50610.45496436655,19199133.007902447,70460818.13900198
2000-01-02,20773.612190408487,47426.03216392797,55673.28067029475,16599111.25737479,60918738.31456548
2000-01-03,16987.590363911335,53441.642370083675,45526.74217528238,18704574.829529285,68645789.62437248
2000-01-04,13201.776953090903,53356.5321096531,35380.76223428362,18674786.238378584,68536465.4948494
2000-01-05,16500.64081073155,54481.81781346591,44221.71737276056,19068636.234713066,69981894.98139696
2000-01-06,22575.065935017614,50380.21615046315,60501.17670584721,17633075.652662102,64713387.645269915
2000-01-07,18745.740026468495,42739.40255497224,50238.58327093557,14958790.894240284,54898762.581861846
2000-01-08,18844.41657934143,58991.38470488524,50503.03643263503,20646984.646709833,75774433.65342508
2000-01-09,21488.48227016976,64442.291522337044,57589.13248405496,22554802.032817964,82776123.46044192
2000-01-10,20735.319679142438,51219.69823336748,55570.65674010174,17926894.38167862,65791702.38076053
2000-01-11,23560.036808174456,67579.85803904753,63140.898645907546,23652950.31366663,86806327.65115653
2000-01-12,23144.323544855608,51111.71385785822,62026.787100213034,17889099.85025038,65652996.45041889
2000-01-13,23326.06298712193,57223.61680121576,62513.84880548678,20028265.880425517,73503735.78116165
2000-01-14,24814.975491762245,65020.58277800411,66504.13431792281,22757203.97230144,83518938.57834628
2000-01-15,22286.624675363833,60018.58215051793,59728.154129975075,21006503.752681274,77093868.77234027
2000-01-16,22001.60430866456,64530.71525045414,58964.299547221024,22585750.337658945,82889703.73920833
2000-01-17,22393.40132766591,59593.069911712446,60014.31555814464,20857574.469099354,76547298.30159463
2000-01-18,24135.63811463672,53998.85798015012,64683.510147226414,18899600.29305254,69361533.07550281
2000-01-19,24789.135133660155,64088.503691774924,66434.88215820922,22430976.292121224,82321682.99208489
2000-01-20,24538.76935303118,69977.52022418984,65763.90186612358,24492132.07846644,89886124.72797184
2000-01-21,21438.49244586549,64518.48251655482,57455.159754919514,22581468.880794186,82873990.79251467
2000-01-22,24897.720798131842,67225.25008050558,66725.89173899335,23528837.528176952,86350833.72840941
2000-01-23,23469.22449508253,66994.39767050032,62897.52164682118,23448039.18467511,86054303.80775765
2000-01-24,23344.49038888619,67229.46121913454,62563.234242214996,23530311.426697087,86356242.93597831
2000-01-25,22150.12928356608,80590.28017065083,59362.346479957094,28206598.05972779,103518214.879201
2000-01-26,24451.692984506535,65144.1694670791,65530.53719847752,22800459.313477684,83677685.68046309
2000-01-27,23709.01104295982,57699.390350260546,63540.14959513232,20194786.62259119,74114866.90490967
2000-01-28,23980.895654828928,63110.05039739678,64268.80035494153,22088517.639088873,81064859.73545617
2000-01-29,28368.654963570105,68234.17003299696,76027.99530236788,23881959.511548936,87646791.40738459
2000-01-30,26216.699292009238,74139.16160824771,70260.75410258476,25948706.562886696,95231753.08579418
2000-01-31,27650.620985911693,60395.14339684936,74103.66424224334,21138300.188897274,77577561.693253
2000-02-01,27288.24408821166,69848.4104283662,73132.49415640725,24446943.649928167,89720283.19523637
2000-02-02,26216.06932138609,69179.78870299987,70259.06578131473,24212926.04604995,88861438.58900331
2000-02-03,25436.032458628873,69602.37481628632,68168.56698912538,24360831.18570021,89404250.45151977
2000-02-04,26675.94608945622,66987.96355034727,71491.53551974268,23445787.24262154,86046039.18042105
2000-02-05,20416.903983592627,70268.66522980672,54717.302676028245,24594032.83043235,90260100.48768672
2000-02-06,25121.01068248587,68026.78432373637,67324.30862906214,23809374.513307728,87380404.46383937
2000-02-07,29545.444316236964,69362.09874358859,79181.79076751506,24276734.560256008,89095615.83613954
2000-02-08,24440.622024205906,70129.54020049547,65500.86702487183,24545339.070173413,90081394.38753642
2000-02-09,28004.58290614025,65537.27228397137,75052.28218845588,22938045.299389977,84182626.2487612
2000-02-10,27722.843182050266,61405.95952514159,74297.21972789471,21492085.833799556,78875955.01004437
2000-02-11,23484.427683543538,71928.04705941824,62938.266191896684,25174816.470796384,92391576.44782272
2000-02-12,28548.561843721105,65014.09843706786,76510.14574117257,22754934.452973753,83510609.44241367
2000-02-13,27649.255992749233,64324.66805180631,74100.00606056795,22513633.818132207,82625036.11254519
2000-02-14,25946.205713024672,67374.13846256022,69535.83131090613,23580948.461896077,86542080.8551586
2000-02-15,27045.934319718108,64609.25769610823,72483.10397684453,22613240.193637878,82990591.510651
2000-02-16,28066.203176758845,74182.68544044941,75217.4245137137,25963939.90415729,95287659.44825725
2000-02-17,31008.550113327485,66307.05441220233,83102.91430371767,23207469.044270813,85171411.39247388
2000-02-18,29521.772199590738,71507.70595657056,79118.34949490319,25027697.084799692,91851648.30121487
2000-02-19,29563.438518205116,76184.81307126774,79230.0152287897,26664684.574943706,97859392.39004341
2000-02-20,27707.418913007514,70724.76005825077,74255.88268686015,24753666.02038777,90845954.29482311
2000-02-21,26977.442618531117,63141.58921153704,72299.5462176634,22099556.22403796,81105371.34221931
2000-02-22,27865.295330408797,74693.80671260373,74678.99148549559,26142832.349411305,95944194.72233948
2000-02-23,30616.59073646549,78380.3565550137,82052.46317372752,27433124.794254795,100679567.9949151
2000-02-24,25756.359153412363,62220.08795142233,69027.04253114514,21777030.782997813,79921702.97360197
2000-02-25,29922.96129207772,71964.63226122974,80193.5362627683,25187621.291430406,92438570.13954958
2000-02-26,29411.968394460015,70815.60868127791,78824.07529715284,24785463.03844727,90962649.35110147
2000-02-27,26106.37146702531,69703.65129787328,69965.07553162784,24396277.954255644,89534340.09211822
2000-02-28,30283.989689647216,62653.94648943698,81161.09236825454,21928881.271302942,80478994.2656818
2000-02-29,27976.80822745268,72085.41205610224,74977.84604957319,25229894.219635785,92593711.78606333
2000-03-01,30170.74731799031,65750.20683737459,80857.60281221404,23012572.393081103,84456140.68260765
2000-03-02,29599.934409221372,73009.67608131494,79327.82421671328,25553386.628460232,93780928.92644905
2000-03-03,27235.486322185643,65174.85850797766,72991.10334345752,22811200.477792177,83717105.75349729
2000-03-04,31717.911077710443,65263.742223531,85004.00168826399,22842309.77823585,83831276.88612556
2000-03-05,31485.569272821096,62502.30051807395,84381.32565116054,21875805.18132588,80284205.01546597
2000-03-06,30284.119184542957,62156.96341959619,81161.43941457513,21754937.196858667,79840619.5124713
2000-03-07,29056.942641589583,74826.65632048441,77872.60627946009,26189329.712169543,96114840.04366222
2000-03-08,32370.09418933741,64489.70199054206,86751.85242742427,22571395.69668972,82837022.20685127
2000-03-09,32918.90071721783,69321.50653371721,88222.6539221438,24262527.286801025,89043475.14255977
2000-03-10,32427.62572313803,56579.16582650106,86906.03693800993,19802708.03927537,72675938.50414062
2000-03-11,28271.427268897827,63090.09998383012,75767.42508064618,22081534.994340543,81039233.4292298
2000-03-12,28456.62992706536,59484.41245420014,76263.76820453517,20819544.358970046,76407727.79742007
2000-03-13,27709.862952111715,54768.74446994992,74262.43271165939,19169060.56448247,70350452.27165066
2000-03-14,25939.848956779424,70544.60445325912,69518.79520416885,24690611.558640692,90614544.42021134
2000-03-15,28203.568958536107,51098.92695938362,75585.56480887678,17884624.435784265,65636571.679328255
2000-03-16,29221.0741012412,59540.82545160891,78312.47859132642,20839288.908063114,76480190.29259163
2000-03-17,28409.55503352524,62906.30751669088,76137.60748984765,22017207.630841807,80803152.00518943
2000-03-18,30713.94477547988,52316.80082677796,82313.37199828608,18310880.289372284,67200930.66199628
2000-03-19,31336.930055979476,57889.64636254585,83982.972550025,20261376.226891045,74359250.75269014
2000-03-20,30987.42952179423,62420.2071522031,83046.31111840854,21847072.503271084,80178756.08700489
2000-03-21,32203.99463244689,51656.3108357354,86306.70561495767,18079708.79250739,66352531.26850212
2000-03-22,31536.37261369894,58796.22790197736,84517.47860471316,20578679.765692074,75523754.74008991
2000-03-23,30252.500805007916,65732.79342953645,81076.70215742123,23006477.700337756,84433773.16023956
2000-03-24,25530.09646997496,59930.95524938976,68420.6585395329,20975834.337286416,76981312.01784115
2000-03-25,30541.294264067914,42605.531268826424,81850.66862770202,14911935.944089247,54726804.914807536
2000-03-26,30433.489858347963,55473.24535302333,81561.75282037254,19415635.873558167,71255383.65595847
2000-03-27,32534.720145941043,52454.90530038662,87193.049991122,18359216.855135318,67378325.85834661
2000-03-28,29606.88502415098,43906.26929850326,79346.45186472463,15367194.254476141,56397602.913927436
2000-03-29,31543.72524321889,53476.35568264144,84537.18365182664,18716724.488924503,68690378.87435293
2000-03-30,28902.722971765626,62369.51897187726,77459.29756433188,21829331.64015704,80113647.11937633
2000-03-31,31547.177229955218,43908.34397670565,84546.43497627998,15367920.391846975,56400267.8380784
2000-04-01,28068.786548252916,50484.28385308309,75224.34794931782,17669499.34857908,64847062.60928522
2000-04-02,28053.803270047112,47656.31430826127,75184.19276372627,16679710.007891444,61214535.7289616
2000-04-03,31423.353431886113,44510.81460387609,84214.58719745479,15578785.11135663,57174141.35867883
2000-04-04,28809.468362402913,42814.08135349444,77209.3752112398,14984928.473723052,54994687.4985636
2000-04-05,29663.337617986686,44497.22051068106,79497.74481620433,15574027.178738369,57156679.74596981
2000-04-06,27494.603115520047,49517.34878915868,73685.53634959373,17331072.076205537,63605034.519674316
2000-04-07,27959.647912532128,45865.673641708934,74931.8564055861,16052985.774598125,58914457.79277512
2000-04-08,30027.42818675362,44437.08791140776,80473.5075404997,15552980.768992715,57079439.422203265
2000-04-09,26571.675967289288,50442.2282763917,71212.0915923353,17654779.896737095,64793042.22102514
2000-04-10,31408.89936420923,48902.05224369261,84175.85029608074,17115718.285292413,62814686.10702316
2000-04-11,29783.831554914508,47601.250729131076,79820.66856717088,16660437.755195875,61143806.561568856
2000-04-12,31811.125945976568,37854.236443955284,85253.81753521721,13248982.75538435,48623766.71226057
2000-04-13,27510.258775131933,43061.98230289217,73727.49351735359,15071693.806012258,55313116.26806498
2000-04-14,33771.138467253004,43223.49900708072,90506.65109223805,15128224.65247825,55520584.474595174
2000-04-15,28227.253952331957,41818.43302735497,75649.04059224966,14636451.559574239,53715777.223637454
2000-04-16,32056.41568002815,40144.35646136045,85911.19402247545,14050524.761476155,51565425.87461749
2000-04-17,29100.365467410254,40418.40791300275,77988.97945265949,14146442.769550962,51917444.96425203
2000-04-18,30173.29885445886,35491.56256254841,80864.44092994975,12422046.896891942,45588912.111593425
2000-04-19,25967.996406784125,34440.90768995655,69594.23037018145,12054317.69148479,44239345.92774918
2000-04-20,29300.82558536526,31202.79137083293,78526.2125687789,10920976.979791524,40079985.51583489
2000-04-21,31083.56451100514,37230.03950904448,83303.95288949378,13030513.828165568,47821985.74936763
2000-04-22,29656.499627068726,34669.04658534728,79479.41900054419,12134166.304871548,44532390.33887858
2000-04-23,32874.56121338209,37751.13044690763,88103.82405186401,13212895.656417668,48491327.05905284
2000-04-24,32633.225691281805,37380.15763647508,87457.04485263524,13083055.172766278,48014812.48405224
2000-04-25,31149.73126551335,29520.203210304757,83481.27979157578,10332071.123606663,37918701.02363645
2000-04-26,28724.287755968795,37733.400456462485,76981.09118599638,13206690.15976187,48468552.88632606
2000-04-27,28311.7228086888,40771.290610351345,75875.41712728598,14269951.71362297,52370722.7889963
2000-04-28,33181.11237707854,35642.775639632804,88925.3811705705,12474971.47387148,45783145.30910833
2000-04-29,25725.173276435442,30702.866086333743,68943.46438084698,10746003.130216809,39437831.48789569
2000-04-30,23873.786130593362,34328.21955710983,63981.74682999022,12014876.844988437,44094598.02110756
2000-05-01,27316.949931740357,32189.402034875933,73209.42581706416,11266290.712206576,41347286.91379813
2000-05-02,29607.47065611342,27277.93485073141,79348.02135838396,9547277.197755992,35038507.315764494
2000-05-03,29844.956761950507,31012.1842756805,79984.48412202737,10854264.496488174,39835150.7021116
2000-05-04,31605.38835314748,28429.58130052785,84702.44078643525,9950353.455184748,36517797.18052802
2000-05-05,29195.46466529168,21250.814891252623,78243.84530298172,7437785.2119384175,27296671.727813993
2000-05-06,27494.714424068545,27684.013478723715,73685.8346565037,9689404.7175533,35560115.313420616
2000-05-07,25542.167581810507,19055.92921906984,68453.00911925216,6669575.226674443,24477341.081895206
2000-05-08,28614.985574926886,28394.327066532318,76688.16134080406,9938014.47328631,36472513.11696076
2000-05-09,30470.510975092042,27229.85379575341,81660.96941324668,9530448.828513693,34976747.20064525
2000-05-10,27760.26435901018,35847.0696132635,74397.50848214728,12546474.364642223,46045560.918236956
2000-05-11,27222.93201886967,33926.27223526409,72957.45781057072,11874195.282342432,43578296.68619672
2000-05-12,28356.903787021016,27127.62339951302,75996.50214921632,9494668.189829556,34845432.25667447
2000-05-13,26998.668858007753,25728.10196106659,72356.43253946079,9004835.686373305,33047746.968990028
2000-05-14,28978.255195456404,37506.42848645195,77661.72392382317,13127249.970258184,48177007.390847534
2000-05-15,26477.2321678298,27404.29839312277,70958.98220978386,9591504.43759297,35200821.2859662
2000-05-16,27039.776279223795,28461.155597419984,72466.60042831977,9961404.459096994,36558354.36488597
2000-05-17,26652.794203955138,24140.203706291326,71429.48846659978,8449071.297201963,31008091.660731204
2000-05-18,26077.09502648499,31462.7692283489,69886.61467097978,11011969.229922114,40413927.07381415
2000-05-19,26938.507031780427,38888.3041354264,72195.19884517154,13610906.44739924,49952026.66195521
2000-05-20,27479.309247226964,24624.306959170746,73644.54878256826,8618507.435709761,31629922.289054822
2000-05-21,28450.812989702405,23708.54903340119,76248.17881240245,8297992.161690415,30453631.23340382
2000-05-22,25646.86630341565,35995.180978427925,68733.60169315395,12598313.342449773,46235809.96679067
2000-05-23,22754.824219469825,28276.368167225024,60982.928908179136,9896728.858528757,36320994.91080054
2000-05-24,24511.050252234923,28319.661545636973,65689.6146759896,9911881.54097294,36376605.25537069
2000-05-25,23680.052864646605,27363.061916360122,63462.541677252906,9577071.670726042,35147853.03156457
2000-05-26,24666.722434356372,30178.676479692764,66106.81612407508,10562536.767892467,38764509.93816535
2000-05-27,25940.522228087277,32723.302385219373,69520.59957127391,11453155.83482678,42033081.913814284
2000-05-28,20649.29144900999,29910.101369360316,55340.10108334677,10468535.47927611,38419525.20894332
2000-05-29,22439.68261599541,40182.380775779005,60138.349410867704,14063833.271522652,51614268.10648813
2000-05-30,24965.357749233986,33311.71433922092,66907.15876794708,11659100.018727321,42788897.06872927
2000-05-31,24921.000203059357,41379.41547807866,66788.28054419908,14482795.41732753,53151859.18159204
2000-06-01,27479.68962362672,31967.78749848013,73645.56819131962,11188725.624468045,41062623.04179773
2000-06-02,24563.812833812393,29291.848860482063,65831.01839461722,10252147.101168722,37625379.86128921
2000-06-03,24959.103122579756,40581.70023441343,66890.39636851376,14203595.0820447,52127193.951104045
2000-06-04,25768.03123142511,39783.0937491325,69058.32370021929,13924082.812196374,51101383.92076069
2000-06-05,25774.365697374033,42029.9261628295,69075.30006896242,14710474.156990323,53987440.15615448
2000-06-06,21970.37247771649,29389.796501864483,58880.5982402802,10286428.775652569,37751193.60664493
2000-06-07,22074.938218349504,39107.98081230939,59160.834425176676,13687793.284308286,50234201.353411414
2000-06-08,22114.641097417345,31604.477979524214,59267.23814107849,11061567.292833474,40595951.96469884
2000-06-09,27171.60142755407,35268.191972049266,72819.89182584491,12343867.190217242,45301992.588097274
2000-06-10,24881.189908947683,37621.79800338512,66681.5889559798,13167629.30118479,48325199.53534818
2000-06-11,20861.993851929365,43877.49434031887,55910.1435231707,15357123.019111605,56360641.48013959
2000-06-12,20092.270955910193,35667.57346926122,53847.28616183932,12483650.714241425,45814998.12126603
2000-06-13,23467.377232362323,53475.167114901735,62892.57098273103,18716308.490215607,68688852.15909128
2000-06-14,20213.231436282545,39426.18382732243,54171.46024923723,13799164.33956285,50642933.12619566
2000-06-15,19720.340336078156,41056.73420677383,52850.51210068946,14369856.972370839,52737375.08860098
2000-06-16,20763.93733950169,42288.96132126032,55647.35206986453,14801136.462441111,54320170.81715888
2000-06-17,21214.727711357817,46998.67911493432,56855.470266438955,16449537.69022701,60369803.323133126
2000-06-18,24735.690765467964,49843.554614456974,66291.65125145414,17445244.11505994,64024045.902269974
2000-06-19,21023.218994154075,44952.830047362724,56342.22690433292,15733490.516576951,57741910.19583741
2000-06-20,22735.657705377176,39778.42181325634,60931.56265041084,13922447.634639718,51095382.81912776
2000-06-21,21784.367041242862,42037.11584825837,58382.10367053087,14712990.546890428,53996675.30708787
2000-06-22,20350.620106402846,51260.50584673216,54539.66188515963,17941177.046356253,65844119.76012745
2000-06-23,18457.420744579005,41208.488623493075,49465.88759547174,14422971.018222576,52932303.63687685
2000-06-24,18385.74697243098,46205.22458114466,49273.801886115034,16171828.60340063,59350610.974480316
2000-06-25,17969.102559158546,50193.2082784735,48157.194858544906,17567622.897465724,64473176.03369921
2000-06-26,22604.220484380032,46934.730450641044,60579.31089813849,16427155.657724364,60287661.26384842
2000-06-27,20344.63340874925,48260.89732651765,54523.61753544799,16891314.064281177,61991122.615911916
2000-06-28,19144.40152391995,50452.868376968865,51306.99608410547,17658503.931939103,64806709.430216506
2000-06-29,16526.622416215505,44134.56734234276,44291.34807545756,15447098.569819964,56690851.75123927
2000-06-30,16841.465904227647,52858.370889344806,45135.1286233301,18500429.81127068,67896577.4073634
2000-07-01,20707.859545513576,52254.86742296631,55497.063581976385,18289203.598038208,67121377.20480022
2000-07-02,19702.676679083794,61759.42576677114,52803.17349994457,21615799.0183699,79329982.39741753
2000-07-03,23042.57161638202,52801.815140241844,61754.09193190382,18480635.299084645,67823931.54764065
2000-07-04,21348.760560863833,58346.83035811482,57214.67830311508,20421390.625340186,74946503.59499848
2000-07-05,19384.58899661315,65885.76755826104,51950.69851092325,23060018.64539136,84630268.42858629
2000-07-06,18875.13715488239,59960.8125840664,50585.36757508481,20986284.404423237,77019663.76423328
2000-07-07,16037.941393513305,61024.996365824794,42981.68293461566,21358748.728038676,78386607.83190194
2000-07-08,19990.412649235546,53373.53300362418,53574.305899951265,18680736.551268462,68558303.14315526
2000-07-09,17360.4596322969,55978.22428482659,46526.031814555696,19592378.499689307,71904029.09385976
2000-07-10,17251.3272166924,47666.135579451715,46233.55694073563,16683147.4528081,61227151.15180573
2000-07-11,14901.322126740752,51803.96313906114,39935.543299665216,18131387.098671395,66542190.65212402
2000-07-12,18821.24674492188,57490.99622396927,50440.94127639064,20121848.67838924,73847184.64968851
2000-07-13,17974.43529444952,62562.77288897554,48171.48658912471,21896970.511141438,80361881.77588907
2000-07-14,17678.686621548462,56726.43519631153,47378.880145749885,19854252.318709034,72865106.00966215
2000-07-15,16905.096736850966,65870.5957630289,45305.65925476059,23054708.517060116,84610780.25761062
2000-07-16,17527.88911384878,69577.99154142891,46974.742825114736,24352297.039500117,89372930.13496543
2000-07-17,16039.402650456606,63450.08083121013,42985.59910322371,22207528.290923543,81501628.82768941
2000-07-18,17508.51565236483,60422.70624797909,46922.82194833775,21147947.18679268,77612966.17552914
2000-07-19,17611.795355310634,66292.07423702852,47199.611552232505,23202225.98295998,85152169.35746312
2000-07-20,15890.762298251535,70894.23931610168,42587.24295931411,24812983.76063559,91063650.4015326
2000-07-21,15881.48536247537,77319.43659215092,42562.38077143399,27061802.807252817,99316816.30261783
2000-07-22,16164.645315360174,63510.23129664725,43321.24944516527,22228580.953826535,81578892.10054338
2000-07-23,20494.706765796527,57344.481066532695,54925.81413233469,20070568.37328644,73658985.92996123
2000-07-24,18966.661430586893,71320.16880280456,50830.65263397288,24962059.080981594,91610756.82720244
2000-07-25,14215.339683478569,72032.36762712234,38097.110351722564,25211328.66949282,92525576.21703865
2000-07-26,19397.511079093456,62884.67041775363,51985.329691970466,22009634.64621377,80775359.15160453
2000-07-27,15945.276631481416,64474.13625037222,42733.341372370196,22565947.687630273,82817028.0136031
2000-07-28,15439.224768791635,65432.150116830235,41377.12238036159,22901252.540890582,84047596.82506843
2000-07-29,11466.739250254732,63081.830547798905,30730.861190682685,22078640.691729613,81028611.33864768
2000-07-30,15717.571716605315,69762.53276413874,42123.092200502244,24416886.46744856,89609973.33553621
2000-07-31,17084.12738242927,63058.88557359479,45785.46138491044,22070609.950758174,80999138.51928249
2000-08-01,15548.423461102473,78633.0035461216,41669.77487575463,27521551.241142556,101004093.05499318
2000-08-02,15906.47203048182,66128.81702835485,42629.34504169128,23145085.9599242,84942465.4729218
2000-08-03,15809.00961990895,72590.38701104453,42368.14578135599,25406635.453865584,93242352.11568668
2000-08-04,15668.175778584662,68378.77176533388,41990.7110866069,23932570.117866855,87832532.33257136
2000-08-05,14577.89636912211,67347.18870909503,39068.76226924726,23571516.04818326,86507463.89683256
2000-08-06,17494.41538886691,75640.68538431675,46885.03324216332,26474239.88451086,97160460.37615485
2000-08-07,14290.137862445952,62636.17198393446,38297.56947135516,21922660.19437706,80456162.91336381
2000-08-08,13712.950485282727,69639.62396412269,36750.70730055771,24373868.38744294,89452096.98191558
2000-08-09,15850.835434647714,76010.59124113302,42480.238964855875,26603706.934396554,97635604.44923535
2000-08-10,14630.023964741418,75815.21978471035,39208.46422550701,26535326.92464862,97384649.81346044
2000-08-11,16494.93078209629,76646.54863445097,44206.41449601806,26826292.02205784,98452491.72095227
2000-08-12,14880.443891995583,77451.34660561495,39879.589630548166,27107971.31196523,99486254.7149124
2000-08-13,14195.402334531329,73127.88601461574,38043.678256543964,25594760.10511551,93932769.58577392
2000-08-14,8302.108458010502,72654.63327729325,22249.650667468144,25429121.647052635,93324876.44468316
2000-08-15,17659.802154070505,70490.02623429196,47328.269772908956,24671509.182002183,90544438.69794801
2000-08-16,16020.556947503886,67703.7602168002,42935.09261931042,23696316.07588007,86965479.99847986
2000-08-17,10450.990329537215,70971.09652228063,28008.654083159738,24839883.78279822,91162373.48286946
2000-08-18,15434.487098884878,72626.171104881,41364.425425011475,25419159.886708345,93288316.78421962
2000-08-19,10623.04274671351,65935.95321519859,28469.75456119221,23077583.625319507,84694731.90492259
2000-08-20,12372.359278598944,65921.05128727929,33157.922866645175,23072367.95054775,84675590.37851025
2000-08-21,13908.042218704013,73635.04248659128,37273.55314612676,25772264.870306946,94584212.0740265
2000-08-22,13018.509066198232,62090.32981907127,34889.604297411264,21731615.43667494,79755028.65259704
2000-08-23,13397.218236600589,70590.05200644072,35904.54487408958,24706518.202254247,90672921.80227308
2000-08-24,11198.360585987974,66764.75242759872,30011.60637044777,23367663.34965955,85759324.49325055
2000-08-25,11021.786270322269,75344.8931164965,29538.387204463685,26370712.590773776,96780515.20813976
2000-08-26,9438.856304620154,76503.30159738634,25296.134896382016,26776155.559085213,98268490.90184273
2000-08-27,11825.934821029052,62850.48364679481,31693.50532035786,21997669.27637818,80731446.24430792
2000-08-28,10830.60569761294,64610.71386197528,29026.023269602683,22613749.851691347,82992461.95570724
2000-08-29,12258.53524139751,63287.16207249143,32852.87444694533,22150506.725371998,81292359.68211523
2000-08-30,9578.520818600877,65557.75542742683,25670.435793850353,22945214.39959939,84208936.84652975
2000-08-31,9772.032695410411,65620.68078543703,26189.047623699902,22967238.27490296,84289764.46889386
2000-09-01,11019.947554797065,70407.10031981258,29533.459446856137,24642485.1119344,90437920.36079925
2000-09-02,11778.992846262425,62209.00290245758,31567.7008279833,21773151.01586015,79907464.22820675
2000-09-03,9587.16070032737,71023.7454431039,25693.590676877353,24858310.90508636,91230001.02166694
2000-09-04,15246.733823284905,68530.27901555409,40861.246646403546,23985597.65544393,88027143.39547922
2000-09-05,10654.884439013049,64771.04719036105,28555.090296554972,22669866.516626365,83198410.11601876
2000-09-06,11401.734119188808,61005.221551465096,30556.647439426008,21351827.543012783,78361207.08285691
2000-09-07,12581.077682103303,64222.093416139876,33717.28818803685,22477732.695648957,82493278.99303167
2000-09-08,10063.934906036211,68783.5722109313,26971.345548177047,24074250.273825955,88352498.50494125
2000-09-09,9125.987708106846,61459.71231684707,24457.64705772635,21510899.310896475,78945000.47099006
2000-09-10,13489.630610002052,64934.111720134344,36152.2100348055,22726939.10204702,83407866.50451256
2000-09-11,9469.245186289088,53959.7435967715,25377.57709925476,18885910.258870024,69311290.650053
2000-09-12,8195.04688274846,51755.79996906161,21962.725645765873,18114529.989171565,66480325.06025964
2000-09-13,9316.03796217497,63144.38690683586,24966.98173862892,22100535.417392552,81108964.98183066
2000-09-14,14744.183390653732,59166.67886311649,39514.411486952005,20708337.60209077,75999598.99967311
2000-09-15,10157.507435055633,54389.56481708235,27222.1199259491,19036347.68597882,69863396.00754227
2000-09-16,6940.420118067865,49446.310636648115,18600.32591642188,17306208.722826842,63513786.01277451
2000-09-17,9282.714937545239,56698.56687350966,24877.676032621242,19844498.40572838,72829309.14902316
2000-09-18,14003.5273197521,57760.93984492203,37529.45321693563,20216328.94572271,74193927.23080234
2000-09-19,10711.81521738055,54427.96198092708,28707.664782579875,19049786.693324476,69912717.16450083
2000-09-20,8892.344693827876,60215.54502414337,23831.483779458707,21075440.75845018,77346867.58351216
2000-09-21,11632.337958941736,58822.42491247167,31174.665729963854,20587848.719365086,75557404.80006987
2000-09-22,10601.461498984323,46185.50807293017,28411.916817277986,16164927.82552556,59325285.1196788
2000-09-23,8297.566715487337,52046.73097263748,22237.478797506064,18216355.84042312,66854025.934352845
2000-09-24,11086.90896500941,57310.165898623316,29712.916026225223,20058558.06451816,73614908.09678166
2000-09-25,7877.631907652562,48941.89623479259,21112.053512508868,17129663.682177406,62865865.71359108
2000-09-26,10597.240760591088,51681.83195427004,28400.60523838412,18088641.183994513,66385313.145259865
2000-09-27,10613.32063053806,45256.35193447061,28443.699289842003,15839723.177064711,58131784.05982749
2000-09-28,11187.3129586873,54178.15863805957,29981.998729281968,18962355.52332085,69591844.77058752
2000-09-29,9003.202232603242,50533.15433878376,24128.58198337669,17686604.018574312,64909836.74816772
2000-09-30,11162.816936728605,42247.535342038784,29916.34939043266,14786637.369713573,54266959.14684881
2000-10-01,8963.585256183931,49765.75115231244,24022.40848657294,17418012.903309353,63924107.35514532
2000-10-02,9594.68089831911,39028.397291121284,25713.744807495215,13659939.051892448,50131976.320445284
2000-10-03,8797.798917782951,45188.23003448479,23578.10109965831,15815880.512069674,58044281.4792957
2000-10-04,9742.115622096091,50693.57743180764,26108.869867217527,17742752.101132672,65115900.211156905
2000-10-05,12289.037271718718,47012.746416185895,32934.619888206165,16454461.245665062,60387872.77159078
2000-10-06,9007.585578633969,42424.26097167094,24140.329350739037,14848491.340084828,54493963.21811132
2000-10-07,8103.741964512962,37340.05964418433,21718.028464894738,13069020.875464514,47963306.612954766
2000-10-08,6753.619635178899,44985.61807827225,18099.70062227945,15744966.327395288,57784026.42154071
2000-10-09,8041.961500638817,35266.99687049362,21552.45682171203,12343448.904672766,45300457.48014905
2000-10-10,9178.33754958493,41794.94420345285,24597.944632887615,14628230.471208496,53685605.82933518
2000-10-11,12575.919294288746,41163.7598708588,33703.46370869384,14407315.954800578,52874849.55411812
2000-10-12,10254.876820135063,37635.06436949328,27483.06987796197,13172272.529322648,48342240.18261412
2000-10-13,11595.362528588697,38310.64797096092,31075.57157661771,13408726.789836323,49210027.31869931
2000-10-14,5124.612302224522,34025.712926083856,13733.96096996172,11908999.524129348,43706028.25355471
2000-10-15,10739.798942011685,33745.960645252606,28782.661164591318,11811086.225838412,43346686.44882697
2000-10-16,9310.781100075834,41344.6474962504,24952.893348203237,14470626.623687638,53107199.70893363
2000-10-17,7340.271569969957,31784.93621626622,19671.92780751949,11124727.675693177,40827750.569793954
2000-10-18,8162.000097001205,34343.59336359206,21874.16025996323,12020257.67725722,44114345.675533995
2000-10-19,9058.244104795443,35266.84059471196,24276.09420085179,12343394.208149185,45300256.74390751
2000-10-20,13243.991893360633,29725.321946219778,35493.8982742065,10403862.681176921,38182176.0399193
2000-10-21,8337.619710988465,39076.03887573453,22344.82082544909,13676613.606507085,50193171.935881004
2000-10-22,8719.869552728665,32058.210162229734,23369.250401312824,11220373.556780407,41178770.953384094
2000-10-23,12358.401775072363,27868.717115324624,33120.51675719394,9754050.990363618,35797367.13463448
2000-10-24,12546.508862668079,36795.90132688362,33624.643751950454,12878565.464409268,47264335.254382014
2000-10-25,11607.187571957968,29779.109616096623,31107.262692847355,10422688.365633817,38251266.301876105
2000-10-26,9456.609396850601,42861.44828224846,25343.713183559612,15001506.89878696,55055530.31854814
2000-10-27,14443.460870790304,29548.898770639225,38708.47513371802,10342114.569723729,37955560.47088608
2000-10-28,11594.512165452643,33432.885765148254,31073.292603413083,11701510.017801888,42944541.76533293
2000-10-29,11110.803930404212,37974.12531553893,29776.95453348329,13290943.860438624,48777763.96780975
2000-10-30,10928.136302643572,31396.257548949376,29287.405291084775,10988690.14213228,40328492.82162547
2000-10-31,12995.719596962184,28490.881975903496,34828.52851985866,9971808.691566223,36596537.898048036
2000-11-01,10533.103541278693,34243.83081211457,28228.7174906269,11985340.784240097,43986200.67816115
2000-11-02,10666.921608620989,37067.19094015454,28587.34991110425,12973516.82905409,47612806.7626285
2000-11-03,15329.520065707078,36793.38363875457,41083.11377609497,12877684.273564098,47261101.28398024
2000-11-04,9225.099219148426,26293.00975316316,24723.265907317782,9202553.413607106,33773371.027938075
2000-11-05,11201.071832173562,30997.132542753687,30018.87251022515,10848996.389963789,39815816.7511671
2000-11-06,13373.371602526408,26104.585940242727,35840.63589477078,9136605.079084953,33531340.64024178
2000-11-07,15284.96374519543,32447.83217199122,40963.702837123754,11356741.260196926,41679240.42492272
2000-11-08,10020.924298201468,31065.91908478191,26856.077119179936,10873071.679673668,39904173.064402364
2000-11-09,7983.877057155239,31537.76297714032,21396.79051317604,11038217.041999111,40510256.54413673
2000-11-10,13060.349144784883,28170.866372708115,35001.73570802349,9859803.23044784,36185477.85574357
2000-11-11,10690.88103593951,24034.7675968324,28651.56117631789,8412168.658891339,30872658.978131212
2000-11-12,13907.12996979177,24591.28765859156,37271.108319041945,8606950.680507045,31587508.997460857
2000-11-13,12924.487883534865,29978.20904398054,34637.62752787344,10492373.165393189,38507009.516993
2000-11-14,10396.697922629997,34250.491977470505,27863.150432648396,11987672.192114675,43994756.94506086
2000-11-15,13261.849949903435,26799.61268789041,35541.75786574121,9379864.440761643,34424102.49759523
2000-11-16,13746.678064971526,25934.121426785605,36841.09721412369,9076942.49937496,33312378.9727061
2000-11-17,13542.270517643525,25920.611449015116,36293.28498728465,9072214.00715529,33295025.406259913
2000-11-18,12266.818856999165,28436.803579956828,32875.07453675776,9952881.252984889,36527074.198454544
2000-11-19,13255.19889741985,12791.281102275694,35523.9330450852,4476948.385796493,16430400.57587313
2000-11-20,12558.010135461007,32067.812157131983,33655.4671630355,11223734.254996194,41191104.71583603
2000-11-21,14011.481904686118,32397.03197453428,37550.7715045588,11338961.191086996,41613987.57128928
2000-11-22,14245.223321462247,20166.68906585833,38177.198501518826,7058341.173050416,25904112.105095025
2000-11-23,11848.973102608437,25738.709559702464,31755.247914990614,9008548.345895862,33061372.429437812
2000-11-24,17398.542417531524,33896.485013338235,46628.093678984485,11863769.754668383,43540034.99963296
2000-11-25,12383.476291145336,25412.281078928292,33187.716460269505,8894298.377624901,32642075.045883387
2000-11-26,14554.115672011112,28660.186751160727,39005.030000989784,10031065.362906253,36814009.88186595
2000-11-27,16671.732551499947,28118.33241124594,44680.24323801986,9841416.343936078,36117997.98224541
2000-11-28,13931.317779581183,31493.533757218447,37335.93164927757,11022736.815026456,40453444.1111471
2000-11-29,15181.084721659883,33501.81791085905,40685.30705404849,11725636.268800667,43033085.10649844
2000-11-30,11856.207875514885,26378.707599839654,31774.637106379894,9232547.659943879,33883449.91199403
2000-12-01,15099.51047303595,42397.98283807923,40466.68806773635,14839293.99332773,54460208.95551277
2000-12-02,14342.09856020107,26190.470362392567,38436.82414133887,9166664.626837397,33641659.18049324
2000-12-03,16609.030357942225,28850.476884070697,44512.201359285165,10097666.909424745,37058437.55758881
2000-12-04,15858.52756826389,32497.20140719848,42500.85388294722,11374020.492519468,41742655.20754645
2000-12-05,13047.41279963597,31635.80394796344,34967.0663030244,11072531.381787203,40636190.17115904
2000-12-06,14925.797438687816,36653.070639042235,40001.13713568335,12828574.723664781,47080869.235849746
2000-12-07,15300.108044971481,37869.483514031046,41004.28956052357,13254319.229910865,48643351.57377288
2000-12-08,16895.797116680977,42546.8323148775,45280.73627270502,14891391.310207125,54651406.10846015
2000-12-09,13074.392608395687,28974.17157326763,35039.37219050044,10140960.05064367,37217323.38586227
2000-12-10,15206.824112023343,33287.58116420035,40754.28862022256,11650653.40747012,42757898.00541534
2000-12-11,17480.075228843634,39762.94825485191,46846.60161330094,13917031.889198167,51075507.03335727
2000-12-12,18500.49671224285,42524.65717115965,49581.331188810844,14883630.009905875,54622922.13635456
2000-12-13,15283.495411019501,37625.679876085924,40959.76770153226,13168987.956630072,48330185.80083236
2000-12-14,15262.5475754955,45322.305814920095,40903.627502327945,15862807.035222033,58216501.81926486
2000-12-15,17389.4233750249,46696.779593845014,46603.65464506674,16343872.857845755,59982013.38829392
2000-12-16,13552.981524387007,49762.41694773747,36321.99048535718,17416845.931708112,63919824.56936877
2000-12-17,21540.73040041557,43706.03032621388,57729.15747311373,15297110.614174854,56140395.954021715
2000-12-18,19999.943127154576,43888.37523212468,53599.847580774265,15360931.331243636,56374617.985664144
2000-12-19,19361.16264802141,39532.015020983185,51887.915896697385,13836205.257344114,50778873.2944529
2000-12-20,19079.728419997562,40503.82966280673,51133.67216559347,14176340.381982356,52027169.20187525
2000-12-21,18897.083959993037,40830.33908216027,50644.185012781345,14290618.678756094,52446570.55103486
2000-12-22,16674.543896485196,47817.371158344155,44687.77764258033,16736079.905420454,61421413.25289307
2000-12-23,14950.490623629894,56469.33443525938,40067.31487132812,19764267.052340783,72534860.08209068
2000-12-24,19622.4923489434,44047.88394713045,52588.27949516832,15416759.381495656,56579506.93008906
2000-12-25,20748.347919694672,56819.165150838155,55605.57242478173,19886707.80279335,72984217.6362516
2000-12-26,20067.336020391063,46730.406566934005,53780.46053464805,16355642.2984269,60025207.23522672
2000-12-27,18490.71924319986,48586.41183356666,49555.12757177563,17005244.141748328,62409246.000216365
2000-12-28,21726.387776918466,48732.26404971151,58226.71924214149,17056292.417399026,62596593.17185443
2000-12-29,20461.868464872612,52005.00105984114,54837.807485858604,18201750.3709444,66800423.861365944
2000-12-30,18442.766897741152,47728.50572747554,49426.61528594629,16704977.004616437,61307265.606942326
2000-12-31,21288.469484701625,50916.50759216463,57053.098219000356,17820777.65725762,65402254.00213546
2001-01-01,24675.74380112916,55817.04024762866,66130.99338702614,19535964.08667003,71696988.198079
2001-01-02,19361.318983380683,47819.34279168381,51888.334875460234,16736769.977089334,61423945.81591786
2001-01-03,21015.5365267313,64425.544624568676,56321.63789163988,22548940.618599035,82754612.07025845
2001-01-04,17517.298002917894,57937.9182616915,46946.35864781996,20278271.391592022,74421256.00714272
2001-01-05,22474.22743633205,64881.34411849468,60230.929529369896,22708470.441473138,83340086.5202064
2001-01-06,23462.517947270935,56097.62982500829,62879.54809868611,19634170.4387529,72057405.51022315
2001-01-07,22778.31555851439,58235.64524769622,61045.88569681857,20382475.836693674,74803686.32066578
2001-01-08,23135.191792245754,59388.00666651512,62002.31400321863,20785802.33328029,76283894.56313866
2001-01-09,20746.606072895753,54187.63826160379,55600.90427536062,18965673.391561326,69604021.34703006
2001-01-10,19463.517034784658,68453.6623940873,52162.225653222886,23958781.837930553,87928729.34520513
2001-01-11,20764.584022439718,63815.5481421588,55649.08518013845,22335441.849755578,81971071.58860298
2001-01-12,20193.795999404138,48547.86526954824,54119.373278403094,16991752.84434188,62359732.9387347
2001-01-13,22415.30983576048,58011.444916391476,60073.030359838085,20304005.720737014,74515700.99510483
2001-01-14,24870.254042014236,63448.22107604829,66652.28083259816,22206877.376616903,81499239.97218403
2001-01-15,22131.273969186055,62787.73959392122,59311.81423741863,21975708.857872427,80650851.5083918
2001-01-16,20603.758219670493,62014.03013608566,55218.072028716924,21704910.54762998,79657021.70980202
2001-01-17,22031.02613359233,62251.850155097534,59043.15003802745,21788147.554284137,79962501.52422278
2001-01-18,26355.240988352347,56870.30125627223,70632.0458487843,19904605.439695276,73049901.96368167
2001-01-19,24703.930548804186,64991.88009280259,66206.53387079522,22747158.032480907,83482069.97920492
2001-01-20,24841.224351564604,64436.48301132097,66574.48126219315,22552769.05396234,82768662.42804179
2001-01-21,24849.39855677654,70396.11209535136,66596.38813216114,24638639.23337297,90423805.9864788
2001-01-22,24220.696811456804,68281.40453029594,64911.46745470424,23898491.585603576,87707464.11916512
2001-01-23,22394.007834680182,59185.8289489422,60015.94099694289,20715040.13212977,76024197.28491625
2001-01-24,24709.25047067982,64053.80212441284,66220.79126142192,22418830.743544493,82277108.8288083
2001-01-25,23315.151953941026,63736.27255241788,62484.607236561955,22307695.393346258,81869242.09358077
2001-01-26,25412.787489767954,87109.68608561382,68106.27047257812,30488390.129964832,111892391.77697094
2001-01-27,23110.67129977134,57839.513031301525,61936.5990833872,20243829.560955532,74294854.4887068
2001-01-28,24658.58040482764,76804.27584358369,66084.99548493807,26881496.54525429,98655092.32108325
2001-01-29,30171.36746973703,63579.40766025691,80859.26481889524,22252792.68108992,81667749.13960001
2001-01-30,26235.921046809606,66028.75753234385,70312.26840544975,23110065.136320345,84813939.05029567
2001-01-31,25660.689261136486,74576.45924547524,68770.64721984579,26101760.735916335,95793461.90081295
2001-02-01,24263.547900628015,67051.23757689251,65026.30837368308,23467933.151912376,86127314.66751842
2001-02-02,24936.33525393078,70854.22898368756,66829.3784805345,24798980.14429064,91012257.12954666
2001-02-03,28352.758364146684,76084.81945004714,75985.39241591311,26629686.8075165,97730950.58358556
2001-02-04,22190.345618431318,71638.12984907086,59470.12625739594,25073345.4471748,92019177.79113151
2001-02-05,24453.148820341914,79527.90932977688,65534.43883851633,27834768.26542191,102153599.5340984
2001-02-06,27514.989610119177,65356.530667187275,73740.1721551194,22874785.733515546,83950463.64200205
2001-02-07,26845.970283391096,75923.04876391117,71947.20035948814,26573067.06736891,97523156.1372439
2001-02-08,28792.401594728384,73899.22630995345,77163.63627387208,25864729.208483707,94923556.1951352
2001-02-09,28063.431302766254,71468.04000798441,75209.99589141356,25013814.002794545,91800697.39025597
2001-02-10,26235.173684559642,70543.59278532046,70310.26547461984,24690257.47486216,90613244.93274412
2001-02-11,25961.400764442173,74988.79661958027,69576.55404870503,26246078.81685309,96323109.25785084
2001-02-12,25151.420193855654,70145.9011561053,67405.80611953315,24551065.404636856,90102410.03501727
2001-02-13,29239.647049620988,59902.734039166666,78362.25409298425,20965956.913708333,76945061.87330958
2001-02-14,26425.952185874103,70904.44747734099,70821.5518581426,24816556.61706935,91076762.78464451
2001-02-15,27391.958761859543,52302.45378408278,73410.44948178358,18305858.82442897,67182501.88565433
2001-02-16,28885.669255999328,69062.65767658147,77413.5936060782,24171930.186803512,88710983.7855689
2001-02-17,26056.879545615175,56255.0018550767,69832.43718224867,19689250.649276845,72259549.88284603
2001-02-18,26828.50767955458,76892.0504425853,71900.40058120628,26912217.654904854,98767838.79350081
2001-02-19,27862.65028408435,75847.92383115164,74671.90276134606,26546773.34090307,97426658.16111426
2001-02-20,28762.729452646276,59619.13119516643,77084.11493309202,20866695.91830825,76580774.02019128
2001-02-21,28191.830761141642,63889.03191746991,75554.1064398596,22361161.171114467,82065461.49799009
2001-02-22,27073.474509928077,72726.67569606155,72556.91168660726,25454336.493621543,93417414.93159106
2001-02-23,27339.239006512358,70602.99103858852,73269.16053745312,24711046.863505978,90689541.98906694
2001-02-24,30650.743149019145,66597.37939013899,82143.9916393713,23309082.786548644,85544333.82663353
2001-02-25,29054.402162822884,59742.75539223259,77865.79779636534,20909964.387281407,76739569.30132276
2001-02-26,27962.35144454325,71115.21504738992,74939.10187137591,24890325.26658647,91347493.72837235
2001-02-27,30016.781682022654,65250.26762504237,80444.97490782072,22837593.66876483,83813968.76436692
2001-02-28,26539.178345329692,62323.9562357632,71124.99796548358,21813384.68251712,80055121.78483783
2001-03-01,30063.824483421817,65823.46850697523,80571.04961557047,23038213.97744133,84550245.29720968
2001-03-02,27903.133292347688,69596.05885706739,74780.3972234918,24358620.599973585,89396137.60190305
2001-03-03,30609.27514621571,64795.30907682067,82032.85739185811,22678358.176887233,83229574.50917615
2001-03-04,30610.785759137172,56861.65808841821,82036.90583448762,19901580.33094637,73038799.81457318
2001-03-05,24070.580201188845,61139.53354946846,64509.154939186104,21398836.742313962,78533730.84429224
2001-03-06,25188.344598237105,61687.71653264463,67504.76352327544,21590700.78642562,79237871.88618203
2001-03-07,30531.041305255574,52250.31564255912,81823.19069808495,18287610.474895693,67115530.44286719
2001-03-08,32140.32529036196,59351.52783985713,86136.07177817007,20773034.743949994,76237037.51029648
2001-03-09,32260.344411239304,66162.15833576457,86457.72302212134,23156755.4175176,84985292.38228959
2001-03-10,28114.65567104463,62257.54747161513,75347.27719839962,21790141.615065295,79969819.72728963
2001-03-11,27214.043774002777,59588.52142271778,72933.63731432745,20855982.49795122,76541455.76748098
2001-03-12,28737.985391940398,59582.85676318103,77017.80085040026,20853999.86711336,76534179.51230602
2001-03-13,29751.42704887072,55600.64454752584,79733.82449097354,19460225.591634043,71419027.92129694
2001-03-14,30448.850987235997,68732.35632520751,81602.92064579247,24056324.71382263,88286711.69972906
2001-03-15,28455.915681420047,59735.25119312256,76261.85402620574,20907337.917592894,76729930.15756592
2001-03-16,27807.25744109294,54603.72838008354,74523.44994212908,19111304.933029238,70138489.1042173
2001-03-17,27444.55741019871,56422.69063096746,73551.41385933255,19747941.72083861,72474946.1154777
2001-03-18,27343.280587321435,56908.98850795268,73279.99197402145,19918145.977783438,73099595.73846522
2001-03-19,25831.930048277736,46818.908523711376,69229.57252938434,16386617.98329898,60138887.99870726
2001-03-20,33797.74806933303,49786.10192388692,90577.96482581252,17425135.67336042,63950247.92123274
2001-03-21,32513.846412308143,50106.14940712443,87137.10838498583,17537152.29249355,64361348.91345132
2001-03-22,29646.068333882347,53152.536586303344,79451.4631348047,18603387.80520617,68274433.24510664
2001-03-23,30045.37639148113,56906.87618869597,80521.60872916944,19917406.666043587,73096882.46437997
2001-03-24,27977.769133521542,53059.26263354011,74980.42127783774,18570741.921739038,68154622.85278226
2001-03-25,29291.058801909763,49574.10228079089,78500.03758911818,17350935.798276808,63677934.37967589
2001-03-26,28103.363106234858,53412.307156452865,75317.01312470943,18694307.5047585,68608108.54246369
2001-03-27,27566.67329202757,46720.5905793734,73878.6844226339,16352206.702780688,60012598.59920512
2001-03-28,31660.454473518716,59779.74282256236,84850.01798903017,20922909.987896826,76787079.65558136
2001-03-29,26778.430046176156,43206.65939446635,71766.1925237521,15122330.78806322,55498953.99219202
2001-03-30,30032.108996113977,38855.028432980645,80486.05210958546,13599259.951543223,49909284.02216363
2001-03-31,31404.691297983492,50222.69380094251,84164.57267859577,17577942.830329876,64511050.18731064
2001-04-01,32235.292506027832,55553.494733676685,86390.58391615459,19443723.15678684,71358463.98540771
2001-04-02,25660.748441416476,41859.8227957709,68770.80582299616,14650937.978519816,53768942.381167725
2001-04-03,29340.621140156265,32529.286104723877,78632.86465561879,11385250.136653356,41783868.00151782
2001-04-04,26309.928736946953,41442.750683378974,70510.60901501784,14504962.73918264,53233213.252800286
2001-04-05,31325.478851801246,45231.390871839394,83952.28332282735,15830986.805143788,58099721.5748777
2001-04-06,27838.01334759965,46525.8295321097,74605.87577156707,16284040.336238394,59762428.033994906
2001-04-07,30314.652577005414,46897.51477839158,81243.26890637452,16414130.172437053,60239857.73284399
2001-04-08,28920.748218660057,45840.03807427252,77507.60522600896,16044013.325995382,58881528.90640305
2001-04-09,34436.55797975726,45656.18684181353,92289.97538574945,15979665.394634733,58645371.99830947
2001-04-10,29301.15100540817,38411.75207961527,78527.0846944939,13444113.227865342,49339895.5462658
2001-04-11,30605.738573280993,33849.00583566341,82023.37937639306,11847152.042482192,43479047.995909646
2001-04-12,29138.037223501928,43373.56677964638,78089.93975898517,15180748.372876232,55713346.52845577
2001-04-13,25604.927136939586,41127.94321483516,68621.2047269981,14394780.125192305,52828843.05945576
2001-04-14,31312.455358781626,46170.009273396856,83917.38036153476,16159503.245688898,59305376.911678255
2001-04-15,30915.6498122665,32271.723548880276,82853.94149687422,11295103.242108095,41453028.89853671
2001-04-16,30693.37995415496,31481.590216746277,82258.25827713529,11018556.575861197,40438102.633410595
2001-04-17,29389.92099553399,44105.37693423572,78764.9882680311,15436881.926982502,56653356.67202578
2001-04-18,28414.181585231254,40275.53719239703,76150.00664841976,14096438.01733896,51733927.52363398
2001-04-19,30729.93181352046,30225.44117232632,82356.21726023483,10578904.410314212,38824579.18585315
2001-04-20,28550.07983995706,19606.852849342715,76514.21397108493,6862398.49726995,25185002.484980717
2001-04-21,30168.73834175147,31921.448578932315,80852.21875589393,11172507.00262631,41003100.69963855
2001-04-22,28698.245098556738,28927.252971387188,76911.29686413206,10124538.539985515,37157056.44174684
2001-04-23,26565.232573220987,35682.41379262356,71194.82329623225,12488844.827418247,45834060.516624965
2001-04-24,29566.834803213624,29699.76755176283,79239.11727261252,10394918.64311699,38149351.42023935
2001-04-25,31704.838548164145,33773.15647526436,84968.96730907992,11820604.766342526,43381619.492477074
2001-04-26,30969.329579267232,38501.92204660099,82997.80327243618,13475672.716310346,49455718.86885897
2001-04-27,27231.305545540683,33511.22174431624,72979.89886204904,11728927.610510683,43045164.33057421
2001-04-28,28721.05944232914,27063.41614189826,76972.4393054421,9472195.64966439,34762958.03426831
2001-04-29,32021.01368332178,26387.468524153017,85816.31667130238,9235613.983453555,33894703.319274545
2001-04-30,25338.361927740374,20359.90031924811,67906.80996634421,7125965.111736838,26152291.960074194
2001-05-01,30934.932372259023,29698.226424857425,82905.61875765419,10394379.248700099,38147371.84272936
2001-05-02,30768.360822673305,33747.12651137896,82459.20700476447,11811494.278982637,43348184.00386628
2001-05-03,24513.217259446676,27927.392125737602,65695.4222553171,9774587.244008161,35872735.18550995
2001-05-04,28402.90985585714,36328.81650682588,76119.79841369714,12715085.777389057,46664364.80301784
2001-05-05,29450.784009575913,32850.3040156318,78928.10114566344,11497606.40547113,42196215.508079045
2001-05-06,28599.268522688064,35575.66798398382,76646.03964080401,12451483.794394335,45696945.52542721
2001-05-07,27864.918905067687,21982.590097842476,74677.98266558141,7693906.534244866,28236636.98067866
2001-05-08,26062.892788479643,33691.770817101446,69848.55267312545,11792119.785985507,43277079.61456681
2001-05-09,24354.431756215403,36426.056998010456,65269.87710665728,12749119.949303659,46789270.21394443
2001-05-10,25257.96905982599,26107.119984701454,67691.35708033366,9137491.994645508,33534595.620349012
2001-05-11,26705.82299232246,31191.19685880794,71571.6056194242,10916918.90058278,40065092.3651388
2001-05-12,25887.91927158742,26504.816405715672,69379.62364785429,9276685.742000485,34045436.67314178
2001-05-13,29761.404727833095,34359.76182155751,79760.56467059269,12025916.63754513,44135114.059790626
2001-05-14,23483.12976796326,33023.258431338036,62934.78777814154,11558140.450968312,42418375.4550537
2001-05-15,26605.929752891578,28614.31773254312,71303.89173774944,10015011.206390092,36755091.127451636
2001-05-16,23409.446920476435,28579.186620161738,62737.31774687685,10002715.317056607,36709965.21359775
2001-05-17,26333.252299415628,26735.827121438153,70573.11616243389,9357539.492503352,34342169.937487304
2001-05-18,27227.72919066588,45918.66301903369,72970.31423098456,16071532.056661788,58982522.647948764
2001-05-19,30398.104238733773,30927.460097348656,81466.91935980652,10824611.034072028,39726322.49504434
2001-05-20,29750.204616583243,22622.201104586282,79730.5483724431,7917770.386605198,29058217.318841074
2001-05-21,26212.776948856346,22962.684382103333,70250.242222935,8036939.533736166,29495568.088811725
2001-05-22,26345.213318355363,33054.26229312696,70605.17169319237,11568991.802594434,42458199.91552158
2001-05-23,25200.28013690192,28411.79247757353,67536.75076689715,9944127.367150735,36494947.4374432
2001-05-24,31603.147755987287,32080.593039442872,84696.43598604594,11228207.563805005,41207521.75916436
2001-05-25,24842.00691890669,27487.496750792576,66576.57854266993,9620623.8627774,35307689.57639306
2001-05-26,24987.710849640785,34957.71905191111,66967.0650770373,12235201.668168887,44903190.12217981
2001-05-27,26763.871721397958,34536.46370993366,71727.17621334654,12087762.29847678,44362087.63540978
2001-05-28,25832.294277343903,32893.02118061976,69230.54866328166,11512557.413216915,42251085.70650607
2001-05-29,27484.21450411544,36475.79581003068,73657.69487102938,12766528.533510735,46853159.7179844
2001-05-30,26890.199902804317,32243.361414297826,72065.73573951557,11285176.495004239,41416597.736665554
2001-05-31,20362.308041124583,36628.680313985256,54570.98555021388,12820038.10989484,47049539.86331406
2001-06-01,21132.704980816045,32407.7780497749,56635.649348587,11342722.317421215,41627790.90493586
2001-06-02,23233.17649983778,42024.86688609718,62264.913019565254,14708703.410134012,53980941.51519182
2001-06-03,23447.295122727755,32253.727866505582,62838.75092891039,11288804.753276953,41429913.44452642
2001-06-04,28562.158810871504,31299.063750278423,76546.58561313564,10954672.312597448,40203647.38723263
2001-06-05,26883.349730876616,47049.761678127514,72047.37727874934,16467416.587344628,60435418.875554785
2001-06-06,24661.074036012265,30849.03973904731,66091.67841651288,10797163.908666559,39625591.54480627
2001-06-07,24775.412679108063,36150.95306263876,66398.10598000961,12652833.571923565,46435899.20895948
2001-06-08,26074.756331529974,36874.25982210632,69880.34696850034,12905990.937737213,47364986.74149557
2001-06-09,23746.761780422163,37959.144952013674,63641.3215715314,13285700.733204784,48758521.69086155
2001-06-10,22003.739824130735,49626.61165201118,58970.022728670374,17369314.078203913,63745382.667008355
2001-06-11,27977.840266410036,37236.77583983909,74980.6119139789,13032871.543943679,47830638.5662733
2001-06-12,21977.578358645616,37635.75652046531,58899.910001170254,13172514.782162856,48343129.25053768
2001-06-13,21770.89181056201,49226.301617410325,58345.990052306195,17229205.566093612,63231184.427563556
2001-06-14,18555.187416209585,39279.026779231805,49727.90227544169,13747659.37273113,50453909.897923246
2001-06-15,21676.570642852952,39086.111830806585,58093.20932284591,13680139.140782304,50206110.64667106
2001-06-16,23340.35791434122,48171.51417660103,62552.159210434475,16860029.961810358,61876309.959844016
2001-06-17,19117.660189160473,48302.053674726514,51235.32930695007,16905718.78615428,62043987.94518621
2001-06-18,24565.119985430407,36482.67122871523,65834.5215609535,12768934.93005033,46861991.19328471
2001-06-19,20494.124704271726,52904.388829013136,54924.254207448226,18516536.090154596,67955687.45086737
2001-06-20,21286.401257348116,48286.213233137205,57047.55536969296,16900174.63159802,62023640.89796474
2001-06-21,20947.855608659218,44185.280509504606,56140.25303120671,15464848.178326612,56755992.81445867
2001-06-22,21488.45482645539,52401.032266219365,57589.058934900444,18340361.293176774,67309125.94595876
2001-06-23,20290.384143217314,49952.97809843853,54378.229503822404,17483542.334453486,64164600.36744429
2001-06-24,22477.064355213624,59874.592601806864,60238.53247197252,20956107.4106324,76908914.19702092
2001-06-25,22481.083954723705,47493.81367378583,60249.30499865953,16622834.785825038,61005803.66397789
2001-06-26,21059.236085430854,50376.001369247606,56438.75270895469,17631600.479236662,64707973.75879855
2001-06-27,19336.49234276637,43857.3700868673,51821.79947861387,15350079.530403553,56334791.876581036
2001-06-28,19990.488551412698,57724.58149907546,53574.50931778603,20203603.52467641,74147224.93556242
2001-06-29,23035.278402534106,51319.85444108295,61734.54611879141,17961949.05437903,65920353.02957104
2001-06-30,17500.705084597947,55224.96728177213,46901.8896267225,19328738.548620243,70936470.4734363
2001-07-01,20535.317668581716,53244.147894878944,55034.651351799,18635451.76320763,68392107.970972
2001-07-02,18918.699088318426,57263.813397808546,50702.11355669339,20042334.68923299,73555368.30948508
2001-07-03,16996.856772641135,51267.70067566507,45551.576150678244,17943695.236482773,65853361.51789177
2001-07-04,20685.57855875561,52401.99672945307,55437.350537465034,18340698.855308574,67310364.79898247
2001-07-05,15685.086357694143,49306.95482985761,42036.0314386203,17257434.19045016,63334783.478952095
2001-07-06,21527.759984494438,48053.221320582146,57694.396758445095,16818627.46220375,61724362.786287755
2001-07-07,18918.32625409384,63551.32666927329,50701.1143609715,22242964.33424565,81631679.10668153
2001-07-08,18711.550629059544,68541.01882690367,50146.955685879584,23989356.589416284,88040938.68315776
2001-07-09,18526.658666527605,64646.557392450144,49651.44522629398,22626295.08735755,83038502.97060221
2001-07-10,19265.21306124581,54317.75107991228,51630.77100413877,19011212.8779693,69771151.26214732
2001-07-11,19071.850733015137,63478.941762802264,51112.55996448057,22217629.61698079,81538700.6943195
2001-07-12,16044.317008696458,63334.122257553885,42998.76958330651,22166942.79014386,81352680.03982796
2001-07-13,18702.67916269958,56879.17303029224,50123.180156034876,19907710.56060228,73061297.75741038
2001-07-14,19733.700258849265,64014.80770850074,52886.316693716035,22405182.697975256,82227020.50156918
2001-07-15,17341.191354131282,73184.91127609437,46474.39282907184,25614718.946633026,94006018.53414321
2001-07-16,16518.390373067472,73140.90411047738,44269.286199820825,25599316.438667078,93949491.32990818
2001-07-17,16960.213951552912,69158.85027296706,45453.37339016181,24205597.595538467,88834543.17562617
2001-07-18,18305.70223670936,64595.145052888576,49059.28199438109,22608300.768511,82972463.82043537
2001-07-19,17385.970270849506,55399.77691920121,46594.40032587668,19389921.921720423,71161013.45271395
2001-07-20,18015.02163212282,64047.40421276386,48280.25797408917,22416591.47446735,82268890.71129517
2001-07-21,21713.093628445433,67898.32835840745,58191.090924233766,23764414.925442606,87215402.77637437
2001-07-22,16218.32957835248,67695.26605557678,43465.12326998465,23693343.119451873,86954569.24838836
2001-07-23,18528.33692553689,62393.0563707447,49655.942960438864,21837569.729760643,80143880.90822156
2001-07-24,14984.01926006141,57716.73943024238,40157.17161696458,20200858.80058483,74137151.79814632
2001-07-25,15652.593879733211,72723.87977425902,41948.95159768501,25453357.92099066,93413823.57003573
2001-07-26,16570.444885488505,67417.0129115293,44408.792293109196,23595954.51903525,86597153.08485937
2001-07-27,11956.798725255485,68994.87952133612,32044.220583684702,24148207.832467638,88623922.74515623
2001-07-28,15441.889363013514,64013.82987956098,41384.26349287622,22404840.45784634,82225764.48029606
2001-07-29,13008.061854139652,70971.82282891523,34861.60576909427,24840137.990120333,91163306.42374162
2001-07-30,17291.822233199073,82348.53591978713,46342.083584973516,28821987.57192549,105776694.38896655
2001-07-31,15823.646204774439,64565.414269881905,42407.3718287955,22597894.994458664,82934274.62966329
2001-08-01,16763.28761428608,71833.13475922077,44925.6108062867,25141597.165727273,92269661.59821908
2001-08-02,14227.052540055296,75943.2223111556,38128.500807348195,26580127.808904454,97549069.05867934
2001-08-03,12323.182485558937,66060.55705761783,33026.12906129795,23121194.97016624,84854785.5405101
2001-08-04,14942.140022426722,68989.64427585658,40044.935260103615,24146375.496549804,88617198.07233778
2001-08-05,15297.916737785226,67019.25987243679,40998.41685726441,23456740.955352873,86086239.30614504
2001-08-06,14364.328108741769,78021.05927705085,38496.39933142794,27307370.746967796,100218050.64137182
2001-08-07,14012.324632417485,69169.49490417614,37553.03001487886,24209323.21646165,88848216.20441426
2001-08-08,13671.285649431153,72803.19432774106,36639.04554047549,25481118.01470937,93515703.11398338
2001-08-09,13186.796860924382,82238.75070319389,35340.615587277345,28783562.74611786,105635675.27825254
2001-08-10,12784.867428429226,69798.01741335135,34263.44470819033,24429306.094672974,89655553.36744982
2001-08-11,9529.835396762388,66627.65792319863,25539.9588633232,23319680.273119517,85583226.60234863
2001-08-12,12536.735487913673,60281.48078964543,33598.45110760864,21098518.276375897,77431562.07429954
2001-08-13,12903.999140597449,77798.38128811518,34582.71769680116,27229433.450840313,99932020.76458395
2001-08-14,11452.362329895996,69173.99885348044,30692.33104412127,24210899.598718155,88854001.52729563
2001-08-15,12176.706785429746,70850.62813253482,32633.57418495172,24797719.84638719,91007631.83624098
2001-08-16,12654.115811209736,63130.37823983664,33913.03037404209,22095632.383942824,81090970.84907016
2001-08-17,16049.487304479591,69846.06029709424,43012.62597600531,24446121.10398298,89717264.45161754
2001-08-18,17682.095004134546,72575.49572698622,47388.01461108059,25401423.504445173,93223224.26131378
2001-08-19,12999.137472109516,66667.75218931893,34837.68842525351,23333713.266261622,85634727.68718015
2001-08-20,12806.842070991823,69171.22406132825,34322.33675025809,24209928.421464887,88850437.30677614
2001-08-21,12124.105567120314,70946.0901958586,32492.602919882444,24831131.56855051,91130252.85658036
2001-08-22,10969.12576994882,74478.359083236,29397.25706346284,26067425.679132603,95667452.24241665
2001-08-23,12493.605880089284,71848.16057947489,33482.86375863929,25146856.20281621,92288962.2643355
2001-08-24,12796.164627019054,64182.186789851534,34293.72120041107,22463765.376448035,82442018.93156429
2001-08-25,8796.056484331968,63187.334718489714,23573.431378009675,22115567.1514714,81164131.44590004
2001-08-26,9266.556681578493,73168.42117182894,24834.371906630364,25608947.410140127,93984836.99521427
2001-08-27,8842.285323881117,69680.03428387085,23697.324668001394,24388011.999354795,89504004.0376321
2001-08-28,10257.942162429656,62353.60369874694,27491.28499531148,21823761.294561427,80093203.95104043
2001-08-29,9385.665188399853,58903.36165580933,25153.58270491161,20616176.579533264,75661368.04688708
2001-08-30,11136.124901497938,68812.07937986642,29844.814736014476,24084227.782953247,88389115.96343842
2001-08-31,12929.353236682035,60220.12150131936,34650.66667430785,21077042.525461774,77352746.06844471
2001-09-01,11758.33119898881,67451.48397081031,31512.327613290014,23608019.389783606,86641431.16050583
2001-09-02,12015.216113363314,66215.30122276992,32200.779183813684,23175355.42796947,85053554.42064795
2001-09-03,11174.851744072002,69700.30126189279,29948.602674112968,24395105.441662475,89530036.97090128
2001-09-04,11014.69104311343,68620.34730901738,29519.371995543992,24017121.55815608,88142836.11843282
2001-09-05,9768.682174004884,70162.19646277986,26180.06822633309,24556768.761972953,90123341.35644074
2001-09-06,10444.152087331175,55454.59114269283,27990.32759404755,19409106.899942487,71231422.32278892
2001-09-07,10252.782091234923,57122.80731739303,27477.456004509597,19992982.56108756,73374245.99919134
2001-09-08,12287.187276437602,57427.577121063696,32929.66190085278,20099651.992372293,73765722.81200631
2001-09-09,12675.762260775715,61852.74762787906,33971.042858878915,21648461.669757668,79449854.32801063
2001-09-10,11887.901959969693,54466.99227903222,31859.57725271878,19063447.29766128,69962851.58241689
2001-09-11,4564.6078260442755,50429.98573898032,12233.14897379866,17650495.008643113,64777316.68172023
2001-09-12,13391.950270696825,61724.78676588733,35890.42672546749,21603675.368060563,79285488.60078226
2001-09-13,11308.401856808921,59490.22658756013,30306.516976247913,20821579.305646043,76415196.05172098
2001-09-14,14259.541875128249,51215.121717298265,38215.572225343705,17925292.60105439,65785823.84586961
2001-09-15,9125.92189296161,58922.97839213828,24457.47067313712,20623042.437248398,75686565.74470162
2001-09-16,12043.848269823846,62243.639192600516,32277.51336312791,21785273.71741018,79951954.54289536
2001-09-17,7180.090964748064,60982.75217052727,19242.64378552481,21343963.25968454,78332345.16304226
2001-09-18,10735.872161265048,54393.36017313996,28772.13739219033,19037676.060598984,69868271.14239827
2001-09-19,9605.408722312024,46925.77350683373,25742.495375796225,16424020.727391802,60276156.06952791
2001-09-20,8051.978003468854,55399.751454536716,21579.30104929653,19389913.00908785,71160980.74335241
2001-09-21,11053.989173289247,62352.71500969576,29624.69098441518,21823450.253393516,80092062.4299542
2001-09-22,10213.523338648094,47738.15281085423,27372.242547576894,16708353.48379898,61319657.28554226
2001-09-23,13485.139143292972,55290.302040228475,36140.17290402517,19351605.714079965,71020392.97067347
2001-09-24,9773.928003012794,46895.15029321525,26194.12704807429,16413302.602625336,60236820.55163498
2001-09-25,10906.847753353972,57149.83656996842,29230.351978988645,20002442.799488947,73408965.07412444
2001-09-26,11324.234473624067,48291.45007960386,30348.9483893125,16902007.527861353,62030367.62725116
2001-09-27,10221.633898292961,43676.38621770143,27393.978847425136,15286735.176195499,56102318.09663748
2001-09-28,7555.959940566268,47641.63624233141,20249.972640717602,16674572.684815994,61195681.753274694
2001-09-29,8722.669012517072,35587.96652370218,23376.752953545754,12455788.283295764,45712742.99969545
2001-09-30,10758.907995762069,37832.04871999852,28833.873428642346,13241217.051999483,48595266.5808381
2001-10-01,10275.645080860844,35530.47178508376,27538.728816707066,12435665.124779316,45638891.00794009
2001-10-02,10555.980020674346,43008.39093136649,28290.02645540725,15052936.82597827,55244278.151340246
2001-10-03,11958.726668605848,41203.54324586458,32049.387471863676,14421240.136052601,52925951.299313046
2001-10-04,11024.599269781946,41129.92616499193,29545.926043015617,14395474.157747176,52831390.158932135
2001-10-05,11816.58970759997,45951.66576867673,31668.460416367918,16083083.019036854,59024914.67986525
2001-10-06,9790.481925799404,45674.00345584072,26238.491561142404,15985901.20954425,58668257.4390274
2001-10-07,11156.677850274813,27134.21573097879,29899.8966387365,9496975.505842576,34853900.10644225
2001-10-08,11795.684183719684,40969.495057392254,31612.433612368757,14339323.270087289,52625316.40122035
2001-10-09,11954.746197211998,25610.455402395455,32038.719808528156,8963659.390838409,32896629.96437696
2001-10-10,13841.39384320065,39784.58047493127,37094.93549977775,13924603.166225944,51103293.620049216
2001-10-11,10941.969268484385,28590.866782263354,29324.477639538152,10006803.373792173,36724968.381817274
2001-10-12,8898.181177444207,29181.692560487594,23847.125555550476,10213592.396170657,37483884.09394631
2001-10-13,8582.96091255441,31956.643157266277,23002.33524564582,11184825.105043197,41048308.13550853
2001-10-14,10676.973988955919,33820.97689758695,28614.290290401863,11837341.914155431,43443044.824950434
2001-10-15,10289.622189733083,33539.53543140045,27576.187468484666,11738837.400990158,43081533.26163388
2001-10-16,11959.294496809407,35111.70173586414,32050.90925144921,12289095.607552448,45100980.879717484
2001-10-17,10682.85219404228,43000.61267629279,28630.04388003331,15050214.436702477,55234286.98269809
2001-10-18,11863.978217346546,36489.47612927925,31795.461622488747,12771316.645247737,46870732.088059194
2001-10-19,12067.18861485078,31190.16427647965,32340.065487800093,10916557.496767877,40063766.01313811
2001-10-20,14553.137225579048,34574.28523917912,39002.407764551856,12100999.833712691,44410669.38972557
2001-10-21,10214.503936743151,34698.196904774675,27374.870550471645,12144368.916671135,44569833.92418306
2001-10-22,11232.174045433554,25890.54408817632,30102.226441761926,9061690.430861712,33256403.88126248
2001-10-23,10028.142912161942,24707.820915111177,26875.423004594006,8647737.320288911,31737195.965460304
2001-10-24,10855.568636567534,21401.026363714533,29092.923946000992,7490359.227300085,27489618.364191312
2001-10-25,8460.800139981964,23821.53244705306,22674.944375151666,8337536.35646857,30598758.42823965
2001-10-26,11211.52747122402,25129.022742720023,30046.893622880376,8795157.959952008,32278229.713023867
2001-10-27,11356.557673592191,36383.74428812068,30435.574565227074,12734310.500842238,46734919.53809101
2001-10-28,10074.712719248777,25724.28850857543,27000.230087586722,9003500.9780014,33042848.58926514
2001-10-29,11864.35190987596,32283.892772494768,31796.463118467578,11299362.470373169,41468660.26626953
2001-10-30,10012.723804445266,33278.061641380926,26834.099795913316,11647321.574483324,42745670.1783538
2001-10-31,13353.901660479294,30976.410175131205,35788.45645008451,10841743.561295921,39789198.86995603
2001-11-01,10438.35059245906,31130.457124160155,27974.779587790286,10895659.993456054,39987072.17598372
2001-11-02,12625.10543571557,27755.65841569898,33835.28256771773,9714480.445494642,35652143.23496534
2001-11-03,14922.982450798218,30877.540268079425,39993.59296813922,10807139.093827799,39662200.47434802
2001-11-04,9898.35029991763,20578.91791055964,26527.57880377925,7202621.268695875,26433620.05611386
2001-11-05,11941.638650672345,37555.43324895847,32003.591583801885,13144401.637135463,48239954.00828715
2001-11-06,8305.015496396603,23142.73773486348,22257.441530342898,8099958.207202217,29726846.620432135
2001-11-07,14610.797453187759,34721.40874931682,39156.9371745432,12152493.062260887,44599649.538497455
2001-11-08,12832.032841873746,30828.36794656525,34389.848016221644,10789928.781297836,39599038.627363056
2001-11-09,14711.14857521923,25458.269389353176,39425.87818158753,8910394.28627361,32701147.030624148
2001-11-10,11126.301062910039,37836.80858601228,29818.486848598906,13242883.005104298,48601380.62873277
2001-11-11,13050.166568554629,31267.41147724498,34974.446403726404,10943594.017035743,40162990.04252118
2001-11-12,8747.946873217365,26421.332077981875,23444.497620222537,9247466.227293655,33938201.05416772
2001-11-13,15094.557523816886,21906.58042996989,40453.41416382926,7667303.150489462,28139002.562296323
2001-11-14,13643.958461332842,30697.046808880517,36565.80867637202,10743966.383108182,39430356.62600703
2001-11-15,9680.165408626679,26422.87418609437,25942.843295119503,9248005.965133028,33940181.89203821
2001-11-16,15494.117941614686,25383.110526369823,41524.23608352736,8884088.684229437,32604605.471122034
2001-11-17,11422.698796905712,36446.56225211438,30612.83277570731,12756296.788240032,46815609.212840915
2001-11-18,13653.54387016349,32350.98724533217,36591.497572038155,11322845.535866259,41554843.11662917
2001-11-19,12024.54400886911,30885.195015977333,32225.77794376922,10809818.255592067,39672032.998022884
2001-11-20,17692.241365444683,33915.249493082534,47415.20685939175,11870337.322578885,43564137.9738645
2001-11-21,11695.476549116982,47499.858228156954,31343.877151633515,16624950.379854932,61013567.8940676
2001-11-22,17820.187439293328,33497.262716190264,47758.10233730612,11724041.950666592,43027233.95894639
2001-11-23,12800.709293839791,35598.732483725515,34305.90090749064,12459556.36930393,45726571.875345424
2001-11-24,16340.079908045445,32400.929017927476,43791.4141535618,11340325.156274615,41618993.323527835
2001-11-25,14176.39315710712,27506.75348990762,37992.73366104709,9627363.721467666,35332424.857786335
2001-11-26,11742.628711009847,30929.370909309957,31470.244945506394,10825279.818258485,39728776.93300864
2001-11-27,15560.26599123513,35081.24325048966,41701.51285651015,12278435.13767138,45061856.95525396
2001-11-28,14765.657178426778,27685.606966511186,39571.961238183765,9689962.438278915,35562162.14848362
2001-11-29,16223.632056007686,44561.31737623194,43479.3339101006,15596461.081681177,57239012.16976992
2001-11-30,13207.67929187481,35175.61246668268,35396.5805022245,12311464.363338938,45183074.213453904
2001-12-01,17622.665573399685,45973.427762947074,47228.743736711156,16090699.717031475,59052867.96150551
2001-12-02,14104.356816990427,43075.61371137744,37799.67626953434,15076464.798982104,55330625.81226432
2001-12-03,14747.456005858687,26590.595866346965,39523.18209570128,9306708.553221436,34155620.39032267
2001-12-04,13716.648399874675,39831.03419854549,36760.617711664134,13940861.96949092,51162963.428031676
2001-12-05,12970.132648567796,44938.68682441635,34759.9554981617,15728540.38854572,57723743.22596279
2001-12-06,14613.460228194639,45685.272079631424,39164.073411561636,15989845.227870997,58682731.98628656
2001-12-07,17006.621488121218,42789.023650238516,45577.745588164864,14976158.277583478,54962500.87873136
2001-12-08,16177.503695217702,47283.899373936096,43355.709903183444,16549364.780877631,60736168.7458209
2001-12-09,13738.73961555253,37557.054568370404,36819.82216968078,13144969.09892964,48242036.59307178
2001-12-10,17715.268840115532,48916.13284357295,47476.92049150963,17120646.49525053,62832772.63756944
2001-12-11,14255.48651523747,45551.533261265955,38204.703860836424,15943036.641443083,58510944.47409611
2001-12-12,18625.279338165798,46878.83323060017,49915.74862628434,16407591.630710058,60215861.284705915
2001-12-13,15822.49283001875,37043.25633467559,42404.28078445025,12965139.717136458,47582062.7618908
2001-12-14,17680.755807326088,44215.8379370047,47384.42556363392,15475543.277951645,56795243.830082536
2001-12-15,14592.06618160128,45497.80369239449,39106.737366691435,15924231.29233807,58441928.84288071
2001-12-16,16951.142999589865,48924.42152686021,45429.06323890084,17123547.534401074,62843419.45125194
2001-12-17,18130.94407499545,45733.34594822699,48590.9301209878,16006671.081879444,58744482.87049756
2001-12-18,16575.055991206573,43329.19145548587,44421.15005643362,15165217.009420052,55656346.42457159
2001-12-19,15332.255192134777,53362.18870956041,41090.443914921205,18676766.048346143,68543731.39743035
2001-12-20,20128.06575907636,45158.843622924585,53943.216234324645,15805595.268023605,58006534.63364663
2001-12-21,20644.45849229664,53350.180592653705,55327.148759355,18672563.207428794,68528306.97126368
2001-12-22,15745.334311851202,51063.474664250694,42197.495955761224,17872216.13248774,65591033.20623001
2001-12-23,16470.0611318594,48354.281443954336,44139.76383338319,16923998.505384017,62111074.51475934
2001-12-24,17396.775296112468,47098.47728371595,46623.35779358142,16484467.049300581,60497994.07093313
2001-12-25,23507.323371267612,60602.54432753526,62999.62663499721,21210890.51463734,77843968.18871903
2001-12-26,14997.703912129306,50171.11383798694,40193.84648450654,17559889.84329543,64444795.724894226
2001-12-27,20253.9689123005,58094.960597948564,54280.63668496534,20333236.209281996,74622976.88806492
2001-12-28,20061.15776363722,60251.97452409349,53763.902806547754,21088191.083432723,77393661.27619809
2001-12-29,16720.785383398696,54671.58604711991,44811.7048275085,19135055.11649197,70225652.27752553
2001-12-30,19032.619961183584,51312.494975368776,51007.421495972005,17959373.24137907,65910899.79586119
2001-12-31,18204.77679972143,52628.83900136575,48788.80182325343,18420093.650478013,67601743.6972543
2002-01-01,22359.445472462645,52975.662104092065,59923.31386619989,18541481.736432225,68047237.97270626
2002-01-02,20243.67870639471,73569.64667349582,54253.05893313782,25749376.335723538,94500211.15210538
2002-01-03,20636.05369792805,54757.81730288372,55304.62391044718,19165236.0560093,70336416.32555413
2002-01-04,20316.602429368086,52122.50509532009,54448.49451070647,18242876.78336203,66951357.79493865
2002-01-05,21711.40497679831,54034.459681207234,58186.56533781947,18912060.88842253,69407263.46051069
2002-01-06,21610.430870778848,59950.33052545615,57915.954733687315,20982615.68390965,77006199.55994841
2002-01-07,20580.595436372685,66283.60436946437,55155.9957694788,23199261.52931253,85141289.81257698
2002-01-08,19944.642366818618,64968.585210046236,53451.6415430739,22739004.823516183,83452147.7023044
2002-01-09,18361.38066070796,55513.12091642312,49208.500170697334,19429592.32074809,71306603.8171455
2002-01-10,21405.253642911182,70180.10040685722,57366.07976300197,24563035.142400026,90146338.97260809
2002-01-11,19988.45245327952,73544.24510706036,53569.052574789115,25740485.787471123,94467582.84001902
2002-01-12,21047.12254928263,59410.937092429194,56406.288432077454,20793827.982350215,76313348.69522528
2002-01-13,21458.2233538276,61350.89030332647,57508.03858825797,21472811.606164265,78805218.59462285
2002-01-14,22232.821903653163,65797.86486957586,59583.96270179048,23029252.704351548,84517357.42497018
2002-01-15,21201.101140563085,65767.41900325395,56818.95105670907,23018596.651138883,84478249.7096797
2002-01-16,22996.63630764016,64042.33494159813,61630.98530447564,22414817.229559343,82262379.23248279
2002-01-17,21517.508443224688,68713.49054454912,57666.92262784216,24049721.690592192,88262478.60447334
2002-01-18,22577.825391621704,72532.25773661934,60508.57204954617,25386290.20781677,93167685.06268753
2002-01-19,25525.953108827558,69303.31540871266,68409.55433165786,24256160.393049426,89020108.6424914
2002-01-20,21881.632675626053,74046.91092643251,58642.775570677826,25916418.824251376,95113257.08500254
2002-01-21,22805.065968927327,72251.05366934826,61117.57679672524,25287868.78427189,92806478.43827783
2002-01-22,24693.28364687678,67582.53339949908,66178.00017362977,23653886.689824674,86809764.15165655
2002-01-23,24639.555524210682,67363.13372050821,66034.00880488464,23577096.80217787,86527945.26399277
2002-01-24,26434.231612128406,65221.67455528496,70843.74072050414,22827586.094349734,83777240.96626352
2002-01-25,22925.028669652573,69681.68070847866,61439.0768346689,24388588.24796753,89506118.87004083
2002-01-26,28166.413332804317,77327.33800009964,75485.98773191558,27064568.300034873,99326965.66112798
2002-01-27,22519.313335509494,62447.487628424795,60351.75973916545,21856620.669948675,80213797.85871163
2002-01-28,25865.31103381562,69488.07202269681,69319.03357062586,24320825.207943883,89257428.51315404
2002-01-29,24379.41499077793,71554.55411016056,65336.83217528485,25044093.938556194,91911824.75450124
2002-01-30,21869.501750151052,69813.10498484626,58610.26469040482,24434586.744696192,89674933.35303502
2002-01-31,23880.430641909454,63859.58130234941,63999.55412031734,22350853.455822293,82027632.18286781
2002-02-01,26330.19369758044,68028.70359408652,70564.91910951558,23810046.25793028,87382869.76660413
2002-02-02,26026.67050195858,72576.3656586597,69751.476945249,25401727.9805309,93224341.6885484
2002-02-03,25188.468511333373,66914.68250709785,67505.09561037345,23420138.877484247,85951909.68036719
2002-02-04,23749.88439511,66948.74381766852,63649.6901788948,23432060.336183984,85995661.43379521
2002-02-05,30071.057381769315,72036.56040085302,80590.43378314177,25212796.140298557,92530961.8348957
2002-02-06,25309.202366535006,66035.58329558885,67828.66234231382,23112454.153456096,84822706.74318387
2002-02-07,28497.252639195212,72891.29191292133,76372.63707304318,25511952.16952246,93628864.46214743
2002-02-08,25123.840322902553,72906.08432656394,67331.89206537885,25517129.514297377,93647865.31747137
2002-02-09,26231.599534656903,64486.31504895863,70300.6867528805,22570210.267135523,82832671.68038736
2002-02-10,27192.90972160957,66672.1293452793,72876.99805391364,23335245.270847756,85640350.14401126
2002-02-11,25717.38373115203,69126.11093492553,68922.58839948745,24194138.827223934,88792489.49591184
2002-02-12,27049.016094236624,70564.17273675646,72491.36313255415,24697460.457864758,90639679.88036366
2002-02-13,27437.34078655158,70854.22255661756,73532.07330795824,24798977.894816145,91012248.87397525
2002-02-14,25890.01835122764,58674.41807468487,69385.24918129008,20536046.326139703,75367290.01693271
2002-02-15,28124.067302708198,64870.18657920031,75372.50037125798,22704565.302720107,83325754.66098279
2002-02-16,23970.301394458704,68438.01800448449,64240.40773714933,23953306.30156957,87908634.12676032
2002-02-17,28287.622393815145,60898.78865250571,75810.82801542459,21314576.028376997,78224494.02414358
2002-02-18,30604.831934346614,65563.72117414566,82020.94958404893,22947302.410950977,84216599.84819008
2002-02-19,27648.36132264596,72385.56329492031,74097.60834469118,25334947.153222106,92979256.05232513
2002-02-20,28544.532001324016,59833.31285421947,76499.34576354836,20941659.49897681,76855890.3612449
2002-02-21,27990.385068244075,69644.58836019337,75014.23198289413,24375605.92606768,89458473.74866839
2002-02-22,27886.015880959112,66857.2679724296,74734.52256097042,23400043.79035036,85878160.71058582
2002-02-23,27793.013891259536,61968.975879921665,74485.27722857556,21689141.557972584,79599149.51775938
2002-02-24,28520.530445420034,68320.02646476415,76435.0215937257,23912009.26266745,87757073.99398954
2002-02-25,27940.3514806725,64830.18338039131,74880.1419682023,22690564.183136955,83274370.55211262
2002-02-26,27755.379634887915,61986.55353497971,74384.41742149962,21695293.737242896,79621728.01568143
2002-02-27,27663.153062279624,71289.72611479677,74137.25020690939,24951404.14017887,91571653.19445646
2002-02-28,29378.984426796134,64372.929266553394,78735.67826381365,22530525.243293688,82687027.64288783
2002-03-01,29961.766908343,60601.383418689154,80297.53531435925,21210484.1965412,77842477.0013062
2002-03-02,28218.08181761128,66245.4155308007,75624.45927119824,23185895.435780242,85092236.24931349
2002-03-03,29515.82858824138,66639.0408323746,79102.42061648691,23323664.29133111,85597847.94918516
2002-03-04,29211.89644950094,60212.03813647531,78287.88248466252,21074213.34776636,77342362.98630254
2002-03-05,29861.176301878255,62900.31916343206,80027.95248903373,22015111.70720122,80795459.96542847
2002-03-06,26758.133776633473,50087.87223245015,71711.79852137771,17530755.281357553,64337871.88258222
2002-03-07,30195.786370254416,53994.22480915658,80924.70747228184,18897978.6832048,69355581.76736161
2002-03-08,27843.850831851352,47062.30577304984,74621.52022936163,16471807.020567443,60451531.765482515
2002-03-09,25907.705278995178,61415.98571207223,69432.65014770709,21495594.99922528,78888833.64715677
2002-03-10,31904.82138193095,52296.72508111884,85504.92130357496,18303853.778391596,67175143.36669716
2002-03-11,29363.750094173713,43103.91231410602,78694.85025238556,15086369.309937105,55366975.36746917
2002-03-12,31915.57313629541,55930.18058720961,85533.7360052717,19575563.20552336,71842316.96427073
2002-03-13,32631.927150545256,60309.914347640915,87453.5647634613,21108470.02167432,77468084.97954476
2002-03-14,32214.642524041523,62206.67666329235,86335.24196443129,21772336.832152322,79904476.17399903
2002-03-15,28177.92133774922,64859.59102343266,75516.82918516791,22700856.85820143,83312144.66959925
2002-03-16,28227.75044493602,56011.70878261098,75650.37119242855,19604098.07391384,71947039.93126379
2002-03-17,28031.697737407303,45199.12620007126,75124.94993625158,15819694.17002494,58058277.60399153
2002-03-18,26493.420290370534,60257.64252760497,71002.36637819304,21090174.884661738,77400941.82670857
2002-03-19,28678.18425433796,47734.44213169847,76857.53380162574,16707054.746094465,61314890.91816669
2002-03-20,30366.90777134676,52626.39695754268,81383.31282720932,18419238.935139935,67598606.89196356
2002-03-21,29205.399455197734,48298.61192405897,78270.47053992993,16904514.173420638,62039567.01645374
2002-03-22,29455.047165543445,49184.32496899127,78939.52640365643,17214513.739146944,63177265.422669284
2002-03-23,27728.693054138774,48565.56582888098,74312.89738509191,16997948.04010834,62382469.307197616
2002-03-24,28127.921358543084,50889.669296426815,75382.82924089547,17811384.253749385,65367780.211260244
2002-03-25,31594.228262313507,45730.50839707995,84672.5317430002,16005677.938977983,58740838.036049195
2002-03-26,31010.283238988122,51387.7047241079,83107.55908048818,17985696.653437763,66007506.71811659
2002-03-27,33113.05533293207,51470.16363333096,88742.98829225794,18014557.271665834,66113425.18701361
2002-03-28,30159.622672966834,49354.386123288365,80827.78876355111,17274035.143150926,63395708.975363895
2002-03-29,31561.92199971056,47489.56043552492,84585.95095922431,16621346.152433723,61000340.37943176
2002-03-30,34987.200715275554,45827.470330899894,93765.69791693849,16039614.615814961,58865385.640040904
2002-03-31,28102.9359540999,42302.131141340855,75315.86835698773,14805745.899469297,54337087.45105232
2002-04-01,25878.25471817079,36772.52557086116,69353.72264469771,12870383.949801406,47234309.095771156
2002-04-02,31774.654626440686,42757.81935591346,85156.07439886105,14965236.77456971,54922418.96267084
2002-04-03,27955.79226946625,46948.556047710874,74921.52328216955,16431994.616698805,60305420.24328461
2002-04-04,26683.924111014378,53093.767439018935,71512.91661751854,18582818.603656627,68198944.27541982
2002-04-05,31437.928906746165,44649.47542708473,84253.64947007973,15627316.399479657,57352251.18609034
2002-04-06,28852.847999233887,38180.01233771858,77325.63263794682,13363004.318201503,49042225.84779952
2002-04-07,29840.370695679907,44105.105967052354,79972.19346442216,15436787.088468323,56653008.61467874
2002-04-08,27660.072637283996,43231.75786633217,74128.99466792111,15131115.253216257,55531192.979303665
2002-04-09,33581.589574835816,36520.018339602524,89998.66006056,12782006.418860883,46909963.55721944
2002-04-10,30956.556375281758,36705.51793372776,82963.57108575512,12846931.276804714,47148237.7858733
2002-04-11,32784.104020592655,39419.86811164065,87861.39877518833,13796953.839074228,50634820.589402415
2002-04-12,31649.424547543324,39494.68796114755,84820.45778741612,13823140.786401642,50730926.68609402
2002-04-13,28464.974581906274,37395.002275605526,76286.13187950882,13088250.796461934,48033880.4230153
2002-04-14,27579.328947360787,28778.178795599128,73912.60157892691,10072362.578459695,36965570.66294708
2002-04-15,32941.62976546075,28887.34285375671,88283.56777143481,10110569.998814847,37105791.89565049
2002-04-16,33720.94211905691,34377.757385285186,90372.12487907252,12032215.084849814,44158229.361398816
2002-04-17,29673.518600096722,27519.31684749529,79525.02984825922,9631760.89662335,35348562.490607694
2002-04-18,28032.895946115987,31508.65383767856,75128.16113559085,11028028.843187496,40472865.85449811
2002-04-19,29124.46257448517,39076.3099636563,78053.55969962025,13676708.487279704,50193520.14831651
2002-04-20,29896.36289003119,22891.677011324966,80122.25254528358,8012086.953963737,29404359.121046916
2002-04-21,28378.779347066116,30210.79749600769,76055.1286501372,10573779.12360269,38805769.38362187
2002-04-22,27896.899295727075,29412.306238546877,74763.69011254856,10294307.183491407,37780107.36341346
2002-04-23,26566.526042053803,37559.37582461504,71198.28979270419,13145781.538615262,48245018.24671801
2002-04-24,27246.62624173928,38410.956456094784,73020.95832786127,13443834.759633174,49338873.56785375
2002-04-25,28394.028068715972,28070.481003190984,76095.9952241588,9824668.351116844,36056532.848598816
2002-04-26,26019.553046473935,30545.116673204557,69732.40216455015,10690790.835621594,39235202.36673125
2002-04-27,28917.88160293053,30188.95577828737,77499.92269585382,10566134.522400578,38777713.697210126
2002-04-28,29771.873170457227,28690.87512755526,79788.62009682537,10041806.294644339,36853429.10134473
2002-04-29,31056.033552917568,32036.428094493334,83230.16992181909,11212749.833072666,41150791.88737668
2002-04-30,30720.79307181483,22079.28760804085,82331.72543246375,7727750.662814297,28360844.93252847
2002-05-01,31907.68598166497,30018.989636302573,85512.59843086213,10506646.3727059,38559392.18783065
2002-05-02,26896.13045649009,34728.801165447745,72081.62962339344,12155080.40790671,44609145.09701762
2002-05-03,28066.130147685686,26202.988763870842,75217.22879579764,9171046.067354795,33657739.06719209
2002-05-04,28567.584401662363,32155.34348972801,76561.12619645514,11254370.221404804,41303538.71255563
2002-05-05,29050.875712319743,33002.7486508273,77856.34690901691,11550962.027789554,42392030.64198766
2002-05-06,27315.452244556058,25593.99195550722,73205.41201541024,8957897.184427526,32875482.66684902
2002-05-07,27732.44086994411,33811.615026329164,74322.94153145021,11834065.259215208,43431019.50131981
2002-05-08,25407.809113698757,33835.56685990328,68092.92842471268,11842448.400966145,43461785.63154575
2002-05-09,25486.71855776084,36194.71386074804,68304.40573479906,12668149.851261813,46492109.95413085
2002-05-10,25931.1469969968,36738.41150836139,69495.47395195143,12858444.027926484,47190489.5824902
2002-05-11,26858.125507649223,30429.280289538325,71979.77636049992,10650248.101338413,39086410.53191198
2002-05-12,27270.14619918066,30182.674826844224,73083.99181380417,10563936.189395478,38769645.8150814
2002-05-13,24484.094392044943,35559.59444001718,65617.37297068044,12445858.054006012,45676299.058202066
2002-05-14,27412.069661453155,32858.417062054694,73464.34669269447,11500445.971719142,42206636.71620925
2002-05-15,28594.174264167214,26530.340707403164,76632.38702796814,9285619.247591106,34078222.63865936
2002-05-16,26349.59066254715,28972.880793702432,70616.90297562636,10140508.27779585,37215665.37951077
2002-05-17,26615.00919827186,30310.342375931406,71328.22465136858,10608619.831575992,38933634.78188389
2002-05-18,24735.431115530013,32309.015007664613,66290.95538962045,11308155.252682613,41500929.77734519
2002-05-19,27756.695450531166,33334.13156069462,74387.94380742352,11666946.046243118,42817691.989712246
2002-05-20,28670.31573538743,33341.74404136554,76836.44617083832,11669610.414477939,42827470.22113404
2002-05-21,27174.835450092505,36926.0624472119,72828.55900624792,12924121.856524164,47431527.21344368
2002-05-22,23714.96248540278,31640.11537354152,63556.09946087945,11074040.380739532,40641728.19731408
2002-05-23,29602.969600590353,31864.747782194427,79335.95852958215,11152661.72376805,40930268.52622874
2002-05-24,27310.57798193558,33832.55432283232,73192.34899158737,11841394.012991313,43457916.02767812
2002-05-25,25930.0224958074,37799.51388092088,69492.46028876383,13229829.858322307,48553475.58004287
2002-05-26,24504.793540874,34130.186466657215,65672.84668954233,11945565.263330024,43840224.516421184
2002-05-27,27110.661729740918,35372.91341086651,72656.57343570566,12380519.693803277,45436507.27625802
2002-05-28,24694.51492302717,32172.213605140463,66181.29999371282,11260274.76179916,41325208.37580292
2002-05-29,23217.05837191686,37472.04742059482,62221.71643673719,13115216.597208185,48132844.91175404
2002-05-30,26365.87684531998,40809.79361042251,70660.54994545755,14283427.763647877,52420179.89258771
2002-05-31,24120.528402957054,41974.36697998409,64643.016119924905,14691028.442994433,53916074.385789566
2002-06-01,22177.97274581856,33618.4043272388,59436.96695879374,11766441.51453358,43182840.35833824
2002-06-02,24678.732751289248,33535.14506974096,66139.00377345519,11737300.774409335,43075893.84208226
2002-06-03,22694.56280285249,41603.507829148286,60821.42831164468,14561227.7402019,53439705.80654097
2002-06-04,22441.902890123092,43197.62143420426,60144.29974552989,15119167.501971489,55487344.732235365
2002-06-05,24657.32314642695,39299.26598600152,66081.62603242423,13754743.095100531,50479907.15901895
2002-06-06,25356.40502486723,49852.59837153767,67955.16546664418,17448409.430038184,64035662.608240135
2002-06-07,23872.965253327566,35994.55933885707,63979.54687891788,12598095.768599974,46235011.4707619
2002-06-08,21336.125890481795,43888.8432383973,57180.81738649122,15361095.133439055,56375219.13972133
2002-06-09,22723.190886049026,37007.454587481545,60898.151574611395,12952609.10561854,47536075.41762004
2002-06-10,25081.819691180135,43780.869358258016,67219.27677236276,15323304.275390305,56236526.69068242
2002-06-11,15843.73981412452,37785.9484823473,42461.222701853716,13225081.968821555,48536050.825575106
2002-06-12,25998.56927435134,43845.674168043246,69676.16565526159,15345985.958815135,56319768.468851544
2002-06-13,26252.451481261534,47084.227988128754,70356.56996978092,16479479.795845062,60479690.85075138
2002-06-14,23460.111154685997,45584.03251753697,62873.09789455848,15954411.381137941,58552689.768776245
2002-06-15,23006.195944730403,49586.14509068397,61656.605131877484,17355150.781739388,63693403.36898355
2002-06-16,19952.060079328294,46613.73960226619,53471.52101259983,16314808.860793166,59875348.51911092
2002-06-17,21108.118648488595,52704.39514461375,56569.75797794944,18446538.30061481,67698795.56325635
2002-06-18,20059.664043405402,48082.453282335824,53759.89963632648,16828858.64881754,61761911.24116037
2002-06-19,20271.806296258284,52890.550491923066,54328.440873972206,18511692.67217307,67937912.10687517
2002-06-20,22350.544523488446,43116.718254793595,59899.45932294904,15090851.389177756,55383424.59828237
2002-06-21,24108.172102233653,55469.82481468928,64609.901233986195,19414438.685141247,71250989.97446838
2002-06-22,21760.25626534958,55602.75922770968,58317.48679113688,19460965.729698386,71421744.22799307
2002-06-23,22142.24504193663,51261.37711269236,59341.21671239017,17941481.989442326,65845238.901253335
2002-06-24,22443.843990098776,48591.38444434671,60149.50189346472,17006984.555521347,62415633.31876334
2002-06-25,22941.246793258393,47816.32191728196,61482.5414059325,16735712.671048684,61420065.50274867
2002-06-26,20675.49990547597,61240.71765669792,55410.3397466756,21434251.17984427,78663701.83002847
2002-06-27,20266.08336857316,47433.791126230906,54313.10342777607,16601826.894180816,60928704.70164359
2002-06-28,17923.16243252307,55241.59757672436,48034.07531916183,19334559.151853524,70957832.08730243
2002-06-29,19830.737021756744,46800.60018594259,53146.37521830808,16380210.065079905,60115370.93884325
2002-06-30,19466.59323439349,66800.14484355853,52170.46986817456,23380050.695245486,85804786.05155092
2002-07-01,20567.918720223726,63485.50226505403,55122.02217019959,22219925.792768907,81547127.65946189
2002-07-02,19921.43840027038,61259.49923753293,53389.45491272462,21440824.733136524,78687826.77061103
2002-07-03,21374.29779420498,58513.22400948973,57283.11808846935,20479628.403321404,75160236.24018955
2002-07-04,17413.53592302867,65132.21354119093,46668.27627371684,22796274.739416823,83662328.29365973
2002-07-05,15665.485031768014,70107.65802337842,41983.49988513828,24537680.308182444,90053286.73102957
2002-07-06,22086.328835152708,62676.52556937057,59191.36127820926,21936783.949279696,80507997.09385648
2002-07-07,18115.226673259458,65984.05268443254,48548.80748433535,23094418.439551387,84756515.6731536
2002-07-08,19702.1739930104,61720.16789158333,52801.82630126788,21602058.762054164,79279555.65673877
2002-07-09,19625.054411885147,57307.51938586477,52595.145823852195,20057631.78505267,73611508.6511433
2002-07-10,20299.40634876406,64037.76013321006,54402.409014687684,22413216.04662352,82256502.89110832
2002-07-11,17767.70666823857,68389.68984554926,47617.45387087937,23936391.445942238,87846556.60660802
2002-07-12,19114.81937480904,63573.76534087559,51227.715924488235,22250817.869306456,81660501.58035469
2002-07-13,17834.015440189098,67310.1485207481,47795.161379706784,23558551.982261837,86459885.77490094
2002-07-14,19239.053710720153,62113.47008327069,51560.66394473001,21739714.529144738,79784752.32196118
2002-07-15,19412.656227279433,67657.58368962313,52025.91868910888,23680154.291368093,86906166.2493209
2002-07-16,22007.750289355514,61164.80445629309,58980.77077547278,21407681.55970258,78566191.32410847
2002-07-17,19472.442931696944,49551.19838914265,52186.14705694781,17342919.436199926,63648514.33085372
2002-07-18,17152.32221018102,55154.30904794125,45968.22352328514,19304008.166779436,70845709.97208053
2002-07-19,16550.823615565918,73106.08310068214,44356.207289716665,25587129.085238747,93904763.7428262
2002-07-20,15305.376335311794,76414.45868600922,41018.40857863561,26745060.540103227,98154372.18217884
2002-07-21,12440.727041981998,63991.39453798686,33341.148472511755,22396988.0882954,82196946.28404412
2002-07-22,19523.98177849467,70926.6013149917,52324.271166365725,24824310.460247092,91105219.38910682
2002-07-23,14343.91518498658,66850.3804288474,38441.69269576403,23397633.150096588,85869313.66085447
2002-07-24,15737.850361614772,77062.23665135575,42177.438969127594,26971782.82797451,98986442.97866645
2002-07-25,17729.561950816944,70979.93309088887,47515.22602818941,24842976.581811104,91173724.05524676
2002-07-26,15438.618706470477,67400.29799166985,41375.49813334088,23590104.297084447,86575682.77029991
2002-07-27,16172.959014001306,72885.39226108986,43343.530157523506,25509887.29138145,93621286.35936992
2002-07-28,13884.522027546624,73368.16618083802,37210.51903382495,25678858.163293306,94241409.45928644
2002-07-29,14200.087818882559,72922.89245723792,38056.23535460526,25523012.36003327,93669455.3613221
2002-07-30,14655.288308539051,69292.76540567474,39276.17266688466,24252467.891986158,89006557.1635892
2002-07-31,17100.41110493424,62471.398670873714,45829.10176122376,21864989.5348058,80244511.59273729
2002-08-01,9049.621786259184,79805.23216064955,24252.986387174613,27931831.25622734,102509820.71035434
2002-08-02,15951.114106099709,70551.75831373873,42748.98580434722,24693115.409808554,90623733.5539974
2002-08-03,13429.090637607247,77657.5502632488,35989.96290878743,27180142.59213708,99751123.31314307
2002-08-04,14873.920471524387,64760.64654238165,39862.10686368536,22666226.289833575,83185050.48368922
2002-08-05,13696.19637918141,70530.67215829,36705.80629620618,24685735.255401503,90596648.38732351
2002-08-06,11129.230256625171,69626.96026755606,29826.33708775546,24369436.09364462,89435830.46367575
2002-08-07,16505.262640568948,69572.39026181436,44234.10387672478,24350336.591635022,89365735.29130054
2002-08-08,10251.87216331006,72267.26740162839,27475.01739767096,25293543.590569936,92827304.97739166
2002-08-09,14222.02108633341,68367.25067077341,38115.01651137354,23928537.734770693,87817733.48660845
2002-08-10,14200.346093778828,71098.1633782341,38056.92753132726,24884357.182381928,91325590.85934168
2002-08-11,11882.740308121982,66770.01830986666,31845.74402576691,23369506.40845333,85766088.51902372
2002-08-12,14722.009211482717,67674.71923745592,39454.984686773685,23686151.73310957,86928176.86051212
2002-08-13,14181.980698979338,63455.11563621519,38007.70827326463,22209290.472675316,81508096.03471841
2002-08-14,13370.863972144729,66703.30829871421,35833.91544534788,23346157.904549975,85680399.5096984
2002-08-15,13847.640349400257,70473.27233491793,37111.67613639269,24665645.317221276,90522918.31420209
2002-08-16,10634.098502216842,66862.68027697712,28499.38398594114,23401938.09694199,85885112.8157771
2002-08-17,13368.51533645423,68738.45332263288,35827.62110169734,24058458.662921507,88294543.29292193
2002-08-18,12909.003547327247,61808.64347555414,34596.129506837024,21633025.21644395,79393202.54434928
2002-08-19,9439.626102241135,64512.531533350186,25298.197954006242,22579386.036672562,82866346.7545883
2002-08-20,10727.311744428242,69855.49740173378,28749.19547506769,24449424.090606824,89729386.41252704
2002-08-21,12050.525308276774,61696.02979350292,32295.407826181756,21593610.42772602,79248550.26975448
2002-08-22,12298.734701225,67712.52230951398,32960.608999283,23699382.808329895,86976734.90657072
2002-08-23,13284.694461178533,67778.88718221431,35602.98115595847,23722610.513775006,87061980.58555427
2002-08-24,12437.055533643046,69021.44923041943,33331.30883016337,24157507.230646797,88658051.53647374
2002-08-25,10160.776479771743,72750.81886789344,27230.880965788274,25462786.603762705,93448426.83580913
2002-08-26,11072.395865814316,59202.128181842534,29674.02092038237,20720744.863644887,76045133.64957674
2002-08-27,12934.658410239374,64664.63314923615,34664.884539441526,22632621.60223265,83061721.28019382
2002-08-28,10201.126260040553,65633.09195851313,27339.018376908683,22971582.185479596,84305706.62071012
2002-08-29,14069.143599080178,73192.1004070146,37705.30484553488,25617235.142455112,94015252.97281025
2002-08-30,12583.146234467778,61417.28402402753,33722.83190837365,21496049.408409636,78890501.32886337
2002-08-31,10994.28819647484,56058.94116629193,29464.692366552572,19620629.408202175,72007709.92810199
2002-09-01,12615.506158979273,64454.76931141088,33809.55650606445,22559169.258993804,82792151.18050726
2002-09-02,11369.479609793503,64591.229535426646,30470.20535424659,22606930.337399326,82967434.33825552
2002-09-03,11470.37562502582,66747.87734940046,30740.606675069197,23361757.072290156,85737648.45530488
2002-09-04,12021.966302815956,59429.12699204109,32218.869691546763,20800194.44721438,76336713.62127677
2002-09-05,9610.57613047901,57503.52905320657,25756.34402968375,20126235.1686223,73863283.06884384
2002-09-06,10460.179422180167,50428.17899838926,28033.280851442847,17649862.64943624,64774995.923430994
2002-09-07,11621.756143623641,59422.16527878901,31146.30646491136,20797757.847576153,76327771.30060448
2002-09-08,9508.757741036387,62360.51325247086,25483.470745977516,21826179.6383648,80102079.2727988
2002-09-09,14998.295012900668,53171.76716768543,40195.43063457379,18610118.5086899,68299134.92689192
2002-09-10,9953.757370064322,55130.850683365454,26676.069751772386,19295797.73917791,70815577.70278293
2002-09-11,11914.06398249984,54626.12887714663,31929.691473099574,19119145.10700132,70167262.54269484
2002-09-12,11191.879540885448,50307.22866630824,29994.237169573,17607530.033207882,64619635.221872926
2002-09-13,7181.986020491877,52046.05658883613,19247.72253491823,18216119.806092646,66853159.68836001
2002-09-14,14334.919883357154,56639.746279526895,38417.585287397174,19823911.197834413,72753754.09605229
2002-09-15,10832.125959008432,44231.41435865602,29030.0975701426,15480995.025529606,56815251.74369366
2002-09-16,9084.793583453094,49605.43747277646,24347.246803654296,17361903.115471758,63718184.43378135
2002-09-17,10247.442064500052,43795.40551186146,27463.14473286014,15328391.929151513,56255198.37998605
2002-09-18,13330.772316931583,53150.17973279536,35726.46980937664,18602562.906478375,68271405.86677563
2002-09-19,11408.121619473697,56939.63195072404,30573.76594018951,19928871.182753414,73138957.24070503
2002-09-20,8270.911876557417,46130.656201525584,22166.04382917388,16145729.670533953,59254827.890859604
2002-09-21,9572.592204160219,45799.40374119855,25654.54710714939,16029791.30941949,58829334.10556953
2002-09-22,12268.25270086489,47124.154328579236,32878.91723831791,16493454.015002733,60530976.23506003
2002-09-23,10222.30215460006,48656.58982543902,27395.769774328164,17029806.438903656,62499389.63077641
2002-09-24,11737.54333904124,48554.99242152485,31456.616148630525,16994247.347533695,62368887.76544866
2002-09-25,12592.371476955825,43606.14195028805,33747.55555824161,15262149.682600817,56012089.335145
2002-09-26,9736.357143989184,44426.00936357201,26093.437145891014,15549103.277250202,57065209.027508244
2002-09-27,12016.973775104896,41816.2655944493,32205.48971728112,14635692.958057256,53712993.15607013
2002-09-28,10987.581134100468,53862.61492321545,29446.717439389256,18851915.223125406,69186528.86887024
2002-09-29,11696.67787444141,37528.51133635294,31347.09670350298,13134978.967723528,48205372.81154535
2002-09-30,10892.801100006798,42459.74396075689,29192.70694801822,14860910.38626491,54539541.11759222
2002-10-01,13040.88902169722,33283.39216446445,34949.58257814855,11649187.257562557,42752517.235254586
2002-10-02,13044.970920584445,43987.24047807138,34960.52206716631,15395534.16732498,56501610.39408268
2002-10-03,8461.897395944095,38019.534300276726,22677.885021130176,13306837.005096853,48836091.80870545
2002-10-04,11938.707008851585,39461.87323972037,31995.734783722248,13811655.63390213,50688776.176420815
2002-10-05,10502.933405587748,46523.774956015695,28147.861526975168,16283321.234605493,59759788.931002155
2002-10-06,8464.620228870108,45572.58628735563,22685.18221337189,15950405.20057447,58537987.086108305
2002-10-07,7364.389026840556,29867.938415487195,19736.562591932692,10453778.445420519,38365366.8946933
2002-10-08,12400.532586524372,41549.10299089626,33233.42733188532,14542186.046813691,53369822.79180624
2002-10-09,13435.585142068081,44506.276888915374,36007.36818074246,15577196.91112038,57168312.66381179
2002-10-10,7278.853810432868,36298.882335370596,19507.328211960088,12704608.817379707,46625914.35978352
2002-10-11,10419.135729108704,38741.95491451884,27923.28375401133,13559684.220081594,49764041.08769945
2002-10-12,9350.300937520009,33255.278395211986,25058.806512553627,11639347.438324194,42716405.09864979
2002-10-13,9218.91921796959,38955.6326427789,24706.7035041585,13634471.424972616,50038510.1296495
2002-10-14,9004.219873235821,32466.56613294994,24131.309260272003,11363298.146532478,41703304.197774194
2002-10-15,11776.946357597131,30385.62596375194,31562.216238360314,10634969.087313177,39030336.55043936
2002-10-16,10364.559630006312,23403.701484133882,27777.019808416917,8191295.519446857,30062054.556369964
2002-10-17,9552.258565034203,28431.422144976423,25600.052954291663,9950997.750741746,36520161.74522221
2002-10-18,11604.375003508696,38397.032996211805,31099.725009403308,13438961.54867413,49320988.88363406
2002-10-19,13919.813378437935,34457.32145543743,37305.099854213666,12060062.5094031,44260429.409509376
2002-10-20,12081.557662085248,29346.82209739925,32378.574534388466,10271387.734089736,37695992.98410933
2002-10-21,10642.437895622625,34521.39174131986,28521.733560268636,12082487.10946195,44342727.69172536
2002-10-22,10505.463015436226,28487.818640944024,28154.640881369087,9970736.524330407,36592603.04429259
2002-10-23,10148.178889492954,34141.27833843146,27197.11942384112,11949447.418451011,43854472.02571521
2002-10-24,13421.944084310988,33579.83937619695,35970.81014595345,11752943.781668931,43133303.678724974
2002-10-25,13200.093060413985,25692.879765464997,35376.24940190948,8992507.91791275,33002504.05873979
2002-10-26,10676.417871423884,30512.18360819352,28612.79989541601,10679264.262867732,39192899.84472457
2002-10-27,12468.870935219267,33607.02940583325,33416.57410638764,11762460.292041637,43168229.27179281
2002-10-28,9916.39277212277,26784.411740619016,26575.932629289025,9374544.109216655,34404576.880825125
2002-10-29,5503.718229402471,31589.950319874715,14749.964854798622,11056482.61195615,40577291.18587907
2002-10-30,10071.430192357106,26823.406587582955,26991.432915517045,9388192.305654032,34454665.761750296
2002-10-31,9667.232283673826,40925.48952217361,25908.182520245853,14323921.33276076,52568791.29123199
2002-11-01,12165.410881679712,34564.80078937493,32603.301162901633,12097680.276281226,44398486.6139521
2002-11-02,13610.578636801176,21285.69964401167,36476.350746627155,7449994.875404085,27341481.19273299
2002-11-03,7622.053169056845,23533.442569189454,20427.102493072347,8236704.899216309,30228706.980123855
2002-11-04,13279.44707426427,25982.243017587287,35588.918159028246,9093785.05615555,33374191.156090867
2002-11-05,12813.897816701585,28746.033840688477,34341.24614876025,10061111.844240967,36924280.46836435
2002-11-06,13365.947843057997,36975.606624924025,35820.74021939543,12941462.318723409,47495166.70971491
2002-11-07,14264.165234789054,29978.030005974913,38227.96282923467,10492310.50209122,38506779.54267477
2002-11-08,13394.072033658236,26991.888335790136,35896.113050204076,9447160.917526547,34671080.567322426
2002-11-09,10222.839645985041,38384.92029370311,27397.21025123991,13434722.102796087,49305430.11726164
2002-11-10,14101.38499683982,31920.99943635604,37791.711791530724,11172349.802724615,41002523.77599934
2002-11-11,12341.811712902998,23484.119606810775,33076.05539058003,8219441.862383771,30165351.63494844
2002-11-12,15404.785762572184,24234.7513468264,41284.825843693456,8482162.97138924,31129538.10499851
2002-11-13,14218.012559590497,29226.34753709984,38104.273659702536,10229221.637984943,37541243.41140474
2002-11-14,13655.110341021225,37246.165393655894,36595.69571393689,13036157.887779564,47842699.448151
2002-11-15,11798.383535089908,31849.115734842075,31619.667874040955,11147190.507194726,40910189.16140464
2002-11-16,13590.08659814339,21536.65489083306,36421.43208302429,7537829.211791569,27663833.20727506
2002-11-17,11146.119650451546,25003.642718696796,29871.600663210145,8751274.951543879,32117179.072166033
2002-11-18,9763.008895940911,40036.781389276075,26164.863841121645,14012873.486246625,51427245.694525115
2002-11-19,14220.145088324687,30919.122004594607,38109.98883671017,10821692.701608112,39715612.21490177
2002-11-20,10725.070926510296,25802.20302266705,28743.190083047593,9030771.057933467,33142929.78261582
2002-11-21,12468.606832875184,36329.04385706665,33415.8663121055,12715165.349973328,46664656.834402114
2002-11-22,14942.495323515892,34554.00704999858,40045.88746702259,12093902.467499502,44384622.05572317
2002-11-23,12987.969858045075,35911.559623159956,34807.7592195608,12569045.868105983,46128398.33594896
2002-11-24,14107.603269135123,39017.90481189077,37808.37676128213,13656266.684161767,50118498.73087368
2002-11-25,13935.371533590951,34016.23668603202,37346.795710023755,11905682.840111205,43693856.02320813
2002-11-26,18163.6142076105,31892.73720882487,48678.48607639614,11162458.023088703,40966220.94473554
2002-11-27,16054.28948048538,35647.37844943576,43025.49580770082,12476582.457302516,45789057.61830024
2002-11-28,15788.053327948077,36990.456216286664,42311.982918900845,12946659.675700333,47514241.00982022
2002-11-29,15039.122117177905,33120.86294538673,40304.84727403679,11592302.030885356,42543748.453349255
2002-11-30,11211.9173373068,35843.21064682946,30047.938463982227,12545123.72639031,46040604.07585244
2002-12-01,13469.761631555253,36329.11946478875,36098.96117256808,12715191.812676061,46664753.952521145
2002-12-02,12930.178325411873,41236.91335654453,34652.877912103824,14432919.674790585,52968815.20648145
2002-12-03,17064.960573015826,34666.62941429052,45734.094335682414,12133320.29500168,44529285.482656166
2002-12-04,12175.599676633447,44518.869145951045,32630.607133377638,15581604.201082865,57184487.417974114
2002-12-05,14124.085672284495,48887.15174451944,37852.54960172245,17110503.110581804,62795546.41583522
2002-12-06,16340.847600854602,45236.55034155165,43793.471570290334,15832792.619543077,58106348.913723096
2002-12-07,11162.748124765101,45799.68779379744,29916.164974370473,16029890.727829102,58829698.97113281
2002-12-08,16943.9878079858,39552.53624864653,45409.88732540194,13843387.687026285,50805232.811386466
2002-12-09,13566.77400519847,47560.95834407453,36358.9543339319,16646335.420426082,61092050.99296372
2002-12-10,20556.340740133004,53452.282540857996,55090.99318355646,18708298.889300298,68659456.92373209
2002-12-11,20752.337777881246,41618.928388440094,55616.26524472174,14566624.935954032,53459513.514951296
2002-12-12,16790.889869929615,42458.33029063757,44999.58485141137,14860415.601723148,54537725.25832395
2002-12-13,15228.060704374317,58640.08190026821,40811.20268772317,20524028.665093873,75323185.2008945
2002-12-14,18644.314062785386,48209.798574225715,49966.761688264836,16873429.500979,61925486.268592924
2002-12-15,16358.187827213871,56315.19206434331,43839.94337693317,19710317.222520158,72336864.20664898
2002-12-16,22123.445342080275,50757.47732073253,59290.83351677514,17765117.062256385,65197979.61848093
2002-12-17,18028.0191997824,45899.63419146768,48315.091455416834,16064871.967013687,58958080.11894023
2002-12-18,18538.692967411534,46749.51031212695,49683.69715266291,16362328.60924443,60049745.99592706
2002-12-19,18320.660883496403,57445.2708995719,49099.37116777036,20105844.814850166,73788450.47050011
2002-12-20,18294.040803021453,50838.279273057975,49028.029352097496,17793397.74557029,65301769.72624297
2002-12-21,19062.78310109909,57647.26482250634,51088.25871094556,20176542.687877215,74047911.66450939
2002-12-22,21855.57330205798,62756.10587280791,58572.936449515386,21964637.055482764,80610217.99362174
2002-12-23,18335.40822540768,59489.507272239425,49138.89404409258,20821327.545283798,76414272.09119153
2002-12-24,18925.580253010387,53493.66094609761,50720.55507806784,18722781.331134163,68712607.48526238
2002-12-25,19471.20474529968,49908.023184667574,52182.82871740315,17467808.11463365,64106855.78070549
2002-12-26,18786.62297369644,66889.36400537536,50348.149569506466,23411277.401881374,85919388.06490465
2002-12-27,19383.740632064222,63688.14501842877,51948.42489393212,22290850.75645007,81807422.27617174
2002-12-28,19931.470596594445,65152.34814654972,53416.34119887312,22803321.851292398,83688191.1942431
2002-12-29,20018.802214633077,55193.814869465394,53650.38993521665,19317835.204312887,70896455.1998283
2002-12-30,19894.86422625502,66120.12679747799,53318.23612636346,23142044.379117295,84931302.87136047
2002-12-31,20546.002649825205,56290.34456908489,55063.287101531554,19701620.59917971,72304947.59898953
2003-01-01,22030.441141241965,62104.436265106146,59041.58225852847,21736552.69278715,79773148.38252884
2003-01-02,18941.32008745739,54777.567240637494,50762.73783438581,19172148.53422312,70361785.12059885
2003-01-03,20752.143885231817,61355.54976170335,55615.74561242127,21474442.41659617,78811203.66890794
2003-01-04,23276.854091872945,61231.86560104764,62381.968966219494,21431152.960366674,78652331.36454569
2003-01-05,20754.58338746994,57466.44365403045,55622.283478419435,20113255.278910656,73815646.8736021
2003-01-06,23224.446800114638,58863.09603978704,62241.51742430723,20602083.61392546,75609646.86310644
2003-01-07,22339.424132715343,66689.46624989957,59869.65667567712,23341313.18746485,85662619.397996
2003-01-08,20303.93217014434,63938.1869418724,54414.53821598684,22378365.42965534,82128601.1268351
2003-01-09,22777.47456707655,52337.180291149874,61043.63183976516,18318013.101902455,67227108.083982
2003-01-10,21228.782401318207,64228.74272514383,56893.1368355328,22480059.95380034,82501820.03044724
2003-01-11,23047.055636916175,73874.27424976937,61766.10910693535,25855995.98741928,94891505.27382876
2003-01-12,20357.19566143177,64459.93723038301,54557.28437263715,22560978.030634053,82798789.37242697
2003-01-13,18856.320347580306,70693.78912626223,50534.938531515225,24742826.19419178,90806172.13268383
2003-01-14,21790.869365195318,75897.02319990419,58399.52989872346,26563958.119966466,97489726.30027694
2003-01-15,24659.984682588354,68677.0976935347,66088.7589493368,24036984.192737143,88215731.98734531
2003-01-16,21380.020440698427,64623.43156465846,57298.454781071785,22618201.04763046,83008797.84480378
2003-01-17,20177.39909034559,60540.11791465519,54075.429562126184,21189041.270129316,77763781.46137458
2003-01-18,23995.173516379873,73716.88419540453,64307.06502389807,25800909.468391582,94689337.7489971
2003-01-19,24154.900334281232,66537.98045610623,64735.13289587371,23288293.15963718,85468035.89586845
2003-01-20,22528.98027629539,75957.03026194671,60377.667140471654,26584960.591681346,97566805.37147054
2003-01-21,21962.914181752876,74873.10482925619,58860.61000709771,26205586.690239664,96174503.15317957
2003-01-22,23400.030090048946,60489.493805179365,62712.08064133118,21171322.831812777,77698754.79275289
2003-01-23,23506.493770644323,73700.78162404167,62997.40330532679,25795273.568414584,94668653.99608152
2003-01-24,28177.513638602923,70187.57879503367,75515.73655145583,24565652.57826178,90155944.96222074
2003-01-25,24977.524937065136,65459.60554999139,66939.76683133456,22910861.942496985,84082863.32896394
2003-01-26,25909.950183758796,78785.87081551802,69438.66649247358,27575054.785431307,101200451.06253289
2003-01-27,24353.26341197467,66103.65770312105,65266.745944092116,23136280.196092363,84910148.31965896
2003-01-28,26263.461388689706,73793.76245521431,70386.07652168842,25827816.859325007,94788087.87372278
2003-01-29,27149.565404744037,71068.00277591337,72760.83528471402,24873800.97156968,91286849.56566073
2003-01-30,27092.404180550424,73653.72659772051,72607.64320387514,25778804.309202176,94608211.81477198
2003-01-31,26645.97903649496,68233.44897267959,71411.22381780649,23881707.140437853,87645865.20540692
2003-02-01,26706.173830951397,75548.99233271462,71572.54586694975,26442147.316450115,97042680.65137193
2003-02-02,25622.94177704609,61476.5954982815,68669.48396248353,21516808.424398523,78966686.91754258
2003-02-03,25773.989016849195,73092.61752457477,69074.29056515584,25582416.13360117,93887467.21031629
2003-02-04,24842.500334716846,71220.49369181212,66577.90089704115,24927172.792134244,91482724.14713268
2003-02-05,25850.445750519855,78003.93481805199,69279.19461139322,27301377.186318196,100196054.27378778
2003-02-06,24058.88390659962,71177.6449945429,64477.80886968699,24912175.748090018,91427684.99549036
2003-02-07,28801.20939679401,70650.07049323845,77187.24118340795,24727524.672633454,90750015.54856478
2003-02-08,24768.001944496944,71152.15501943228,66378.24521125181,24903254.256801296,91394943.12246075
2003-02-09,26027.53512630854,67205.33964259067,69753.79413850688,23521868.874906734,86325258.77090771
2003-02-10,29521.158296051133,65853.28984256557,79116.70423341704,23048651.44489795,84588550.80277547
2003-02-11,30133.32318467722,67671.59512193018,80757.30613493496,23685058.292675562,86924163.93411931
2003-02-12,27864.233991203604,62561.27024565407,74676.14709642566,21896444.58597892,80359951.63054264
2003-02-13,25984.107433685313,72312.5694581373,69637.40792227664,25309399.31034805,92885495.46897733
2003-02-14,25568.393918113477,69286.02431497483,68523.29570054413,24250108.510241188,88997898.23258516
2003-02-15,31384.13509974288,70489.45830121057,84109.48206731094,24671310.405423697,90543709.18790497
2003-02-16,29372.980344904776,74082.312829108,78719.5873243448,25928809.490187798,95158730.82898922
2003-02-17,28548.704883642313,61761.8082446737,76510.5290881614,21616632.885635793,79333042.69028336
2003-02-18,27874.865955118123,62804.51558461119,74704.64075971657,21981580.454613913,80672400.26843306
2003-02-19,29033.13250837036,67051.2827231572,77808.79512243257,23467948.953105018,86127372.65789542
2003-02-20,29741.039855919,66328.54254281212,79705.98681386292,23214989.889984243,85199012.89624217
2003-02-21,26569.154165376887,66050.51861751435,71205.33316321006,23117681.516130023,84841891.16419718
2003-02-22,23000.55697313681,57398.54078151772,61641.49268800665,20089489.2735312,73728425.6338595
2003-02-23,24512.01462782112,70803.32755005373,65692.19920256062,24781164.642518803,90946874.23804401
2003-02-24,28314.25151976122,51740.91385376158,75882.19407296008,18109319.84881655,66461203.845156744
2003-02-25,30205.499775441727,60470.78585109142,80950.73939818384,21164775.047881998,77674724.42572694
2003-02-26,25128.063393861114,64765.463354376625,67343.20989554778,22667912.174031816,83191237.67869677
2003-02-27,30564.730007963866,60601.36780177716,81913.47642134316,21210478.730622005,77842456.94138275
2003-02-28,29804.432102944495,64113.73842952566,79875.87803589125,22439808.450333983,82354097.01272571
2003-03-01,30962.2693611532,58624.84860504585,82978.88188789059,20518697.011766046,75303618.03318138
2003-03-02,26412.201770457938,61939.09208469469,70784.70074482728,21678682.22964314,79560763.78279032
2003-03-03,29406.733780290062,63136.17198121359,78810.04653117737,22097660.193424758,81098412.90986885
2003-03-04,32699.500328374965,60804.465048453196,87634.66088004492,21281562.766958617,78103335.35473812
2003-03-05,31066.48899308301,62976.0124186044,83258.19050146248,22041604.34651154,80892687.95169735
2003-03-06,28711.108324368157,56175.20017620942,76945.77030930667,19661320.061673295,72157044.62634099
2003-03-07,33998.85775274644,56247.77744216165,91116.93877736045,19686722.104756575,72250270.12445663
2003-03-08,30136.221496189173,52002.60790026025,80765.073609787,18200912.765091084,66797349.847884275
2003-03-09,27565.7800866051,55588.03386759699,73876.29063210168,19455811.853658944,71402829.50292833
2003-03-10,32542.89156899054,42498.05526550863,87214.94940489465,14874319.342928018,54588751.98854583
2003-03-11,28233.416499105515,57215.85248598277,75665.55621760279,20025548.370093968,73493762.51824486
2003-03-12,32609.299575887275,57285.424471693994,87392.9228633779,20049898.565092895,73583127.73389092
2003-03-13,30460.344988629604,52209.894340024,81633.72456952735,18273463.019008398,67063609.27976082
2003-03-14,30358.396889033527,46500.09084539061,81360.50366260986,16275031.795886712,59729366.69090423
2003-03-15,29911.497516609492,50724.00096424463,80162.81334451344,17753400.33748562,65154979.23857222
2003-03-16,27475.355963151167,53899.30893715592,73633.95398124513,18864758.12800457,69233662.32977676
2003-03-17,31243.449656660003,47100.005378378315,83732.44507984881,16485001.88243241,60499956.90852694
2003-03-18,31276.266859568845,57322.03039282455,83820.3951836445,20062710.63748859,73630148.03958312
2003-03-19,28562.066000689196,54302.67732625795,76546.33688184705,19005937.064190283,69751789.02557833
2003-03-20,30321.164745142592,41137.37776340716,81260.72151698216,14398082.217192505,52840961.73709649
2003-03-21,31939.176259331605,41974.16829266132,85596.9923750087,14690958.902431462,53915819.171923466
2003-03-22,32927.09347663738,46847.371403315374,88244.6105173882,16396579.99116038,60175448.567558594
2003-03-23,29265.991277707093,44482.95624742386,78432.85662425502,15569034.686598351,57138357.299815945
2003-03-24,29450.454463451995,42802.5477633879,78927.21796205135,14980891.717185762,54979872.60207175
2003-03-25,29645.508928632244,47930.78970623074,79449.96392873442,16775776.397180757,61567099.377653375
2003-03-26,30844.839998908657,48534.71542944541,82664.17119707521,16987150.400305893,62342841.969122626
2003-03-27,30088.982212669922,46647.175357449,80638.4723299554,16326511.37510715,59918296.74664324
2003-03-28,31111.19231392878,43959.637995839454,83377.99540132913,15385873.298543807,56466155.00565577
2003-03-29,30919.26718354232,42160.92752772424,82863.63605189342,14756324.634703483,54155711.40936178
2003-03-30,33084.80906284736,43679.99250228427,88667.28828843092,15287997.375799494,56106950.369184144
2003-03-31,28147.405217211686,41651.10734547806,75435.04598212733,14577887.570917321,53500847.385266565
2003-04-01,33277.2156238688,39220.092876639115,89182.93787196837,13727032.506823689,50378209.300042935
2003-04-02,28912.466729095402,40482.659249363016,77485.41083397568,14168930.737277053,51999975.805806786
2003-04-03,33588.94605733486,45310.050691798504,90018.37543365743,15858517.742129475,58200760.11361517
2003-04-04,31049.08092643849,44938.76697778604,83211.53688285516,15728568.442225114,57723846.182966165
2003-04-05,31181.629271967264,43657.71493448402,83566.76644887227,15280200.227069406,56078334.83334472
2003-04-06,29843.99393334965,30409.886456197197,79981.90374137707,10643460.259669019,39061499.1529853
2003-04-07,28777.36839640969,31977.98204524444,77123.34730237797,11192293.715835553,41075717.937116474
2003-04-08,28321.941011242146,31754.156706134767,75902.80191012895,11113954.847147167,40788214.2890301
2003-04-09,30057.109376925528,36805.60785911516,80553.05313016042,12881962.750690306,47276803.29503342
2003-04-10,28776.373768747602,32452.04550220627,77120.68170024359,11358215.925772194,41684652.44758395
2003-04-11,28320.039202832344,32518.475684460023,75897.70506359069,11381466.489561006,41769982.01668889
2003-04-12,27521.20144761474,29622.049105106533,73756.81987960752,10367717.186787285,38049522.07550933
2003-04-13,28037.432003030113,37216.21344905251,75140.3177681207,13025674.707168378,47804226.175307944
2003-04-14,26927.50398130437,28719.89874466654,72165.71066989572,10051964.560633289,36890709.93752417
2003-04-15,31409.45308490134,25824.49126067629,84177.3342675356,9038571.941236699,33171559.024338685
2003-04-16,31345.021943806387,29909.50995351141,84004.65880940112,10468328.483728992,38418765.5352854
2003-04-17,30636.226662232697,39125.3830129337,82105.08745478363,13693884.054526795,50256554.480113335
2003-04-18,33189.53993513366,24713.32750830615,88947.96702615822,8649664.627907151,31744269.184419245
2003-04-19,30193.32181601105,32413.429984371665,80918.10246690961,11344700.494530082,41635050.8149254
2003-04-20,29310.161196287474,39403.72769923064,78551.23200605043,13791304.694730723,50614088.229661755
2003-04-21,27868.44888787872,42863.868586969664,74687.44301951498,15002354.005439382,55058639.199962534
2003-04-22,28405.908787975717,26766.39339290404,76127.83555177493,9368237.687516414,34381432.31318524
2003-04-23,25314.402935807422,30821.62278220195,67842.5998679639,10787567.973770682,39590374.463738404
2003-04-24,29014.39095587754,32090.720567487653,77758.56776175181,11231752.198620679,41220530.56893789
2003-04-25,29012.176922353316,27512.571179359766,77752.6341519069,9629399.912775917,35339897.679887615
2003-04-26,29808.303226055585,32038.965186774865,79886.25264582896,11213637.815371202,41154050.78241231
2003-04-27,29013.01135863843,31258.051108389776,77754.870441151,10940317.88793642,40150966.648726664
2003-04-28,29352.681941341474,28698.584738983525,78665.18760279515,10044504.658644233,36863332.09722433
2003-04-29,27563.19976389723,34754.569062669565,73869.37536724459,12164099.171934348,44642243.96099906
2003-04-30,29167.790678978345,35299.63420214377,78169.67901966197,12354871.970750317,45342380.13265366
2003-05-01,29690.307023561123,33995.842683493465,79570.02282314381,11898544.939222712,43667659.926947355
2003-05-02,32982.898031706834,31980.054243018272,88394.16672497432,11193018.985056395,41078379.675156966
2003-05-03,27036.96582229895,32169.098935090562,72459.0684037612,11259184.627281696,41321207.58212382
2003-05-04,26136.97627256704,35922.45614664267,70047.09641047967,12572859.651324933,46142394.9203625
2003-05-05,28204.987315060735,34534.02584692383,75589.36600436278,12086909.046423342,44358956.200373664
2003-05-06,29906.55229928062,26681.924446648827,80149.56016207207,9338673.55632709,34272931.95172042
2003-05-07,30300.837506976113,36105.336137086655,81206.24451869598,12636867.647980327,46377304.2680878
2003-05-08,23399.40773767387,29241.54220180475,62710.41273696598,10234539.770631662,37560760.958218195
2003-05-09,30762.474851183335,27052.429312063658,82443.43260117134,9468350.259222278,34748845.451345764
2003-05-10,31583.34926450582,37524.16687581653,84643.3760288756,13133458.406535786,48199792.351986334
2003-05-11,27410.586679716598,51659.281867672886,73460.37230164048,18080748.653685506,66356347.55902581
2003-05-12,29537.97375516544,25395.31515647001,79161.76966384338,8888360.304764502,32620282.318485722
2003-05-13,29894.71151798696,40341.68464532802,80117.82686820505,14119589.625864808,51818893.92692384
2003-05-14,26674.91869434272,29848.357230524016,71488.78210083849,10446925.030683404,38340214.86260809
2003-05-15,25458.527556771623,33889.97599549034,68228.85385214795,11861491.598421618,43531674.166207336
2003-05-16,23919.349549408762,35778.02219555955,64103.856792415485,12522307.76844584,45956869.51019623
2003-05-17,26627.69473448781,34588.97359907321,71362.22188842733,12106140.759675622,44429536.58800953
2003-05-18,29097.313963607266,32391.741999264657,77980.80142246748,11337109.69974263,41607192.59805545
2003-05-19,23582.514375392493,35147.878702102505,63201.13852605189,12301757.545735875,45147450.192850664
2003-05-20,23160.09788363531,30956.66368505068,62069.06232814263,10834832.289767738,39763834.5034476
2003-05-21,27689.703748861466,40538.15506182291,74208.40604694873,14188354.271638017,52071260.176911525
2003-05-22,27238.90520769371,36657.75478190294,73000.26595661916,12830214.173666028,47086886.017354324
2003-05-23,26524.51241159877,39681.215495891556,71085.69326308471,13888425.423562044,50970521.3044727
2003-05-24,27985.72167557937,37378.83042647497,75001.73409055272,13082590.649266237,48013107.68280709
2003-05-25,27582.51240364141,35599.50268373117,73921.13324175899,12459825.939305909,45727561.19725268
2003-05-26,27278.720607652678,42520.0313887269,73106.97122850918,14882010.986054413,54616980.318819694
2003-05-27,28444.25124262029,38186.99649605918,76230.59333022237,13365448.773620712,49051196.99918801
2003-05-28,25819.286697194835,39343.0334545326,69195.68834848216,13770061.709086407,50536126.47234711
2003-05-29,25665.99555692116,44604.38099359773,68784.86809254871,15611533.347759204,57294327.386276275
2003-05-30,23666.504058331582,43541.598877582335,63426.23087632864,15239559.607153816,55929183.758254506
2003-05-31,25522.848182299782,55488.59836335892,68401.23312856341,19421009.427175622,71275104.59773453
2003-06-01,25689.83979076203,42166.71790830764,68848.77063924224,14758351.267907673,54163149.15322116
2003-06-02,24153.208043132265,40732.490053742025,64730.597555594475,14256371.51880971,52320883.474031635
2003-06-03,22834.88678631193,42404.831821999236,61197.496587315974,14841691.137699733,54469006.47535802
2003-06-04,24783.138194758485,39606.40989012628,66418.81036195274,13862243.461544197,50874433.5038672
2003-06-05,23607.404006919984,42108.62379663038,63267.84273854556,14738018.328820633,54088527.26677172
2003-06-06,27060.23942815975,42590.18654154655,72521.44166746814,14906565.289541293,54707094.61261655
2003-06-07,25753.03821341777,36298.39044556496,69018.14241195963,12704436.655947736,46625282.527328186
2003-06-08,23001.97921911978,50622.60116534726,61645.304307241015,17717910.40787154,65024731.19688855
2003-06-09,19797.480567701838,58361.596937307935,53057.247921440925,20426558.928057775,74965471.26597203
2003-06-10,22429.324855970917,45738.96144585405,60110.59061400206,16008636.506048918,58751695.977199525
2003-06-11,25946.41124813006,42242.389408071234,69536.38214498857,14784836.292824931,54260349.194667496
2003-06-12,25380.795443131516,52725.276546668785,68020.53178759247,18453846.791334074,67725617.72419605
2003-06-13,23902.2152704353,51078.15180945709,64057.9369247666,17877353.133309983,65609885.99924763
2003-06-14,22499.890286603637,51625.2542586543,60299.70596809775,18068838.990529,66312639.095241435
2003-06-15,24230.831646222476,45186.3215517494,64938.62881187624,15815212.54311229,58041830.0332221
2003-06-16,24156.716918640213,50513.984399514324,64740.00134195577,17679894.539830014,64885212.96117615
2003-06-17,26371.793652788616,50013.592404751995,70676.4069894735,17504757.341663197,64242459.44390393
2003-06-18,21224.51521243303,53882.70020536308,56881.70076932052,18858945.071877077,69212328.41378887
2003-06-19,22209.90098121256,50026.636748810095,59522.53462964966,17509322.862083532,64259214.90384656
2003-06-20,20814.33458211836,52555.21628570112,55782.416680077215,18394325.69999539,67507175.31898308
2003-06-21,26164.176850772783,52795.12335916306,70119.99396007106,18478293.17570707,67815335.95484494
2003-06-22,19868.218889272957,49186.88019618672,53246.82662325153,17215408.06866535,63180547.61200184
2003-06-23,19307.133544236927,57586.064178889545,51743.11789855497,20155122.46261134,73969299.43778361
2003-06-24,19799.84356483593,55973.79493186825,53063.580753760296,19590828.226153884,71898339.58998476
2003-06-25,18414.545003716907,58280.17294573671,49350.98060996131,20398060.53100785,74860882.14879881
2003-06-26,19529.83420217985,53570.54012906954,52339.955661841996,18749689.045174338,68811358.79578982
2003-06-27,21787.629352357057,56761.98272499826,58390.846664316916,19866693.953749392,72910766.81026027
2003-06-28,21082.53278968787,71289.55347007303,56501.187876363496,24951343.714525558,91571431.4323088
2003-06-29,22002.893765806024,59106.15724568161,58967.75529236015,20687155.03598856,75921858.98207802
2003-06-30,22476.552976431874,64877.32507712864,60237.16197683743,22707063.77699502,83334924.06157173
2003-07-01,19267.717130748857,59290.31523319375,51637.48191040694,20751610.331617814,76158409.91703737
2003-07-02,19683.43392910021,64052.55905173623,52751.60292998857,22418395.668107677,82275512.10195518
2003-07-03,18173.576344483605,66013.53275797892,48705.18460321606,23104736.465292618,84794382.8276239
2003-07-04,21116.22214337185,74069.74805286723,56591.47534423656,25924411.81850353,95142591.37390795
2003-07-05,20686.923586795907,64399.51688776223,55440.95521261304,22539830.91071678,82721179.44233058
2003-07-06,22551.26026597505,69322.54187138517,60437.37751281313,24262889.65498481,89044805.03379425
2003-07-07,22957.67468341242,69973.8179160244,61526.56815154529,24490836.27060854,89881369.11313334
2003-07-08,18835.556463825695,69772.62097990022,50479.291323052865,24420417.342965078,89622931.64868183
2003-07-09,19461.91261663548,59772.55051261457,52157.92581258309,20920392.6794151,76777841.13345341
2003-07-10,19701.26620121802,66530.4508066236,52799.39341926429,23285657.78231826,85458364.06110801
2003-07-11,18745.85757984565,77170.2514824019,50238.89831398635,27009588.018840667,99125188.02914524
2003-07-12,19359.45182621342,63941.636040256,51883.330894251965,22379572.6140896,82133031.49370883
2003-07-13,17709.20736235067,61814.39031765541,47460.6757310998,21635036.611179393,79400584.36302838
2003-07-14,17267.44790516647,66003.37984797661,46276.760385846144,23101182.946791813,84781341.41472594
2003-07-15,14740.4698271394,68812.85616220269,39504.459136733596,24084499.656770937,88390113.74034934
2003-07-16,17212.815939336302,63944.99347808376,46130.34671742129,22380747.717329316,82137344.12259859
2003-07-17,15947.442162444517,62031.679504722604,42739.14499535131,21711087.82665291,79679692.32381618
2003-07-18,17211.809833757736,67508.80854149272,46127.65035447074,23628082.98952245,86715064.57154739
2003-07-19,15356.862399503716,68713.89009344565,41156.391230669964,24049861.532705974,88262991.82503092
2003-07-20,19336.602205170893,74199.95359788631,51822.093909858,25969983.759260207,95309840.39648496
2003-07-21,15892.758918522268,69434.03568565082,42592.59390163968,24301912.48997778,89188018.83821845
2003-07-22,18065.190167114328,75717.82488218816,48414.7096478664,26501238.708765853,97259546.06117068
2003-07-23,15782.137230675924,69132.60191525579,42296.12777821148,24196410.670339525,88800827.16014606
2003-07-24,15901.57995560257,72895.5584338106,42616.23428101489,25513445.451833706,93634344.8082297
2003-07-25,18650.21937947874,77170.51748776846,49982.58793700303,27009681.12071896,99125529.71303858
2003-07-26,12244.028276008541,71103.2609402206,32813.99577970289,24886141.329077207,91332138.67771335
2003-07-27,13707.107793654377,80338.41214110295,36735.04888699373,28118444.24938603,103194690.39524673
2003-07-28,14472.916212929109,78265.3281118847,38787.41545065001,27392864.83915964,100531813.95971589
2003-07-29,19354.267014077144,78032.23196244928,51869.43559772675,27311281.186857246,100232401.9557661
2003-07-30,13223.464769709333,71482.92426800195,35438.885582821014,25019023.493800685,91819816.22224851
2003-07-31,15126.95937966641,65165.37884397817,40540.251137505984,22807882.59539236,83704929.12508996
2003-08-01,15760.514470250022,67818.66511082905,42238.178780270064,23736532.788790166,87113075.33485991
2003-08-02,14741.382296114487,62214.63567309087,39506.90455358683,21775122.485581804,79914699.52208522
2003-08-03,13872.911604451954,72446.35244787551,37179.40309993124,25356223.35675643,93057339.7192961
2003-08-04,13454.657175329565,62444.12522076688,36058.48122988323,21855443.827268407,80209478.84607506
2003-08-05,14685.2643550898,59950.28410384001,39356.50847164066,20982599.436344,77006139.93138248
2003-08-06,12534.959901464254,74035.33710864733,33593.6925359242,25912367.988026563,95098390.51605749
2003-08-07,16514.640010509906,69988.98114989336,44259.23522816655,24496143.402462672,89900846.28703801
2003-08-08,10649.904771208057,71734.70214605727,28541.744786837597,25107145.751120046,92143224.90661056
2003-08-09,12124.689082013369,66588.27722508957,32494.16673979583,23305897.028781347,85532642.09562755
2003-08-10,13023.369794397255,68558.36462585957,34902.631048984644,23995427.61905085,88063219.36191662
2003-08-11,16697.62445162506,65550.09424329913,44749.63353035516,22942532.985154692,84199096.05551772
2003-08-12,10845.470593786526,67022.86415690448,29065.86119134789,23458002.454916567,86090869.00954379
2003-08-13,10864.63156360094,69134.0486656765,29117.212590450523,24196917.032986775,88802685.51106146
2003-08-14,12606.194115430388,69009.96384923838,33784.60022935344,24153487.347233433,88643298.5643467
2003-08-15,10564.104107460327,68015.23015753536,28311.79900799368,23805330.555137374,87365563.13735417
2003-08-16,12284.30895694975,69706.89449324495,32921.94800462533,24397413.07263573,89538505.97657312
2003-08-17,11995.480952323609,55362.209515618175,32147.888952227273,19376773.33046636,71112758.12281154
2003-08-18,15205.00733976877,65253.55777619431,40749.419670580304,22838745.22166801,83818194.96352158
2003-08-19,13784.261591170132,58423.72375955031,36941.821064335956,20448303.315842606,75045273.16914237
2003-08-20,12829.843098150612,65741.67876991538,34383.97950304364,23009587.569470383,84445186.3799563
2003-08-21,18366.723728702716,58734.904722947766,49222.81959292328,20557216.653031718,75444985.1166264
2003-08-22,16685.8611279888,72203.62847485853,44718.10782300998,25271269.966200486,92745560.77595578
2003-08-23,12273.003507766063,63271.45637251433,32891.649400813054,22145009.730380014,81272185.71049465
2003-08-24,11888.652412740345,67431.35306079095,31861.588466144127,23600973.571276832,86615573.00658597
2003-08-25,12709.048544544796,58072.22509304267,34060.25009938006,20325278.78256493,74593773.13201329
2003-08-26,14505.041232098683,71968.57984180759,38873.510502024474,25189002.944632653,92443640.80680184
2003-08-27,11750.784588827348,62094.28615274529,31492.102698057293,21733000.15346085,79760110.56320131
2003-08-28,13071.25231967285,57655.09540076148,35030.95621672324,20179283.390266515,74057970.04227811
2003-08-29,10279.821677377593,58587.34576857523,27549.922095371952,20505571.019001327,75255445.63973486
2003-08-30,9526.118059900851,51599.61014261525,25529.996400534284,18059863.549915336,66279699.22818928
2003-08-31,12587.413178198325,60575.400388853996,33734.26731757151,21201390.1360989,77809101.79948296
2003-09-01,11084.273968181751,55435.541572799935,29705.854234727096,19402439.550479975,71206953.1502615
2003-09-02,13094.796169117946,60627.852025482694,35094.0537332361,21219748.20891894,77876475.92673251
2003-09-03,9620.6753370624,56681.79351905088,25783.409903327232,19838627.731667805,72807763.77522084
2003-09-04,12859.641905884318,60409.886463796676,34463.84030776998,21143460.262328833,77596499.16274682
2003-09-05,9230.661038316828,50510.22992572238,24738.1715826891,17678580.47400283,64880390.339590386
2003-09-06,11482.969379220418,48043.2151091878,30774.357936310724,16815125.288215727,61711509.807751715
2003-09-07,10947.970273502084,63839.208898576,29340.560332985588,22343723.1145016,82001463.83022086
2003-09-08,10456.065897167528,48729.014119435036,28022.256604408976,17055154.94180226,62592418.63641429
2003-09-09,11565.71058121143,38989.015179181646,30996.104357646633,13646155.312713575,50081389.99765882
2003-09-10,9183.49214546437,45304.7672509698,24611.758949844512,15856668.537839431,58193973.53387071
2003-09-11,12084.20823259683,44406.98778557616,32385.678063359504,15542445.724951655,57040775.81057257
2003-09-12,8735.136651861414,44856.265473676336,23410.166226988593,15699692.915786717,57617873.00093725
2003-09-13,11655.590430281953,56980.34926074174,31236.982353155636,19943122.24125961,73191258.62542276
2003-09-14,6320.037433106312,52959.21192660187,16937.700320724918,18535724.174310654,68026107.7197201
2003-09-15,12629.537846725172,44204.59858084732,33847.161429223466,15471609.503296562,56780806.87709838
2003-09-16,10245.129633566667,41604.5797815707,27456.94741795867,14561602.923549743,53441082.72942755
2003-09-17,10691.450750537126,43595.63974967965,28653.0880114395,15258473.912387876,55998599.2584635
2003-09-18,10146.465885161371,51314.97108669229,27192.528572232477,17960239.8803423,65914080.36085624
2003-09-19,10266.556653625383,34017.11343983939,27514.371831716027,11905989.703943787,43694982.2134737
2003-09-20,11323.115602844831,52228.85867944267,30345.94981562415,18280100.53780493,67087968.973744094
2003-09-21,10992.934970773555,36458.73562615175,29461.065721673127,12760557.469153112,46831245.91179192
2003-09-22,9400.377804483785,45338.77778681813,25193.012516016548,15868572.225386346,58237660.067167886
2003-09-23,9266.469053245572,44765.36346273788,24834.137062698133,15667877.211958257,57501109.367886804
2003-09-24,11282.828837252637,40696.74995691468,30237.981283837067,14243862.484920138,52274975.31965691
2003-09-25,8134.645731424662,41733.945368408255,21800.850560218096,14606880.878942888,53607252.8257204
2003-09-26,11641.560416674336,40542.63310634411,31199.381916687224,14189921.587220438,52077012.225099005
2003-09-27,10153.610745943188,39001.8612703852,27211.676799127745,13650651.44463482,50097890.80180979
2003-09-28,8771.083572696445,33911.45459979587,23506.503974826475,11869009.109928554,43559263.433437794
2003-09-29,7743.131798933149,45624.061645879214,20751.59322114084,15968421.576057725,58604107.184131846
2003-09-30,10773.26389129926,30774.03719144596,28872.34722868202,10770913.017006086,39529250.77241234
2003-10-01,11220.295070013712,43227.501562316735,30070.39078763675,15129625.546810858,55525725.756795846
2003-10-02,15406.087693541247,40843.53752277451,41288.31501869055,14295238.132971078,52463523.94800386
2003-10-03,7705.4670622104995,36307.60390305998,20650.65172672414,12707661.366070993,46637117.21348055
2003-10-04,9641.76203092721,40690.73544530242,25839.922242884924,14241757.40585585,52267249.67949097
2003-10-05,8277.190394362768,32632.6473955264,22182.87025689222,11421426.58843424,41916635.57955366
2003-10-06,12282.428228793517,34080.907196087646,32916.90765316663,11928317.518630674,43776925.293374576
2003-10-07,9244.987587440728,30240.652994333657,24776.56673434115,10584228.54801678,38844118.77122158
2003-10-08,10524.831468464856,44962.093543587165,28206.548335485815,15736732.740255507,57753809.15673771
2003-10-09,10283.921415202118,38733.080025396084,27560.909392741676,13556578.00888863,49752641.29262127
2003-10-10,6267.628629023848,35114.955987380694,16797.244725783912,12290234.595583241,45105160.965790495
2003-10-11,12559.956499614476,31047.82094880369,33660.6834189668,10866737.33208129,39880926.00873833
2003-10-12,15200.872357255565,28335.838714136476,40738.337917444915,9917543.549947767,36397384.8283083
2003-10-13,9321.437795199357,36083.45061989786,24981.45329113428,12629207.716964252,46349192.321258806
2003-10-14,12558.665834159747,31230.793024606945,33657.22443554812,10930777.558612429,40115953.64010761
2003-10-15,15364.157541593366,27230.371572801563,41175.942211470225,9530630.050480546,34977412.285263605
2003-10-16,10450.511135204164,31469.579898918946,28007.36984234716,11014352.96462163,40422675.38016138
2003-10-17,10018.25406984395,32439.08028417829,26848.920907181786,11353678.099462401,41667998.62502701
2003-10-18,10105.850187664273,27368.38164133581,27083.678502940253,9578933.574467534,35154686.21829585
2003-10-19,7030.7722627665335,30245.908146475027,18842.46966421431,10586067.85126626,38850869.01414717
2003-10-20,8148.548667464456,32449.576555843243,21838.110428804743,11357351.794545135,41681481.08598065
2003-10-21,8257.287113078512,33033.41118250929,22129.529463050414,11561693.91387825,42431416.66393318
2003-10-22,10646.933464316146,24753.967633520737,28533.781684367274,8663888.671732258,31796471.425257385
2003-10-23,12405.781010153505,23639.037907233695,33247.4931072114,8273663.267531792,30364344.191841673
2003-10-24,8654.955170638716,22951.330655854727,23195.279857311758,8032965.729549155,29480984.227445398
2003-10-25,10900.861393882478,26564.14232574631,29214.308535605043,9297449.814011207,34121640.81742113
2003-10-26,9276.060575764173,24172.552983739908,24859.842343047985,8460393.544308968,31049644.307613913
2003-10-27,11473.337192042885,34215.15701309688,30748.543674674933,11975304.95458391,43949369.183322944
2003-10-28,15414.023560478341,28149.41364061725,41309.58314208196,9852294.774216037,36157921.82137286
2003-10-29,7818.256488485575,32223.62027502308,20952.927389141343,11278267.096258078,41391240.24326714
2003-10-30,10189.405454177118,24233.00791092973,27307.60661719468,8481552.768825404,31127298.661589235
2003-10-31,12658.90639203951,30048.00090861683,33925.86913066589,10516800.31801589,38596657.16711832
2003-11-01,11426.034333443327,27370.435332019202,30621.77201362812,9579652.36620672,35157324.18397866
2003-11-02,12147.5230660115,22973.453002987633,32555.36181691082,8040708.551045671,29509400.38233761
2003-11-03,10479.606693038924,34003.25964212746,28085.34593734432,11901140.874744609,43677187.01031271
2003-11-04,11587.669571622233,32636.53385998214,31054.954451947586,11422786.850993749,41921627.74314706
2003-11-05,11305.51521843664,32678.31347094509,30298.780785410196,11437409.71483078,41975293.653428964
2003-11-06,11207.429397883821,35164.02478845848,30035.910786328644,12307408.675960468,45168189.840774916
2003-11-07,15976.614633154288,27187.259892699625,42817.3272168535,9515540.962444868,34922035.33217266
2003-11-08,11450.909171643198,25544.58234022451,30688.43658000377,8940603.819078578,32812016.01601838
2003-11-09,9110.384531454712,31392.33978536648,24415.83054429863,10987318.924878268,40323460.45430324
2003-11-10,12181.54073139764,40853.767222658156,32646.529160145674,14298818.527930355,52476663.9975044
2003-11-11,11482.55471129676,28443.835352135404,30773.24662627532,9955342.37324739,36536106.50981792
2003-11-12,17634.421373875863,28930.984393044288,47260.249281987315,10125844.537565501,37161849.45286539
2003-11-13,10294.080949823783,31524.903850746705,27588.13694552774,11033716.347761346,40493738.99628414
2003-11-14,14364.421087626946,30426.27110581321,38496.64851484022,10649194.887034623,39082545.23541707
2003-11-15,12442.461694012092,36253.6569655843,33345.79733995241,12688779.937954504,46567822.372293025
2003-11-16,15434.186923539251,36014.3992368321,41363.62095508519,12605039.732891234,46260495.81971083
2003-11-17,14479.57590465586,28959.72390168009,38805.26342447771,10135903.36558803,37198765.35170807
2003-11-18,12413.404587426503,38625.14393650466,33267.92429430303,13518800.37777663,49613997.38644023
2003-11-19,13122.768120695368,36909.06992807835,35169.018563463585,12918174.474827424,47409700.322616644
2003-11-20,16159.46610872072,37111.69322923347,43307.36917137153,12989092.630231712,47669969.95295038
2003-11-21,16659.014237729225,38013.16253151531,44646.158157114325,13304606.886030357,48827907.271731414
2003-11-22,13194.568953512606,38025.37835469218,35361.44479541379,13308882.42414226,48843598.496602096
2003-11-23,13224.943145152243,35038.346029856664,35442.847629008014,12263421.110449832,45006755.47535088
2003-11-24,14743.668023618799,30677.883442878945,39513.03030329838,10737259.205007631,39405741.282378
2003-11-25,13422.157435460671,42216.10132007846,35971.3819270346,14775635.462027458,54226582.14564077
2003-11-26,7674.294712101293,46826.376012793924,20567.109828431465,16389231.604477871,60148479.988433786
2003-11-27,11134.393723211446,41743.200448796146,29840.175178206675,14610120.15707865,53619140.97647864
2003-11-28,14933.45539780366,39334.388787888696,40021.66046611381,13767036.075761044,50525022.39804303
2003-11-29,11398.055488863954,47238.63190690099,30546.7887101554,16533521.167415347,60678022.68441432
2003-11-30,14548.748982150235,38502.18955908778,38990.647272162634,13475766.345680723,49456062.48864825
2003-12-01,13863.165857109094,41191.18559635452,37153.28449705237,14416914.95872408,52910077.89851737
2003-12-02,21444.366516578175,38385.93631587165,57470.90226442951,13435077.710555077,49306735.19773713
2003-12-03,20581.06586010511,49942.43344861796,55157.2565050817,17479851.707016286,64151055.764749765
2003-12-04,15192.92602905898,48045.170553184566,40717.04175787807,16815809.6936146,61714021.57556558
2003-12-05,13687.626030143962,44156.43166436457,36682.83776078582,15454751.082527598,56718936.47287629
2003-12-06,13286.739360787666,50543.93395337239,35608.46148691094,17690376.883680336,64923683.16310683
2003-12-07,15466.170606624333,50891.87094038267,41449.33722575322,17812154.829133935,65370608.22292154
2003-12-08,18587.918803876426,55053.97354589465,49815.622394388825,19268890.741063125,70716829.01970167
2003-12-09,14529.232769974682,48845.83158664193,38938.34382353215,17096041.055324674,62742470.67304155
2003-12-10,19595.71979770406,53185.72216749692,52516.529057846885,18615002.75862392,68317060.12414978
2003-12-11,16540.457130729137,53283.695629510905,44328.42511035409,18649293.470328815,68442907.03610675
2003-12-12,15541.103402739756,48857.06290321412,41650.15711934255,17099972.01612494,62756897.29917853
2003-12-13,14275.421351880279,52838.23933679539,38258.12922303915,18493383.767878383,67870718.42811367
2003-12-14,17791.69744091578,50269.712461920746,47681.7491416543,17594399.36167226,64571445.657337196
2003-12-15,19973.179381895075,64846.90540016007,53528.12074347881,22696416.89005602,83295849.9865056
2003-12-16,16735.739072368273,51563.185696570545,44851.78071394697,18047114.99379969,66232912.02724486
2003-12-17,15417.268902294829,56002.99942102124,41318.28065815014,19601049.797357433,71935852.75630178
2003-12-18,21929.55208073824,51292.78285557746,58771.199576378494,17952473.99945211,65885579.57798924
2003-12-19,19615.810427713346,48351.73126611547,52570.37194627177,16923105.943140414,62107798.81132532
2003-12-20,19261.23936892879,59215.881811963816,51620.12150872916,20725558.634187337,76062800.18746753
2003-12-21,17666.456413459135,59262.834863935044,47346.10318807048,20741992.202377263,76123111.38272455
2003-12-22,19324.52528828963,60883.84959765616,51789.727772616214,21309347.359179653,78205304.80818933
2003-12-23,20335.88837830536,51483.50140321177,54500.18085385837,18019225.49112412,66130557.55242552
2003-12-24,20008.84056275702,51276.49443168205,53623.69270818882,17946773.051088717,65864657.09749559
2003-12-25,17244.112038075193,59272.94015207687,46214.22026204152,20745529.053226903,76136091.62534273
2003-12-26,17044.795952158507,61287.41148266954,45680.0531517848,21450594.01893434,78723680.04948902
2003-12-27,20164.204564572785,60217.30515093699,54040.06823305507,21076056.802827947,77349128.46637857
2003-12-28,23496.956463955918,61313.163226082055,62971.84332340186,21459607.129128717,78756758.16390239
2003-12-29,17907.943580923715,66645.47541634795,47993.28879687556,23325916.395721782,85606113.17229894
2003-12-30,19259.76323915306,53454.363848302426,51616.165480930205,18709027.346905846,68662130.36314446
2003-12-31,19921.80507877511,69104.63818744426,53390.4376111173,24186623.36560549,88764907.75177214
2004-01-01,23040.44628311305,61565.35998599271,61748.39603874298,21547875.995097447,79080704.90200762
2004-01-02,19197.178687626125,62384.23787591744,51448.43888283802,21834483.256571103,80132553.55161595
2004-01-03,20152.928762130912,70609.7220256988,54009.849082510846,24713402.70899458,90698187.9420101
2004-01-04,17243.49415109846,73889.86626216987,46212.56432494388,25861453.191759452,94911533.21375719
2004-01-05,25184.170897244134,56951.64823022709,67493.57800461428,19933076.88057948,73154392.1517267
2004-01-06,22833.873980588225,63697.01244819275,61194.78226797645,22293954.35686746,81818812.48970357
2004-01-07,21894.04697342317,68098.26984717074,58676.0458887741,23834394.446509756,87472227.6186908
2004-01-08,21636.04019593981,61281.047112878085,57984.5877251187,21448366.48950733,78715505.01649189
2004-01-09,23149.309703224586,67153.40835932762,62040.150004641895,23503692.925764665,86258553.03755632
2004-01-10,25512.519421266017,76021.34100272768,68373.55204899293,26607469.35095469,97649412.5180037
2004-01-11,25648.14986756269,68084.2853370531,68737.041645068,23829499.86796858,87454264.5154447
2004-01-12,20871.3118051151,67212.87686735847,55935.11563770847,23524506.903575465,86334940.33612196
2004-01-13,20457.662497217163,62427.678714285124,54826.535492542,21849687.549999792,80188353.30849923
2004-01-14,22206.261002406824,60274.96103383161,59512.779486450294,21096236.361841064,77423187.4479567
2004-01-15,20136.385067679006,59014.37475769469,53965.51198137974,20655031.16519314,75803964.37625882
2004-01-16,22261.886724532087,64918.33600959609,59661.85642174599,22721417.60335863,83387602.60432617
2004-01-17,23192.59903880352,74355.70444607806,62156.165423993436,26024496.55612732,95509902.36098726
2004-01-18,22770.37236363103,78221.2664554912,61024.59793453117,27377443.25942192,100475216.76207843
2004-01-19,21168.22887497778,69786.03144999906,56730.853384940456,24425111.007499672,89640157.39752379
2004-01-20,21326.12855920899,68889.57300245838,57154.0245386801,24111350.55086043,88488656.52165778
2004-01-21,22684.337915409425,74067.87358243951,60794.025613297264,25923755.753853828,95140183.61664355
2004-01-22,18473.537973544517,74651.3925857083,49509.081769099306,26127987.4049979,95889713.77634229
2004-01-23,26412.012120441024,70259.92933298921,70784.19248278195,24590975.266546223,90248879.22822464
2004-01-24,26628.703675484863,71336.57130204464,71364.92585029943,24967799.955715623,91631825.83747633
2004-01-25,22155.767788158144,69470.99750316617,59377.45767226383,24314849.12610816,89235496.29281694
2004-01-26,24778.9924385379,63900.32186968697,66407.69973528158,22365112.65439044,82079963.44161291
2004-01-27,22669.10395626105,76801.09465890362,60753.198602779616,26880383.130616263,98651006.08936168
2004-01-28,22202.909569730502,75650.72204601899,59503.79764687775,26477752.716106646,97173352.46811138
2004-01-29,25188.502453858062,73265.79700933317,67505.1865763396,25643028.953266606,94109916.25848845
2004-01-30,25411.755109633268,60926.2886197048,68103.50369381717,21324201.016896676,78259817.7320108
2004-01-31,24522.518586522365,68910.90248157637,65720.34981187995,24118815.868551727,88516054.23758484
2004-02-01,26750.136549539766,70033.71399136224,71690.36595276657,24511799.896976784,89958305.62190479
2004-02-02,24431.923109031453,65630.75681823563,65477.5539322043,22970764.88638247,84302707.13302366
2004-02-03,23895.314673278186,77836.08421262098,64039.443324385546,27242629.47441734,99980450.17111164
2004-02-04,25247.523375933233,66707.01719708911,67663.36264750107,23347456.01898119,85685163.58966096
2004-02-05,25025.384733533683,73422.95940784532,67068.03108587027,25698035.79274586,94311791.3593773
2004-02-06,26941.85531238005,76223.98947192093,72204.17223717853,26678396.315172322,97909714.47668242
2004-02-07,26457.070704223996,69576.2767602721,70904.94948732031,24351696.866095234,89370727.4985695
2004-02-08,27406.749237493546,74843.4198280703,73450.0879564827,26195196.939824603,96136372.76915629
2004-02-09,25562.531814438837,63040.815542197706,68507.58526269608,22064285.439769194,80975927.56395294
2004-02-10,27919.741826491667,62298.66327044581,74824.90809499768,21804532.144656032,80022632.97088763
2004-02-11,29671.11037570823,50869.89290285544,79518.57580689806,17804462.515999403,65342377.43371781
2004-02-12,22753.88315507832,69004.0556338286,60980.40685560991,24151419.471840005,88635709.46165282
2004-02-13,24140.7594194951,73032.9616085108,64697.23524424688,25561536.562978774,93810839.1861321
2004-02-14,29044.46622907513,69520.00115176638,77839.16949392135,24332000.40311823,89298441.47944391
2004-02-15,28054.92615785721,62461.30185440181,75187.20210305734,21861455.649040632,80231542.23197912
2004-02-16,28199.189834392473,65159.63740211667,75573.82875617183,22805873.090740833,83697554.24301885
2004-02-17,25252.065106545688,69384.66543931792,67675.53448554245,24284632.90376127,89124602.75680387
2004-02-18,25328.489995192747,61198.41706989345,67880.35318711656,21419445.974462707,78609366.72627813
2004-02-19,27564.75466493283,61071.90997621115,73873.54250201999,21375168.4916739,78446868.36444321
2004-02-20,27988.38036120294,51273.55632169444,75008.85936802388,17945744.712593053,65860883.095216505
2004-02-21,25986.42444634551,66086.5039435488,69643.61751620597,23130276.38024208,84888114.31548843
2004-02-22,30763.357716209575,64904.64135223378,82445.79867944166,22716624.473281823,83370011.81694429
2004-02-23,29795.537286667986,54754.10722296533,79852.03992827021,19163937.528037865,70331650.72789896
2004-02-24,29097.213355351723,64711.49791295753,77980.53179234262,22649024.26953513,83121919.06919393
2004-02-25,29380.251016887574,59910.302242056205,78739.07272525871,20968605.784719672,76954783.22992119
2004-02-26,28845.858565584793,49533.93460532839,77306.90095576725,17336877.111864936,63626339.00054431
2004-02-27,27157.478538270923,65251.09502742703,72782.04248256607,22837883.25959946,83815031.56273001
2004-02-28,29289.213734392422,52389.02875297106,78495.0928081717,18336160.06353987,67293707.43319133
2004-02-29,29893.65864467733,66911.16861346546,80115.00516773525,23418909.014712907,85947396.08399637
2004-03-01,29137.34748100501,52250.85780155173,78088.09124909343,18287800.230543103,67116226.8460932
2004-03-02,29579.06118983253,51303.578094980796,79271.88398875119,17956252.333243277,65899446.063002825
2004-03-03,27831.194050162547,51177.86062724323,74587.60005443564,17912251.219535127,65737961.97569392
2004-03-04,29377.075865171963,51136.16993970568,78730.56331866086,17897659.478896987,65684410.28755194
2004-03-05,28373.39286613005,55974.87030787099,76040.69288122853,19591204.60775484,71899720.91046026
2004-03-06,35413.26173610095,48820.58717478255,94907.54145275055,17087205.511173893,62710044.226008184
2004-03-07,27405.123253314854,57808.00527966548,73445.73031888381,20232801.847882915,74254382.7817303
2004-03-08,30906.435339677962,39648.30915551794,82829.24671033694,13876908.204431279,50928253.11026279
2004-03-09,28489.451755727914,55237.22370410053,76351.73070535081,19333028.296435185,70952213.84791712
2004-03-10,30580.922395374902,39445.925714286815,81956.87201960474,13806074.000000386,50668291.580001414
2004-03-11,28541.280675988935,51378.96044209244,76490.63221165036,17982636.15473235,65996274.68786772
2004-03-12,30458.47398154029,50535.317727973066,81628.71027052798,17687361.204790574,64912615.621581405
2004-03-13,30063.604383404854,46977.806372951694,80570.45974752502,16442232.230533091,60342992.286056444
2004-03-14,28367.47168169438,43082.895163093024,76024.82410694094,15079013.307082556,55339978.83699298
2004-03-15,28925.140317058394,34601.80460932696,77519.3760497165,12110631.613264434,44446018.02068047
2004-03-16,28205.164625151672,46746.303072028626,75589.84119540648,16361206.07521002,60045626.29602077
2004-03-17,30388.74531282443,51128.816199553265,81441.83743836948,17895085.66984364,65674964.40832616
2004-03-18,29645.58296693843,48123.291143351154,79450.16235139499,16843151.900172904,61814367.473634556
2004-03-19,31313.87884538844,51534.216007489005,83921.19530564103,18036975.60262115,66195700.461619616
2004-03-20,30140.402250868618,42430.65490651002,80776.2780323279,14850729.217278505,54502176.22741211
2004-03-21,27039.52065635108,46949.6870747839,72465.9153590209,16432390.476174364,60306873.04755992
2004-03-22,32664.077069424085,44239.41175070096,87539.72654605655,15483794.112745333,56825524.39377537
2004-03-23,31223.71700296825,34706.52622885578,83679.56156795491,12147284.180099523,44580532.94096525
2004-03-24,30479.4257802592,42670.82855438751,81684.86109109466,14934789.994035628,54810679.27811075
2004-03-25,28948.813501613535,43406.03543480874,77582.82018432427,15192112.402183058,55755052.51601182
2004-03-26,27282.148608837655,46006.11192705626,73116.15827168492,16102139.17446969,59094850.77030376
2004-03-27,30354.84890421757,42580.058861214355,81350.9950633031,14903020.601425024,54694085.60722984
2004-03-28,31284.172157075183,38499.13306419981,83841.58138096149,13474696.572469931,49452136.42096464
2004-03-29,30263.290865728624,42030.15587955977,81105.61952015272,14710554.557845918,53987735.22729452
2004-03-30,28801.12777841461,40337.876345619814,77187.02244615117,14118256.720966933,51814002.165948644
2004-03-31,30409.44825495217,33740.54918511308,81497.32132327183,11809192.214789577,43339735.428277746
2004-04-01,30761.385590675316,34515.52962552069,82440.51338300985,12080435.368932242,44335197.80398133
2004-04-02,28600.386057598436,36769.448278739896,76649.03463436381,12869306.897558961,47230356.31404138
2004-04-03,32283.744955574213,32987.4237951223,86520.4364809389,11545598.328292802,42372345.864834584
2004-04-04,27142.632901581244,28724.533052633735,72742.25617623774,10053586.568421807,36896662.70610803
2004-04-05,28647.867858487894,30900.23794094251,76776.28586074756,10815083.279329877,39691355.63514065
2004-04-06,31700.38904896618,43487.45481760573,84957.04265122936,15220609.186162002,55859635.71321455
2004-04-07,26471.623907573867,39818.54275148997,70943.95207229797,13936489.96302149,51146918.16428887
2004-04-08,30207.25723243848,34998.187529131064,80955.44938293513,12249365.635195872,44955171.88116885
2004-04-09,28924.827595044495,37420.160785463086,77518.53795471926,13097056.27491208,48066196.52892733
2004-04-10,28550.563978060585,36755.59030534229,76515.51146120238,12864456.6068698,47212555.747212164
2004-04-11,27831.680777470156,33983.25511545666,74588.90448362002,11894139.290409831,43651491.19580408
2004-04-12,30183.14634368445,34371.333570501396,80890.83220107433,12029966.749675488,44149977.97130904
2004-04-13,29257.223814558267,33171.60469673194,78409.35982301616,11610061.643856179,42608926.23295218
2004-04-14,28225.891050507587,41381.41385025963,75645.38801536034,14483494.847590871,53154426.09065849
2004-04-15,32182.877050678486,37899.95574970017,86250.11049581834,13264984.51239506,48682493.160489865
2004-04-16,29499.40030844557,29669.726396262722,79058.39282663412,10384404.238691952,38110763.555999465
2004-04-17,27785.635694286986,27986.000503460593,74465.50366068912,9795100.176211206,35948017.64669513
2004-04-18,30095.587112985097,33741.89344207885,80656.17346280007,11809662.704727598,43341462.12635028
2004-04-19,27584.859597881004,34794.22259926474,73927.4237223211,12177977.909742659,44693178.92875556
2004-04-20,25844.9589604247,20929.789267508655,69264.49001393821,7325426.243628029,26884314.314114865
2004-04-21,31637.75621831143,25100.232462445914,84789.18666507464,8785081.36185607,32241248.598011773
2004-04-22,27758.235698066484,28991.99893208128,74392.07167081819,10147199.626228446,37240222.6282584
2004-04-23,33665.8798600763,24958.842144714206,90224.55802500447,8735594.750649972,32059632.734885395
2004-04-24,29405.836496694697,34533.87960469612,78807.64181114179,12086857.861643642,44358768.352232166
2004-04-25,29547.98712141972,33257.751645817254,79188.60548540486,11640213.076036038,42719581.98905226
2004-04-26,30049.80692885243,31046.967259330657,80533.48256932452,10866438.540765729,39879829.44461022
2004-04-27,29581.350772410915,26825.693264297195,79278.02007006126,9388992.642504018,34457602.997989744
2004-04-28,30448.692455015967,31160.742048110722,81602.4957794428,10906259.716838753,40025973.16079822
2004-04-29,28966.213655885098,30852.664575169616,77629.45259777206,10798432.601309365,39630247.64680537
2004-04-30,28473.4963870989,28868.942101199205,76308.97031742506,10104129.735419722,37082156.12899038
2004-05-01,28490.73394437482,28094.99584838761,76355.16697092452,9833248.546935663,36088022.16725388
2004-05-02,28583.926516323205,29884.671018551067,76604.92306374619,10459634.856492873,38386859.92332885
2004-05-03,27741.434763818394,41969.37544709337,74347.0451670333,14689281.406482678,53909662.76179143
2004-05-04,27986.559741113066,33208.53794745003,75003.98010618302,11622988.28160751,42656366.99349956
2004-05-05,26633.17282586651,28586.047692393437,71376.90317332225,10005116.692337703,36718778.26087937
2004-05-06,29779.985777269616,41602.962811695805,79810.36188308257,14561036.984093532,53439005.73162326
2004-05-07,26192.159959489138,33389.7470282889,70194.98869143089,11686411.459901113,42889130.057837084
2004-05-08,31267.23939578231,30069.625846751755,83796.2015806966,10524369.046363113,38624434.40015262
2004-05-09,26990.159705066577,28450.059010020053,72333.62800957843,9957520.653507018,36544100.798370756
2004-05-10,28772.035322417898,39520.28002402307,77109.05466407997,13832098.008408073,50763799.69085763
2004-05-11,28597.621220150984,26359.012283589575,76641.62487000464,9225654.29925635,33858151.2782708
2004-05-12,28580.581028865883,38773.79495800963,76595.95715736056,13570828.23530337,49804939.62356337
2004-05-13,27322.64479473654,38581.17244320261,73224.68804989393,13503410.355120912,49557516.003293745
2004-05-14,26185.5000601823,28616.598754913357,70177.14016128857,10015809.564219674,36758021.1006862
2004-05-15,27659.110483029406,33937.16105711793,74126.41609451882,11878006.369991275,43592283.377867974
2004-05-16,26213.124022408134,36440.82161990093,70251.1723800538,12754287.566965327,46808235.37076275
2004-05-17,29558.08866272884,34202.306353273816,79215.67761611329,11970807.223645834,43932862.51078021
2004-05-18,29075.40289021359,33965.599302387185,77922.07974577243,11887959.755835515,43628812.303916335
2004-05-19,26080.835262576966,43678.313708622336,69896.63850370627,15287409.798017817,56104793.958725385
2004-05-20,26402.04408170346,37578.237709860376,70757.47813896528,13152383.198451132,48269246.33831565
2004-05-21,27337.21506709424,34000.122257227806,73263.73637981256,11900042.790029733,43673157.039409116
2004-05-22,30045.245486722648,42304.097920299595,80521.2579044167,14806434.272104857,54339613.778624825
2004-05-23,21997.115028577697,29099.41055346135,58952.26827658823,10184793.693711473,37378192.855921105
2004-05-24,25842.26592293749,36083.48090664395,69257.27267347249,12629218.317325382,46349231.22458415
2004-05-25,25905.72148656902,43915.75815273337,69427.33358400497,15370515.353456678,56409791.34718601
2004-05-26,28778.802561316767,41664.49809637558,77127.19086432894,14582574.333731452,53518047.80479443
2004-05-27,28004.438312977258,48729.798649590324,75051.89467877905,17055429.52735661,62593426.36539876
2004-05-28,25834.391380005316,32929.71172085289,69236.16889841425,11525399.10229851,42298214.70543553
2004-05-29,22815.279948732834,40715.379854733255,61144.950262604,14250382.94915664,52298905.423404865
2004-05-30,22854.04201436881,36946.31299234553,61248.832598508416,12931209.547320934,47457539.03866783
2004-05-31,24474.40273004717,45755.280758084555,65591.39931652643,16014348.265329594,58772658.13375961
2004-06-01,23510.453030220993,53336.82457716392,63008.014120992266,18667888.60200737,68511151.16936705
2004-06-02,24088.39927418384,44370.53415290525,64556.910054812695,15529686.95351684,56993951.1194068
2004-06-03,26186.177790142432,47582.71078577399,70178.95647758173,16653948.775020896,61119992.004326686
2004-06-04,27536.323905464225,53190.5086180223,73797.34806664413,18616678.016307805,68323208.31984964
2004-06-05,23219.220726405434,43624.28878571732,62227.51154676657,15268501.07500106,56035398.94525389
2004-06-06,22197.940519293876,53260.581782646244,59490.480591707594,18641203.623926185,68413217.2998091
2004-06-07,22235.41619341503,43113.43190744351,59590.91539835228,15089701.167605227,55379203.28511118
2004-06-08,22339.97555556338,53223.23710771632,59871.134488909855,18628132.987700712,68365248.06486161
2004-06-09,24481.562440830923,52645.886868017,65610.58734142687,18426060.40380595,67623641.68196782
2004-06-10,28635.81145099718,56440.247148815375,76743.97468867245,19754086.50208538,72497497.46265334
2004-06-11,24094.05298445756,60151.4723142222,64572.06199834627,21053015.30997777,77264566.18761842
2004-06-12,20127.186399911436,47478.75407372823,53940.85955176265,16617563.925804881,60986459.60770392
2004-06-13,23193.304683154434,50230.4278939621,62158.056550853886,17580649.762886733,64520984.62979431
2004-06-14,21646.944525339688,50372.41570062782,58013.81132791036,17630345.495219734,64703367.96745642
2004-06-15,24557.944393946498,49814.41215663761,65815.29097577662,17435044.254823163,63986612.41520101
2004-06-16,23431.175020131905,53910.34046475912,62795.54905395351,18868619.16266569,69247832.32698308
2004-06-17,23488.803391288813,56761.7327292667,62949.993088654024,19866606.455243345,72910445.69074307
2004-06-18,21596.767387263317,64436.332163668616,57879.336597865695,22552716.257284015,82768468.66423233
2004-06-19,22371.216207658636,63539.19650561386,59954.85943652515,22238718.776964847,81616097.91146098
2004-06-20,24401.985558656914,54520.180785158635,65397.321297200535,19082063.27480552,70031172.21853626
2004-06-21,25146.61229926677,56149.469710997575,67392.92096203494,19652314.39884915,72123993.84377638
2004-06-22,20462.56201467878,55995.78107562079,54839.66619933913,19598523.376467276,71926580.7916349
2004-06-23,21981.040386475397,70046.40572637717,58909.18823575407,24516242.004232008,89974608.15553147
2004-06-24,21622.4740353399,56561.97318041488,57948.23041471093,19796690.61314521,72653854.55024292
2004-06-25,19398.808096214532,59555.00136671461,51988.80569785495,20844250.478350114,76498399.25554492
2004-06-26,21357.07489569342,65237.74090098859,57236.960720458366,22833209.315346003,83797878.18731983
2004-06-27,22289.416338258226,65904.87378521258,59735.63578653205,23066705.8248244,84654810.37710555
2004-06-28,19151.737011857527,63802.45720302632,51326.655191778176,22330860.02105921,81954256.2772873
2004-06-29,20582.922619269233,62362.57600295194,55162.232619641545,21826901.601033177,80104728.87579176
2004-06-30,21367.858486998943,57497.436032036865,57265.86074515717,20124102.6112129,73855456.58315136
2004-07-01,19328.80184331408,71823.78527267533,51801.18894008173,25138324.845436364,92257652.18275146
2004-07-02,20725.246706488644,78581.55403107152,55543.66117338957,27503543.91087503,100938006.15291137
2004-07-03,20702.716444567573,61885.32404716203,55483.2800714411,21659863.41650671,79491698.73857963
2004-07-04,20191.179730152988,67753.69032208783,54112.36167681001,23713791.612730738,87029615.2187218
2004-07-05,20240.050001757703,67872.72998353234,54243.33400471065,23755455.494236317,87182521.66384728
2004-07-06,16579.999497080888,69363.56756406414,44434.39865217678,24277248.647422448,89097502.53604038
2004-07-07,20682.703932126948,67755.3519941811,55429.64653810022,23714373.197963383,87031749.63652562
2004-07-08,16398.665646082176,77362.5314188541,43948.423931500234,27076885.99659893,99372171.60751806
2004-07-09,20235.532469200403,77780.74688537899,54231.22701745709,27223261.409882642,99909369.37426929
2004-07-10,18524.520964954892,69246.6981344864,49645.71618607912,24236344.34707024,88947383.75374778
2004-07-11,17188.210068023374,73139.39117833767,46064.40298230264,25598786.91241818,93947547.96857472
2004-07-12,16844.070580771917,75104.92665235283,45142.10915646874,26286724.32832349,96472278.28494722
2004-07-13,16388.91710762946,77078.71715325909,43922.29784844695,26977551.003640678,99007612.18336129
2004-07-14,19226.809197689618,71539.28655004853,51527.84864980818,25038750.292516984,91892213.57353733
2004-07-15,17292.649439522298,69252.3461734681,46344.300497919765,24238321.160713833,88954638.65981977
2004-07-16,18094.79616635975,69679.13933460531,48494.05372584413,24387698.767111856,89502854.4753005
2004-07-17,15558.09882552771,71490.71216701866,41695.70485241427,25021749.258456532,91829819.77853547
2004-07-18,13059.739063695682,68169.50827939586,35000.10069070443,23859327.89778855,87563733.38488398
2004-07-19,17979.731100038778,66131.16388556497,48185.67934810393,23145907.359947737,84945480.01100819
2004-07-20,18608.39824306854,63083.77500460476,49870.50729142369,22079321.251611665,81031108.9934148
2004-07-21,18232.496387661926,71103.82968092659,48863.090318933966,24886340.388324305,91332869.2251502
2004-07-22,15996.63811895721,70154.16611488772,42870.990158805325,24553958.1402107,90113026.37457326
2004-07-23,17031.94965710545,64285.5078362363,45645.62508104261,22499927.742682703,82574734.81564552
2004-07-24,13221.997137024247,68414.4069102572,35434.952327224986,23945042.418590017,87878305.67622536
2004-07-25,15568.933659558204,76521.08725798521,41724.74220761599,26782380.540294826,98291336.58288202
2004-07-26,17762.85473819206,74611.67679922322,47604.450698354725,26114086.879728124,95838698.8486022
2004-07-27,16308.25674907492,64790.00172929227,43706.12808752079,22676500.605252296,83222757.22127593
2004-07-28,16368.877672338418,73608.27311752451,43868.59216186696,25762895.59113358,94549826.81946023
2004-07-29,16800.87210157708,74935.38953710312,45026.33723222657,26227386.337986093,96254507.86040896
2004-07-30,15020.638780923135,64410.130371831445,40255.31193287401,22543545.630141005,82734812.46261749
2004-07-31,15495.323902943273,70535.41118636703,41527.46805988798,24687393.915228456,90602735.66888843
2004-08-01,14718.684049643169,71761.80932342148,39446.073253043694,25116633.263197515,92178044.07593487
2004-08-02,15097.259270961731,67260.9959748572,40460.654846177444,23541348.591200016,86396749.32970406
2004-08-03,17747.143708219195,68762.96147348556,47562.34513802745,24067036.515719943,88326024.01269218
2004-08-04,14927.660036858335,71436.71201978222,40006.12889878034,25002849.206923775,91760456.58941026
2004-08-05,15003.224511649054,62386.71161742657,40208.64169121947,21835349.066099297,80135731.07258442
2004-08-06,13276.80345895166,68356.29648322334,35581.83326999045,23924703.769128166,87803662.83270037
2004-08-07,12803.852823072571,64890.61484393185,34314.32556583449,22711715.195376147,83351994.76703046
2004-08-08,13326.89668073878,63981.609894677444,35716.08310437993,22393563.463137105,82184377.90971318
2004-08-09,11958.911149566971,67057.79786979158,32049.881880839486,23470229.254427053,86135741.36374728
2004-08-10,15990.691904198407,73243.67598590931,42855.05430325174,25635286.595068257,94081501.8039005
2004-08-11,13779.170056890895,73273.97820644717,36928.1757524676,25645892.372256506,94120425.00618137
2004-08-12,10549.309758199273,65104.616180869736,28272.150151974056,22786615.663304407,83626879.48432717
2004-08-13,12189.789308647767,59847.90504412598,32668.635347176016,20946766.765444092,76874634.02917981
2004-08-14,15147.372974624159,61613.04983871169,40594.959571992746,21564567.44354909,79141962.51782516
2004-08-15,14562.134423935016,62820.09222706591,39026.52025614585,21987032.279473066,80692408.46566615
2004-08-16,10374.517030241916,62363.52473574227,27803.705641048335,21827233.657509793,80105947.52306093
2004-08-17,9364.13253868532,58766.34923600107,25095.87520367666,20568222.232600376,75485375.59364338
2004-08-18,11832.08246058284,67515.39202304343,31709.980994362013,23630387.208065197,86723521.05359927
2004-08-19,10621.964022795823,60604.16680737304,28466.863581092806,21211458.382580563,77846052.26407066
2004-08-20,10358.137203823393,57707.284462089876,27759.807706246695,20197549.561731454,74125006.89155443
2004-08-21,10658.170985014072,59599.99767132236,28563.898239837716,20859999.184962824,76556197.00881356
2004-08-22,12670.809695613369,62008.32581687686,33957.76998424383,21702914.0359069,79649694.51177832
2004-08-23,13813.750827485614,59062.238667274694,37020.85221766145,20671783.533546142,75865445.56811434
2004-08-24,10296.016289695142,60932.12206981595,27593.323656382985,21326242.72443558,78267310.79867858
2004-08-25,11668.002029357873,56208.73625856071,31270.2454386791,19673057.690496247,72200121.72412123
2004-08-26,11994.554233670253,56114.82775597677,32145.40534623628,19640189.71459187,72079496.25255215
2004-08-27,9255.936837352925,58112.56089469252,24805.91072410584,20339396.31314238,74645584.46923254
2004-08-28,12617.58713398797,53111.84782317198,33815.133519087765,18589146.738110192,68222168.5288644
2004-08-29,9582.636081931398,54881.92021684076,25681.464699576147,19208672.075894263,70495826.51853195
2004-08-30,13862.8098815271,52204.21825984787,37152.33048249263,18271476.390946753,67056318.35477459
2004-08-31,10263.255432449152,54277.41990760163,27505.52455896373,18997096.96766057,69719345.87131429
2004-09-01,9635.30834057627,51555.87543414906,25822.626352744406,18044556.40195217,66223521.99516446
2004-09-02,15014.095328476209,47228.33355140208,40237.775480316246,16529916.742990727,60664794.446775965
2004-09-03,14002.065800411228,53261.826872009246,37525.5363451021,18641639.405203234,68414816.61709587
2004-09-04,7270.636951191214,53451.10772477097,19485.307029192456,18707887.70366984,68657947.87246831
2004-09-05,11142.274034797525,39083.39949952818,29861.29441325737,13679189.824834865,50202626.65714395
2004-09-06,13726.775965345205,57656.75226751711,36787.759587125154,20179863.293630987,74060098.28762572
2004-09-07,12726.18515421848,40427.650293729384,34106.17621330552,14149677.602805285,51929316.802295394
2004-09-08,11994.99021748061,47523.79184021424,32146.573782848038,16633327.144074982,61044310.618755184
2004-09-09,10429.914126868622,54099.986404893534,27952.169860007907,18934995.241712734,69491432.53708573
2004-09-10,11036.446282912857,40483.431079287235,29577.676038206457,14169200.877750533,52000967.221344456
2004-09-11,10846.127662662373,52038.38926260674,29067.622135935162,18213436.241912358,66843311.00781835
2004-09-12,8419.567373998874,50586.75372869704,22564.440562316984,17705363.80504396,64978685.16451134
2004-09-13,11971.20491903565,43530.97669594553,32082.829183015543,15235841.843580935,55915539.565942034
2004-09-14,8617.909153916597,40724.45518762643,23095.99653249648,14253559.31566925,52310562.68850615
2004-09-15,7466.645103692952,43428.09024721993,20010.608877897113,15199831.586526973,55783381.922553994
2004-09-16,12072.05636661974,38777.6091411597,32353.111062540906,13572163.199405894,49809838.94181963
2004-09-17,10326.940327431736,38840.43538031837,27676.200077517053,13594152.383111427,49890539.24601893
2004-09-18,10609.491769549164,48467.39199392943,28433.43794239176,16963587.1978753,62256365.016202345
2004-09-19,8658.806490423354,32883.23896212405,23205.60139433459,11509133.636743417,42238520.44684834
2004-09-20,11129.647271278103,38856.69643941468,29827.454687025318,13599843.753795138,49911426.57642815
2004-09-21,8715.278933703119,44311.87899669028,23356.94754232436,15509157.648841595,56918608.57124865
2004-09-22,11297.978566356338,32641.26158164678,30278.582557834987,11424441.553576373,41927700.501625285
2004-09-23,9405.725627818243,40599.916817754376,25207.34468255289,14209970.886214029,52150593.152405486
2004-09-24,8652.885733079289,39813.73447460128,23189.733764652497,13934807.066110449,51140741.932625346
2004-09-25,7739.308158045518,37787.55212521127,20741.34586356199,13225643.243823944,48538110.70483387
2004-09-26,11570.749018923641,41663.60931394682,31009.60737071536,14582263.259881387,53516906.163764685
2004-09-27,5853.022727242544,38731.15834350063,15686.100909010018,13555905.42022522,49750172.892226554
2004-09-28,10707.78429791808,40094.30427856493,28696.861918420458,14033006.497497724,51501133.84581665
2004-09-29,9824.208662002398,41858.33313429788,26328.87921416643,14650416.597004257,53767028.91100562
2004-09-30,8820.899959468676,29928.56530970073,23640.011891376053,10474997.858395256,38443242.140310585
2004-10-01,8586.067620686237,36567.99004779169,23010.661223439118,12798796.51672709,46971583.21638842
2004-10-02,9313.233415887424,27218.122371749447,24959.465554578295,9526342.830112305,34961678.18651216
2004-10-03,10191.93145086694,40671.12925872878,27314.3762883234,14234895.240555072,52242065.532837115
2004-10-04,10178.495808988075,35361.43011563568,27278.368768088043,12376500.540472487,45421756.98353402
2004-10-05,11770.030693479564,31283.683747895797,31543.682258525234,10949289.311763529,40183891.77417215
2004-10-06,12368.696879222432,26385.748592597578,33148.10763631612,9235012.007409152,33892494.067191586
2004-10-07,13659.229237003748,30888.45910751315,36606.73435517005,10810960.687629603,39676225.72360064
2004-10-08,6132.249042715826,25554.237478011553,16434.427434478417,8943983.117304042,32824418.040505834
2004-10-09,8272.607313245206,26932.069565845457,22170.587599497154,9426224.34804591,34594243.35732849
2004-10-10,12386.637602923805,32459.26257077616,33196.1887758358,11360741.899771655,41693922.772161976
2004-10-11,8503.586817071013,36838.23800842325,22789.612669750317,12893383.302948136,47318716.721819654
2004-10-12,11706.114361117889,26580.93894663001,31372.386487795942,9303328.631320503,34143216.07694624
2004-10-13,10462.562083649984,34636.99639681892,28039.666384181957,12122948.73888662,44491221.8717139
2004-10-14,10950.25561988735,27657.497164271063,29346.6850612981,9680124.007494872,35526055.10750618
2004-10-15,11634.723353296791,35538.52823148037,31181.058586835403,12438484.881018128,45649239.51333653
2004-10-16,8985.368611961605,29250.671487051168,24080.7878800571,10237735.020467907,37572487.52511722
2004-10-17,10083.817164628557,31150.289387579585,27024.630001204536,10902601.285652855,40012546.71834598
2004-10-18,7340.108473758055,29090.15496642188,19671.490709671587,10181554.238247657,37366304.0543689
2004-10-19,9877.79387722159,32038.94207935855,26472.48759095386,11213629.727775492,41154021.100936055
2004-10-20,8253.990676220395,26530.633012582708,22120.695012270662,9285721.554403948,34078598.104662485
2004-10-21,10201.558333123754,27410.009580014623,27340.17633277166,9593503.353005117,35208157.305528775
2004-10-22,10618.403056288244,31966.229862381457,28457.320190852493,11188180.451833509,41060622.25822898
2004-10-23,10599.674564870898,24732.202123595147,28407.12783385401,8656270.743258301,31768513.627757967
2004-10-24,7799.666891387763,29232.764551830383,20903.107268919204,10231467.593140634,37549486.06682613
2004-10-25,7323.749901392313,28950.91421560221,19627.6497357314,10132819.975460773,37187449.30994104
2004-10-26,16228.822195827957,26877.98815838564,43493.24348481893,9407295.855434975,34524775.789446354
2004-10-27,7931.081438826291,26699.504651912135,21255.29825605446,9344826.628169246,34295513.725381136
2004-10-28,10700.860146272904,23767.232176981826,28678.305192011383,8318531.261943638,30529009.73133315
2004-10-29,7895.76020000701,31780.679075242417,21160.63733601879,11123237.676334845,40822282.27214888
2004-10-30,12635.518753391147,22104.730733805107,33863.190259088275,7736655.756831787,28393526.627572656
2004-10-31,13182.604924017778,30192.524758446954,35329.38119636765,10567383.665456433,38782298.052225105
2004-11-01,10022.997268289753,36323.71979058835,26861.63267901654,12713301.926705921,46657818.07101073
2004-11-02,10664.741456315765,26929.30138474069,28581.507102926254,9425255.484659242,34590687.628699414
2004-11-03,8529.583673298343,35285.27670216125,22859.28424443956,12349846.845756438,45323937.92392612
2004-11-04,14595.515372095047,25561.749875751986,39115.98119721473,8946612.456513194,32834067.715403423
2004-11-05,7340.108312082941,37245.02710175761,19671.490276382283,13035759.485615162,47841237.31220765
2004-11-06,10583.441494916533,26962.049646455474,28363.62320637631,9436717.376259414,34632752.77087205
2004-11-07,10074.020125381041,34482.82174620527,26998.37393602119,12068987.611171843,44293184.53300066
2004-11-08,14117.673925755465,40629.38071677632,37835.36612102465,14220283.25087171,52188439.53069918
2004-11-09,14010.574551313111,35712.909290649615,37548.33979751914,12499518.251727365,45873231.98383943
2004-11-10,10363.414082770933,43757.36988664356,27773.9497418261,15315079.460325245,56206341.61939365
2004-11-11,11023.386204079208,32427.025483044585,29542.67502693228,11349458.919065604,41652514.23297077
2004-11-12,12602.840803710209,23889.920546365123,33775.613353943365,8361472.191227793,30686602.941806
2004-11-13,13253.649914924288,37378.63797910958,35519.78177199709,13082523.292688355,48012860.484166265
2004-11-14,12732.198896780745,39626.85328655479,34122.293043372396,13869398.650294175,50900693.04657962
2004-11-15,11740.105911117102,26344.06433452936,31463.483841793834,9220422.517085277,33838950.637702964
2004-11-16,15405.28793067833,37252.77759052508,41286.17165421793,13038472.156683778,47851192.815029465
2004-11-17,12227.001182844617,34369.55727090874,32768.36317002358,12029345.044818059,44147696.31448227
2004-11-18,12272.763773779381,38882.36213801644,32891.00691372874,13608826.748305753,49944394.16628211
2004-11-19,8502.898760329319,35758.21002436885,22787.768677682576,12515373.508529095,45931420.77630178
2004-11-20,11741.724740171325,34158.69333366522,31467.82230365915,11955542.666782826,43876841.58709297
2004-11-21,11985.126208573394,40253.22736091981,32120.1382389767,14088629.576321933,51705270.54510149
2004-11-22,14352.762857441061,39834.780205592324,38465.404457942044,13942173.071957314,51167775.174083345
2004-11-23,12812.983704167656,37519.707224573605,34338.79632716932,13131897.528600762,48194063.929964796
2004-11-24,12937.861677887879,37389.85547952203,34673.46929673952,13086449.417832712,48027269.36344605
2004-11-25,11275.469913502888,45357.89832387193,30218.25936818774,15875264.413355175,58262220.39701349
2004-11-26,10644.604229302553,39106.4450026859,28527.539334530844,13687255.750940064,50232228.605950035
2004-11-27,14082.453479584623,41419.89800179816,37740.97532528679,14496964.300629355,53203858.98330973
2004-11-28,13888.857797072978,45618.281606953875,37222.138896155586,15966398.562433856,58596682.72413225
2004-11-29,16032.144783532416,36152.976320983216,42966.14801986688,12653541.712344125,46438498.08430294
2004-11-30,11009.560215501162,45700.53435129013,29505.621377543117,15995187.022951543,58702336.374232166
2004-12-01,15884.208091724682,45174.21529137964,42569.67768582215,15810975.351982873,58026279.54177714
2004-12-02,16696.799240409895,37400.841674537995,44747.42196429852,13090294.586088298,48041381.13094405
2004-12-03,16381.107184252534,47049.59460179077,43901.367253796794,16467358.110626768,60435204.26600024
2004-12-04,16995.66371932398,40885.75190330068,45548.37876778827,14310013.166155238,52517748.31978972
2004-12-05,17472.55245109826,41021.95171953345,46826.44056894334,14357683.101836707,52692696.98374072
2004-12-06,19183.797179111585,58281.52755196788,51412.57644001905,20398534.643188756,74862622.14050274
2004-12-07,17243.25549153455,50553.2998030192,46211.9247173126,17693654.93105672,64935713.59697816
2004-12-08,16391.334566635098,48857.96354711056,43928.776638582065,17100287.241488695,62758054.17626351
2004-12-09,15582.421941085904,50294.095697201876,41760.890802110225,17602933.494020656,64602765.923055805
2004-12-10,15368.41089801057,48315.5713370001,41187.34120666833,16910449.967950035,62061351.382376626
2004-12-11,13854.571525421643,59223.09389278686,37130.25168813,20728082.8624754,76072064.1052847
2004-12-12,17759.401936397902,59224.80142717592,47595.19718954638,20728680.49951157,76074257.43320745
2004-12-13,18671.42867238927,45157.065495815434,50039.428842003246,15804972.923535401,58004250.62937492
2004-12-14,13177.831270270577,54651.28839481518,35316.58780432515,19127950.93818531,70199579.94314009
2004-12-15,17405.949512107214,50380.98555541409,46647.94469244734,17633344.94439493,64714375.94592939
2004-12-16,19721.318342969822,67503.3383167556,52853.13315915912,23626168.41086446,86708038.06787257
2004-12-17,17851.56262198397,48106.83874037589,47842.18782691704,16837393.559131563,61793234.36201283
2004-12-18,14421.946208616244,54997.65436115048,38650.815839091534,19249179.026402667,70644487.02689779
2004-12-19,19131.672676869184,71753.04414956165,51272.88277400942,25113565.45234658,92166785.21011195
2004-12-20,16884.908556318333,57269.859058188464,45251.55493093313,20044450.67036596,73563133.96024308
2004-12-21,19285.978124903035,65859.01947774105,51686.42137474014,23050656.817209367,84595910.51915838
2004-12-22,16359.765278634392,56752.94974581006,43844.170946740174,19863532.41103352,72899163.94849302
2004-12-23,17954.760535058755,60982.718883318346,48118.758233957466,21343951.60916142,78332302.40562242
2004-12-24,17988.096698720492,52086.89352593961,48208.09915257092,18230412.73407886,66905614.73406942
2004-12-25,21169.196190719897,62229.261875646924,56733.44579112933,21780241.656476423,79933486.87926847
2004-12-26,16995.77081015511,60022.425459564765,45548.665771215696,21007848.910847668,77098805.50281094
2004-12-27,20239.56167385767,64297.42747166296,54242.02528593855,22504099.615082037,82590045.58735107
2004-12-28,18885.920338527347,71652.83808905563,50614.26650725329,25078493.331169467,92038070.52539194
2004-12-29,22207.689108426388,70195.31234908177,59516.60681058272,24568359.322178617,90165878.71239552
2004-12-30,20447.91405479571,66510.17397382282,54800.40966685251,23278560.890837986,85432318.4693754
2004-12-31,20150.799328113935,63243.288435125956,54004.14219934535,22135150.95229408,81236003.99491927
2005-01-01,17551.512536382852,75435.58594020769,47038.05359750605,26402455.07907269,96897010.14019677
2005-01-02,19473.436334043137,56575.181271697475,52188.809375235614,19801313.445094116,72670820.3434954
2005-01-03,22308.409769967664,69491.64215789078,59786.538183513345,24322074.75526177,89262014.3518107
2005-01-04,23991.349201472378,61977.3499368034,64296.81585994598,21692072.47788119,79609905.99382396
2005-01-05,23630.33069742639,66631.9894908963,63329.28626910273,23321196.321813706,85588790.5010563
2005-01-06,22644.195217125998,62383.174366858875,60686.44318189768,21834111.028400607,80131187.47423023
2005-01-07,21276.335395173228,71337.2697711627,57020.578859064255,24968044.419906944,91632723.02105848
2005-01-08,21471.147715610954,82104.53315410012,57542.67587783736,28736586.60393504,105463272.83644159
2005-01-09,21648.06535839075,72136.82235739531,58016.81516048722,25247887.82508836,92659748.31807427
2005-01-10,23259.401134953026,68547.49984713088,62335.19504167412,23991624.946495805,88049263.5536396
2005-01-11,19040.410692104648,70345.48163565063,51028.30065484046,24620918.57247772,90358771.16099323
2005-01-12,20913.11331949328,71979.25650397132,56047.143696242,25192739.77638996,92457354.97935115
2005-01-13,25659.756684758613,72721.6144878119,68768.14791515308,25452565.070734162,93410913.80959438
2005-01-14,24181.946910510902,68795.38393772586,64807.61772016922,24078384.378204048,88367670.66800885
2005-01-15,20036.147557597746,69983.34182617553,53696.87545436196,24494169.639161434,89893602.57572246
2005-01-16,23742.41168822411,65837.80346364151,63629.66332444062,23043231.212274525,84568658.5490475
2005-01-17,19931.139689136682,65352.43713673355,53415.45436688631,22873352.99785674,83945205.50213423
2005-01-18,20569.71179738906,71839.93877564996,55126.82761700269,25143978.571477488,92278401.35732238
2005-01-19,25202.042766753788,71590.31182127025,67541.47461490016,25056609.13744459,91957755.53442164
2005-01-20,20702.97599124815,72255.00911881364,55483.975656545044,25289253.191584777,92811559.21311612
2005-01-21,27388.03690013573,70185.16479846797,73399.93889236376,24564807.679463793,90152844.18363212
2005-01-22,27201.696399091372,71085.585097853,72900.54634956489,24879954.78424855,91309434.05819218
2005-01-23,19875.53083319517,62276.20855219231,53266.42263296306,21796672.993267305,79993789.88529101
2005-01-24,24232.96202445941,65825.8127021211,64944.338225551226,23039034.44574238,84553256.41587453
2005-01-25,24646.005069175302,68792.79460881445,66051.29358538981,24077478.113085054,88364344.67502214
2005-01-26,23217.410561979865,75037.5076510616,62222.66030610604,26263127.677871563,96385678.57778864
2005-01-27,23074.973265161654,69156.90777626116,61840.928350633236,24204917.7216914,88832048.03860743
2005-01-28,21681.5210584788,70734.48347629148,58106.47643672319,24757069.216702014,90858444.02529639
2005-01-29,24896.963531900885,71675.08352800149,66723.86226549438,25086279.234800518,92066644.7917179
2005-01-30,25431.836567436425,63448.55722153375,68157.32200072962,22206995.027536813,81499671.7510601
2005-01-31,23475.63951438183,61704.78392301571,62914.713898543305,21596674.3730555,79259794.94911368
2005-02-01,24696.836997250593,80242.96542474176,66187.52315263159,28085037.898659613,103072089.08808078
2005-02-02,23413.13880564689,61768.704636465525,62747.211999133666,21619046.622762933,79341901.10553996
2005-02-03,31365.10980700402,69508.43043743321,84058.49428277079,24327950.653101623,89283578.89688295
2005-02-04,28395.275223484456,66906.77347811595,76099.33759893835,23417370.71734058,85941750.53263994
2005-02-05,22605.783038492395,60321.93383102277,60583.49854315962,21112676.840857968,77483524.00594874
2005-02-06,23144.317776564258,64726.28233690531,62026.771641192216,22654198.817916855,83140909.66175486
2005-02-07,26972.654992760818,64079.7847501136,72286.715380599,22427924.662539758,82310483.5115209
2005-02-08,23062.950333619723,64397.848953559725,61808.70689410086,22539247.1337459,82719036.98084746
2005-02-09,21853.2626101604,70007.32602688117,58566.74379522988,24502564.10940841,89924410.28152886
2005-02-10,27558.892814212235,62501.476947998075,73857.8327420888,21875516.931799326,80283147.13970353
2005-02-11,27146.747827988715,67991.95515517687,72753.28417900976,23797184.3043119,87335666.39682467
2005-02-12,30830.36942664061,61530.977085920335,82625.39006339684,21535841.980072115,79036540.06686465
2005-02-13,26615.196182089672,57315.174771154714,71328.72576800032,20060311.16990415,73621341.99354823
2005-02-14,25809.74948091445,53318.13027693533,69170.12860885072,18661345.596927363,68487138.34072343
2005-02-15,28375.194548511587,68025.06203696522,76045.52139001105,23808771.712937824,87378192.18648182
2005-02-16,27838.724415260236,68905.01400872461,74607.78143289743,24116754.903053615,88508490.49420677
2005-02-17,27723.820647239972,53080.08987579994,74299.83933460314,18578031.45652998,68181375.44546501
2005-02-18,31284.462109403572,55059.09609870639,83842.35845320158,19270683.634547234,70723408.93878834
2005-02-19,27614.177113678325,53324.86958089921,74005.99466465792,18663704.35331472,68495794.97666502
2005-02-20,27807.861919740953,58335.09349434734,74525.06994490576,20417282.723021567,74931427.59348916
2005-02-21,28909.883182021273,53457.152318076405,77478.48692781701,18710003.31132674,68665712.15256913
2005-02-22,31278.94996751056,60245.17662562701,83827.5859129283,21085811.81896945,77384929.37561788
2005-02-23,29147.051228097735,64695.63429055683,78114.09729130194,22643472.00169489,83101542.24622025
2005-02-24,27877.144702311627,53537.52284119811,74710.74780219517,18738132.994419336,68768948.08951896
2005-02-25,25933.484576522285,62294.887687442526,69501.73866507973,21803210.690604884,80017783.23451993
2005-02-26,28004.25923942651,53031.005822611245,75051.41476166305,18560852.037913933,68118326.97914414
2005-02-27,27208.549844827507,54179.03129632771,72918.91358413773,18962660.9537147,69592965.70013294
2005-02-28,31496.168323171507,48713.84688854229,84409.73110609964,17049846.410989802,62572936.32833257
2005-03-01,31976.525717413286,48136.340225024374,85697.08892266761,16847719.07875853,61831129.0190438
2005-03-02,27440.716566294057,38465.51710725466,73541.12039766807,13462930.987539131,49408956.72426861
2005-03-03,27096.690262594835,51354.46761081964,72619.12990375416,17974063.663786873,65964813.646097824
2005-03-04,27814.55198507497,53391.81172582537,74542.99932000092,18687134.10403888,68581782.16182269
2005-03-05,29036.075715641124,53156.44261260249,77816.68291791821,18604754.91441087,68279450.5358879
2005-03-06,24921.701122277493,52755.720897106774,66790.15900770368,18464502.31398737,67764723.49233365
2005-03-07,29047.24955031344,46247.808006877916,77846.62879484003,16186732.802407268,59405309.38483468
2005-03-08,32997.512708415234,49494.26622233711,88433.33405855283,17322993.177817985,63575384.962592006
2005-03-09,29850.972252866788,43637.57947161658,80000.605637683,15273152.8150658,56052470.83129148
2005-03-10,26531.181231578674,32325.757662379496,71103.56570063085,11314015.181832822,41522435.717326455
2005-03-11,27942.32622285413,52956.11477639894,74885.43427724908,18534640.171739627,68022129.43028443
2005-03-12,26373.749474513086,39849.7577614291,70681.64859169508,13947415.216500185,51187013.844555676
2005-03-13,30404.257677495087,44106.10098875038,81483.41057568684,15437135.346062632,56654286.72004986
2005-03-14,30694.032019690334,37921.407268707546,82260.0058127701,13272492.544047639,48710047.63665483
2005-03-15,28400.241904364182,47529.50298187426,76112.64830369601,16635326.043655992,61051646.58021749
2005-03-16,27336.659562649875,45463.04472090552,73262.24762790167,15912065.652316932,58397280.944003135
2005-03-17,31223.28322217665,46419.580422365565,83678.39903543342,16246853.147827948,59625951.05252857
2005-03-18,27150.053909254984,39339.19683363855,72762.14447680337,13768718.891773492,50531198.33280872
2005-03-19,29540.758655953414,42996.26946472854,79169.23319795515,15048694.312654989,55228708.127443805
2005-03-20,29972.283261664055,42005.78870586868,80325.71914125967,14702026.047054037,53956435.592688315
2005-03-21,29277.961551376953,47598.435610763765,78464.93695769024,16659452.463767316,61140190.54202605
2005-03-22,29727.635244170135,35644.436599063636,79670.06245437596,12475552.809672272,45785278.811497234
2005-03-23,30722.819137409624,41145.1479653642,82337.1552882578,14400801.78787747,52850942.56151032
2005-03-24,30885.65390923805,45769.28009302611,82773.55247675798,16019248.032559138,58790640.279492036
2005-03-25,30957.17825024409,36887.783409280295,82965.23771065417,12910724.193248102,47382357.789220534
2005-03-26,29726.590096971875,37922.762326419805,79667.26145988463,13272966.814246932,48711788.20828624
2005-03-27,29966.609218140253,41687.18211140248,80310.51270461589,14590513.738990868,53547185.42209648
2005-03-28,33867.520542998136,33139.663560660156,90764.95505523501,11598882.246231055,42567897.84366797
2005-03-29,29711.227120748106,33778.16252433988,79626.08868360493,11822356.883518958,43388049.76251458
2005-03-30,32928.16863805317,32254.61614928952,88247.49194998249,11289115.652251331,41431054.443762384
2005-03-31,30900.592653627977,43336.3702969889,82813.58831172298,15167729.603946112,55665567.64648223
2005-04-01,32815.13201440422,29779.43808886996,87944.55379860332,10422803.331104485,38251688.22515346
2005-04-02,32772.17689098715,28249.67997222391,87829.43406784558,9887387.990278367,36286713.92432161
2005-04-03,34896.83132845321,32563.102225382838,93523.50796025462,11397085.778883994,41827304.80850425
2005-04-04,30389.45855540951,24990.745984384233,81443.74892849749,8746761.094534481,32100613.216941543
2005-04-05,27660.435340676202,34655.69268740814,74129.96671301223,12129492.44059285,44515237.256975755
2005-04-06,30215.737765692844,26896.640728672333,80978.17721205682,9413824.255035317,34548735.01597961
2005-04-07,32259.31816664512,28728.027036175037,86454.97268660893,10054809.462661263,36901150.72796683
2005-04-08,28337.693379989734,31047.547706527123,75945.0182583725,10866641.697284492,39880575.029034086
2005-04-09,31020.791659640458,30548.575502453867,83135.72164783643,10692001.425858853,39239645.23290199
2005-04-10,27030.899095314187,37353.198846171035,72442.80957544202,13073619.596159862,47980183.917906694
2005-04-11,27111.00913594953,30534.295824291166,72657.50448434475,10687003.538501907,39221302.986301996
2005-04-12,32008.25614009608,38226.58402932661,85782.1264554575,13379304.410264313,49102047.185670026
2005-04-13,31232.475422197524,36252.19433612355,83703.03413148937,12688268.017643243,46565943.6247507
2005-04-14,28266.64934670735,33162.86074504581,75754.6202491757,11607001.260766031,42597694.62701134
2005-04-15,31124.89021049256,23427.784022373085,83414.70576412007,8199724.407830579,30092988.576738223
2005-04-16,26725.236688898127,29886.107341297928,71623.63432624699,10460137.569454275,38388704.87989719
2005-04-17,29623.443935300893,22631.410216433876,79390.8297466064,7920993.575751856,29070046.42300931
2005-04-18,30167.62871083527,26571.133789353727,80849.24494503853,9299896.826273805,34130621.35242486
2005-04-19,28961.78852513309,32204.653651298882,77617.5932473567,11271628.777954608,41366877.61509341
2005-04-20,30116.892978051885,29549.469761644603,80713.27318117906,10342314.41657561,37956293.90883249
2005-04-21,31449.042774704023,26226.07533617931,84283.43463620679,9179126.367662758,33687393.76932232
2005-04-22,30436.20947652952,32728.70229144831,81569.04139709912,11455045.802006908,42040018.09336535
2005-04-23,30158.172603750296,31461.524490487453,80823.9025780508,11011533.571670609,40412328.20803113
2005-04-24,31898.331600274407,29430.66413638541,85487.52868873542,10300732.447734892,37803688.08318705
2005-04-25,28390.01893025604,33716.36994635756,76085.25073308618,11800729.481225146,43308677.196096286
2005-04-26,29806.731078780525,34198.549737651454,79882.03929113182,11969492.408178007,43928037.13801329
2005-04-27,28111.010122708634,36293.61681841726,75337.50712885914,12702765.88644604,46619150.803256966
2005-04-28,29461.254380627746,37404.688856048204,78956.16174008236,13091641.09961687,48046322.83559392
2005-04-29,25428.158190523613,36515.37588419198,68147.46395060328,12780381.55946719,46904000.32324459
2005-04-30,27115.74282371871,36176.07797054306,72670.19076756615,12661627.289690072,46468172.15316256
2005-05-01,27630.352469301888,30443.02971926573,74049.34461772906,10655060.401743004,39104071.67439683
2005-05-02,29467.147867071446,31796.532643809922,78971.95628375148,11128786.425333472,40842646.18097384
2005-05-03,28257.870664324775,32800.51825412774,75731.0933803904,11480181.388944708,42132265.69742708
2005-05-04,30053.812087844333,38425.17558273809,80544.21639542282,13448811.453958333,49357138.03602708
2005-05-05,27270.275182205896,31076.772534303178,73084.33748831181,10876870.387006111,39918114.320312425
2005-05-06,28531.209317970017,34705.218208298335,76463.64097215964,12146826.372904416,44578852.788559206
2005-05-07,28641.081676323603,40457.479445980556,76758.09889254726,14160117.806093194,51967632.34836202
2005-05-08,29097.214664352374,40341.74751179099,77980.53530046437,14119611.629126847,51818974.678895526
2005-05-09,26772.33834245984,35364.52699843695,71749.86675779238,12377584.449452931,45425734.92949226
2005-05-10,26938.368673983372,28037.610936214223,72194.82804627545,9813163.827674977,36014311.24756717
2005-05-11,24912.896033827834,32217.460529522243,66766.5613706586,11276111.185332784,41383328.050171316
2005-05-12,24826.7745357674,40161.31876382322,66535.75575585663,14056461.567338126,51587213.95213092
2005-05-13,28708.84949751101,22165.852849973333,76939.71665332951,7758048.497490666,28472037.985790744
2005-05-14,26909.002042094693,39759.08341099024,72116.12547281379,13915679.193846585,51070542.64141697
2005-05-15,26181.20641441555,33676.51018058906,70165.63319063367,11786778.56320617,43257477.32696664
2005-05-16,29092.10096608356,35194.34137169999,77966.83058910395,12318019.480094997,45207131.49194864
2005-05-17,25317.259322502196,34082.38902054607,67850.2549843059,11928836.157191124,43778828.69689143
2005-05-18,30153.529233260888,40932.58481536394,80811.45834513918,14326404.685377376,52577905.19533497
2005-05-19,27889.685284370735,45278.00564871376,74744.35656211358,15847301.977049815,58159598.25577282
2005-05-20,24902.84065284302,47352.02168066144,66739.6129496193,16573207.588231502,60823671.848809615
2005-05-21,29640.67374707535,37014.78680816415,79437.00564216194,12955175.382857451,47545493.655086845
2005-05-22,24811.61103723926,39831.90018860412,66495.11757980123,13941165.066011442,51164075.79226199
2005-05-23,27049.04621027003,52152.2243429731,72491.44384352368,18253278.520040587,66989532.16854895
2005-05-24,29546.219525323428,39165.30266331201,79183.86832786679,13707855.932159202,50307831.27102427
2005-05-25,24958.045859973055,40143.36761695871,66887.56290472779,14050178.66593555,51564155.70398347
2005-05-26,25247.179765130782,48069.10593588507,67662.4417705505,16824187.077559773,61744766.574644364
2005-05-27,24181.503533766314,40355.151723999465,64806.42947049373,14124303.103399811,51836192.389477305
2005-05-28,26473.61501992866,46133.958812541976,70949.28825340881,16146885.58438969,59259070.094710164
2005-05-29,27543.740361809487,46184.61722332544,73817.22416964943,16164616.028163902,59324140.82336152
2005-05-30,23956.864264067688,44257.68760436017,64204.39622770141,15490190.661526058,56848999.72780063
2005-05-31,23068.77102557921,47274.93512208054,61824.306348552294,16546227.29272819,60724654.16431245
2005-06-01,23942.625524049345,38660.64775501647,64166.23640445225,13531226.714255763,49659602.04131865
2005-06-02,31418.57540274077,47903.39559775573,84201.78207934527,16766188.459214505,61531911.645317234
2005-06-03,22691.277056089082,48183.889208223656,60812.622510318746,16864361.222878277,61892205.68796328
2005-06-04,23058.298319382975,48512.18644955058,61796.23949594638,16979265.2573427,62313903.49444771
2005-06-05,27895.22663588225,57136.04195541685,74759.20738416443,19997614.684395898,73391245.89173295
2005-06-06,22108.33228737813,58910.29188302422,59250.33053017339,20618602.159058478,75670269.92374462
2005-06-07,22291.14983478465,46977.40862112085,59740.281557222865,16442093.017392296,60342481.37382973
2005-06-08,23798.49384797362,54518.06070667973,63779.9635125693,19081321.247337904,70028448.97773011
2005-06-09,22009.575345258756,56273.66485389173,58985.66192529347,19695782.698862106,72283522.50482392
2005-06-10,27138.09210650622,52649.69310324268,72730.08684543667,18427392.586134937,67628530.79111521
2005-06-11,22705.316675449976,48512.93674655786,60850.24869020594,16979527.86129525,62314867.25095356
2005-06-12,23662.359486564834,60822.70094374765,63415.123423993755,21287945.33031168,78126759.36224386
2005-06-13,23392.10943384241,49211.33637935272,62690.853282697666,17223967.73277345,63211961.57927856
2005-06-14,18051.178878364277,62569.229887726564,48377.159394016264,21899230.460704293,80370175.79078476
2005-06-15,24341.821670048612,60012.38801563054,65236.082075730286,21004335.805470686,77085912.40607741
2005-06-16,24496.333858008347,63322.626366945675,65650.17473946238,22162919.228430986,81337913.56834172
2005-06-17,22015.430424731934,51457.67873027168,59001.35353828159,18010187.555595085,66097388.32903396
2005-06-18,18925.114067751918,56381.628168206225,50719.30570157514,19733569.858872175,72422201.38206089
2005-06-19,25503.879702081478,61642.28635254966,68350.39760157837,21574800.22339238,79179516.81985003
2005-06-20,18819.242279465616,59262.38946285973,50435.56930896785,20741836.312000904,76122539.26504332
2005-06-21,22245.316000233095,66479.8157054366,59617.446880624695,23267935.49690281,85393323.2736333
2005-06-22,21965.0130576283,60977.2404690003,58866.23499444385,21342034.164150104,78325265.38243088
2005-06-23,20883.785395000974,69612.9075301524,55968.54485860261,24364517.635553338,89417779.72248074
2005-06-24,21229.179681700105,67526.24599592942,56894.20154695628,23634186.098575294,86737462.98177132
2005-06-25,22747.071976032905,56755.87185890861,60962.15289576819,19864555.150618013,72902917.4027681
2005-06-26,18869.128437133284,60724.32813220666,50569.264211517206,21253514.84627233,78000399.48581946
2005-06-27,21594.72790907124,69487.53155788961,57873.87079631093,24320636.04526136,89256734.2861092
2005-06-28,20395.50177542558,65469.179844793754,54659.944758140555,22914212.945677813,84095161.51063757
2005-06-29,18040.453244300563,63117.06751115898,48348.414694725514,22090973.628905643,81073873.21808371
2005-06-30,21029.905725052202,67145.07725770147,56360.147343139906,23500777.040195514,86247851.73751754
2005-07-01,21014.57870898003,65687.94479285504,56319.07094006648,22990780.67749926,84376165.08642228
2005-07-02,17309.906716056295,65344.37863190098,46390.549999030874,22870532.52116534,83934854.3526768
2005-07-03,21125.557148901415,60912.87578286172,56616.4931590558,21319506.524001602,78242588.94308588
2005-07-04,19623.172893910403,64031.4841947465,52590.10335567989,22411019.468161274,82248441.44815187
2005-07-05,16388.88285474689,64434.87820608856,43922.206050721674,22552207.372130994,82766601.05572075
2005-07-06,18421.899263194744,63137.703052154604,49370.69002536192,22098196.06825411,81100379.57049258
2005-07-07,23418.51351125083,67009.11027466813,62761.61621015223,23453188.596133843,86073202.1478112
2005-07-08,16499.772692282484,72076.36475836129,44219.39081531706,25226727.66542645,92582090.53211507
2005-07-09,17469.966755048983,69230.85849614647,46819.51090353128,24230800.473651264,88927037.73830013
2005-07-10,16154.879972802868,68119.34710374476,43295.07832711169,23841771.486310665,87499301.35476014
2005-07-11,14833.289012622492,61099.91645172109,39753.21455382828,21384970.75810238,78482842.68223573
2005-07-12,19795.871238583433,70486.10107919048,53052.934919403604,24670135.377716664,90539396.83622016
2005-07-13,12975.009805311774,66247.95480395816,34773.02627823556,23186784.181385353,85095497.94568424
2005-07-14,20115.462737672908,67090.3958123661,53909.44013696339,23481638.534328133,86177613.42098425
2005-07-15,17137.292187462193,74227.51015218376,45927.943062398685,25979628.55326432,95345236.79048005
2005-07-16,15159.345853169612,79103.45127612569,40627.046886494565,27686207.946643993,101608383.16418345
2005-07-17,17340.17799627427,71247.76496504275,46471.677030015046,24936717.737764962,91517754.0975974
2005-07-18,18238.32922851598,71479.58567526782,48878.72233242283,25017854.986343734,91815527.7998815
2005-07-19,15658.486131967898,67797.80637202089,41964.74283367397,23729232.23020731,87086282.28486082
2005-07-20,17928.18994003629,66991.26680304356,48047.54903929726,23446943.381065246,86050282.20850945
2005-07-21,13551.404436617056,71207.37111639165,36317.76389013371,24922579.890737075,91465868.19900507
2005-07-22,18999.404779163913,70709.91267944202,50918.40480815929,24748469.437804706,90826882.83674327
2005-07-23,14485.684966052384,67218.47936342705,38821.63570902039,23526467.777199462,86342136.74232203
2005-07-24,15992.087151167778,67412.28007345647,42858.79356512965,23594298.025709763,86591073.75435483
2005-07-25,13388.778064500731,67617.70420751975,35881.92521286196,23666196.472631913,86854941.05455911
2005-07-26,17810.66718277312,67500.855083628,47732.58804983196,23625299.2792698,86704848.35492016
2005-07-27,18463.366969713265,65129.91259897486,49481.82347883155,22795469.4096412,83659372.7333832
2005-07-28,11351.527077680897,66018.92892600808,30422.092568184806,23106625.124102827,84801314.20545737
2005-07-29,15148.222660970438,69277.71146762563,40597.23673140077,24247199.01366897,88987220.38016511
2005-07-30,16095.91974859329,62688.68768019661,43137.064926230014,21941040.68806881,80523619.32521254
2005-07-31,17114.383729363486,64091.574406676315,45866.548394694146,22432051.04233671,82325627.32537572
2005-08-01,15233.749181502839,66075.44122071112,40826.44780642761,23126404.42724889,84873904.24800342
2005-08-02,13922.189519659461,68403.16952540653,37311.46791268736,23941109.333892282,87863871.25538467
2005-08-03,15437.070874913408,63452.97620772809,41371.349944767935,22208541.67270483,81505347.93882672
2005-08-04,13526.627497290156,70279.30784272213,36251.36169273762,24597757.744952746,90273770.92397657
2005-08-05,14703.725094535572,58333.27329996163,39405.983253355334,20416645.654986568,74929089.5538007
2005-08-06,14483.803693749045,64604.54596751158,38816.59389924744,22611591.088629052,82984539.29526863
2005-08-07,14631.613847961533,58074.06721378648,39212.72511253691,20325923.524825267,74596139.33610873
2005-08-08,13937.946798219395,67880.44059890632,37353.69741922798,23758154.209617212,87192425.94929516
2005-08-09,12752.538007091158,58761.24845957459,34176.80185900431,20566436.960851107,75478823.64632356
2005-08-10,14838.281322013328,61529.05903827541,39766.59394299572,21535170.663396392,79034076.33466476
2005-08-11,13487.16366241692,60139.69597130666,36145.59861527735,21048893.58995733,77249439.4751434
2005-08-12,12003.573988949829,61899.58893312179,32169.578290385543,21664856.126592625,79510021.98459493
2005-08-13,14021.102457995366,55149.97740575553,37576.554587427585,19302492.092014436,70840145.97769298
2005-08-14,12840.503245322383,64034.2919556144,34412.548697463986,22412002.184465036,82252048.01698668
2005-08-15,9851.56132945735,57935.14945051827,26402.1843629457,20277302.307681393,74417699.46919072
2005-08-16,12925.825630576044,63210.97910698129,34641.2126899438,22123842.68744345,81194502.66291746
2005-08-17,13665.709914147066,62785.199203318894,36624.10256991414,21974819.72116161,80647588.37666312
2005-08-18,13169.44912703621,61851.319884742246,35294.123660457044,21647961.959659785,79448020.39195141
2005-08-19,12993.353357492451,54813.18248625898,34822.18699807977,19184613.87019064,70407532.90359965
2005-08-20,12683.549441500192,62801.949208025944,33991.91250322052,21980682.22280908,80669103.75770932
2005-08-21,12244.554708008625,52477.85692571555,32815.406617463115,18367249.92400044,67407807.22108161
2005-08-22,12774.420045446428,61712.16279470127,34235.44572179643,21599256.978145443,79269273.10979377
2005-08-23,13994.109672568597,58060.71111318439,37504.21392248384,20321248.889614537,74578983.42488535
2005-08-24,12513.105249433162,52648.30972734405,33535.12206848087,18426908.404570416,67626753.84477343
2005-08-25,11704.056008354413,59127.34048848465,31366.87010238983,20694569.170969628,75949068.85745853
2005-08-26,11357.955333007492,58230.87397927478,30439.32029246008,20380805.892746173,74797557.62637845
2005-08-27,8514.894302681409,53133.59847652964,22819.916731186175,18596759.46678537,68250107.24310231
2005-08-28,12940.156740449569,55136.814283770196,34679.620064404844,19297884.99931957,70823237.9475028
2005-08-29,7279.15011463883,48323.67640999862,19508.122307232064,16913286.743499514,62071762.34864321
2005-08-30,13437.695158902205,57957.52139779662,36013.02302585791,20285132.489228815,74446436.23546974
2005-08-31,13118.126664957254,53307.18935294261,35156.57946208544,18657516.273529913,68473084.72385478
2005-09-01,10516.47221804281,58069.91789199058,28184.145544354735,20324471.2621967,74590809.5322619
2005-09-02,10400.400539019449,41792.55392636509,27873.073444572125,14627393.87422778,53682535.51841596
2005-09-03,12392.157432837765,50274.65314309959,33210.98192000521,17596128.600084856,64577791.962311424
2005-09-04,14236.779883073057,51322.1066693204,38154.570086635795,17962737.334262136,65923246.016742036
2005-09-05,10756.657129105355,55261.16650087561,28827.841106002354,19341408.27530646,70982968.37037471
2005-09-06,11568.395217598083,46515.50082322347,31003.299183162864,16280425.288128214,59749160.80743054
2005-09-07,8737.331304078678,52328.1370729912,23416.04789493086,18314847.97554692,67215492.07025719
2005-09-08,11004.038300972386,36460.39310760594,29490.822646605997,12761137.587662078,46833374.946719825
2005-09-09,11160.638300650966,56920.17157220337,29910.51064574459,19922060.050271176,73113960.38449521
2005-09-10,9941.964291270704,42847.96990301549,26644.464300605487,14996789.46605542,55038217.34042339
2005-09-11,8579.0990708778,49735.9474693591,22991.98550995251,17407581.614275683,63885824.524391755
2005-09-12,12863.482220327563,50093.92090777202,34474.13235047787,17532872.317720205,64345641.40603315
2005-09-13,8781.078970019238,40887.861022992125,23533.29163965156,14310751.358047243,52520457.48403338
2005-09-14,9481.658492549912,38341.97200891851,25410.844760033764,13419690.203121478,49250263.04545582
2005-09-15,4912.456369833566,41389.72187893922,13165.383071153958,14486402.657628726,53165097.75349742
2005-09-16,8351.780034339545,42298.05674938798,22382.77049202998,14804319.862285791,54331853.89458885
2005-09-17,11921.767509797948,35272.1746846539,31950.336926258504,12345261.139628865,45307108.38243793
2005-09-18,7171.642503447292,49144.90749473214,19220.001909238745,17200717.62315625,63126633.67698343
2005-09-19,8817.251086814607,33515.17826206351,23630.23291266315,11730312.39172223,43050246.47762059
2005-09-20,8229.732159693758,44690.96438740434,22055.682187979273,15641837.535591517,57405543.75562087
2005-09-21,6721.987438087879,36979.06367010946,18014.926334075517,12942672.284538312,47499607.2842556
2005-09-22,8534.146592191237,33411.81304224992,22871.512867072517,11694134.564787472,42917473.85277002
2005-09-23,6959.237640222705,38913.86077018058,18650.75687579685,13619851.269563204,49984854.15929696
2005-09-24,9382.80470767441,32156.390151896627,25145.916616567418,11254736.553163819,41304883.15011121
2005-09-25,11200.836880307012,33360.5511129862,30018.242839222792,11676192.889545169,42851627.904630765
2005-09-26,15449.264443291588,38038.261346317515,41404.028708021455,13313391.47121113,48860146.69934484
2005-09-27,6795.897528401031,34453.185321494166,18213.005376114765,12058614.862522956,44255116.54545925
2005-09-28,8105.084202307553,45036.36884683014,21721.625662184244,15762729.096390547,57849215.783753306
2005-09-29,7559.451806547186,31265.441747026052,20259.33084154646,10942904.611459117,40160459.92405496
2005-09-30,14577.183822078641,31760.0702243161,39066.85264317076,11116024.578510633,40795810.20313402
2005-10-01,11031.29073665294,27492.678314748926,29563.85917422988,9622437.410162123,35314345.29529499
2005-10-02,10741.106122303141,30939.562548111764,28786.16440777242,10828846.891839117,39741868.093049556
2005-10-03,9444.381961476678,27566.686672812102,25310.9436567575,9648340.335484235,35409409.03122714
2005-10-04,10127.593858879918,30482.38875015464,27141.951541798182,10668836.062554123,39154628.34957363
2005-10-05,6430.659415531988,24200.27115531049,17234.16723362573,8470094.90435867,31085248.298996318
2005-10-06,7336.43098704456,28314.807952580577,19661.63504527942,9910182.783403201,36370370.81508975
2005-10-07,10360.897043448314,32462.28070670351,27767.204076441485,11361798.247346228,41697799.567760654
2005-10-08,9521.215669611272,32339.190264612153,25516.857994558213,11318716.592614252,41539689.8948943
2005-10-09,10186.3777221202,33318.39473693831,27299.492295282136,11661438.157928407,42797478.03959725
2005-10-10,8316.91650850739,25264.160369988065,22289.336242799804,8842456.129495822,32451813.995249666
2005-10-11,12271.841911486312,41618.45570680029,32888.536322783315,14566459.4973801,53458906.35538497
2005-10-12,10054.3058279585,25942.138115013215,26945.539618928782,9079748.340254625,33322676.408734474
2005-10-13,6655.6002555398345,32678.524064543744,17837.008684846758,11437483.42259031,41975564.160906434
2005-10-14,8190.583889236964,29156.27943814675,21950.764823155063,10204697.803351363,37451240.9382995
2005-10-15,8672.30628380304,27162.336086991585,23241.78084059215,9506817.630447054,34890020.703740686
2005-10-16,11027.89912282638,26260.233130287117,29554.7696491747,9191081.595600491,33731269.455853805
2005-10-17,9651.104899385218,24325.050306084115,25864.961130352385,8513767.60712944,31245527.118165042
2005-10-18,13494.64392090265,31365.712290999913,36165.6457080191,10977999.301849969,40289257.43778939
2005-10-19,12548.0620633545,25970.38858640031,33628.806329790066,9089636.005240107,33358964.13923119
2005-10-20,6572.42930346811,33199.27985043416,17614.110533294537,11619747.947651956,42644474.96788268
2005-10-21,14134.218032063054,26645.425846227547,37879.704325928986,9325899.046179641,34226049.49947928
2005-10-22,12920.016803203827,32633.629102080013,34625.64503258626,11421770.185728004,41917896.58162177
2005-10-23,9556.929550447134,45719.53342753582,25612.57119519832,16001836.699637534,58726740.68766975
2005-10-24,9277.763728949263,34020.597250115614,24864.40679358403,11907209.037540464,43699457.1677735
2005-10-25,6145.57623567239,31137.130391374714,16470.144311602005,10897995.63698115,39995643.98772082
2005-10-26,11701.160741795751,25584.93983230226,31359.110788012615,8954728.94130579,32863855.21459225
2005-10-27,9216.310411762455,35231.00419709306,24699.71190352338,12330851.468982572,45254224.89116604
2005-10-28,13723.647026989642,30913.954694598797,36779.37403233224,10819884.143109579,39708974.805212155
2005-10-29,12134.11337668609,33456.26521504945,32519.42384951872,11709692.825267306,42974572.66873101
2005-10-30,13802.621964438862,40974.3828526544,36991.026864696156,14341033.998429041,52631594.77423458
2005-10-31,14417.611016025501,34741.78378910541,38639.19752294834,12159624.326186892,44625821.27710589
2005-11-01,8470.493288506817,38913.01771693777,22700.922013198273,13619556.20092822,49983771.25740657
2005-11-02,9349.352170967994,29484.57397063587,25056.263818194224,10319600.889722554,37872935.265281774
2005-11-03,10465.648784219085,30140.22996138038,28047.938741707152,10549080.486483132,38715125.3853931
2005-11-04,13096.302459029412,37244.80053725222,35098.09059019882,13035680.188038275,47840946.29010047
2005-11-05,10179.851494986375,33816.71866646547,27282.002006563485,11835851.533262916,43437575.1270749
2005-11-06,13020.592056882284,35501.15898118896,34895.18671244452,12425405.643416135,45601238.711337216
2005-11-07,10963.989660588044,38285.551695170194,29383.492290375958,13399943.093309566,49177791.152446106
2005-11-08,7320.602984039082,36289.188480134595,19619.215997224743,12701215.968047107,46613462.60273288
2005-11-09,10901.549183821757,47011.19116082254,29216.15181264231,16453916.906287888,60385875.04607655
2005-11-10,10763.738860075515,40128.78254878095,28846.82014500238,14045073.892073333,51545421.18390913
2005-11-11,17331.888570781924,34051.69868582156,46449.461369695564,11918094.540037546,43739406.96193779
2005-11-12,14481.42170084775,45046.86552918729,38810.21015827197,15766402.935215551,57862698.77224107
2005-11-13,12623.891706310767,39763.85953148854,33832.02977291286,13917350.836020987,51076677.56819702
2005-11-14,14410.522046121507,44919.43313686144,38620.19908360564,15721801.5979015,57699011.86429851
2005-11-15,12302.674687285271,47645.33721484147,32971.16816192453,16675868.025194513,61200435.65246386
2005-11-16,11044.81804722678,31921.76684487782,29600.11236656777,11172618.395707237,41003509.51224556
2005-11-17,11298.220636527485,49737.237989680696,30279.231305893663,17408033.296388242,63887482.19774485
2005-11-18,14433.324151036519,37382.63540362939,38681.308724777875,13083922.391270287,48017995.17596196
2005-11-19,16555.840857912084,47610.563678516104,44369.65349920439,16663697.287480636,61155769.04505393
2005-11-20,16135.858085689968,44475.52123144977,43244.09966964912,15566432.431007417,57128807.02179722
2005-11-21,12808.537659643029,41791.86592709988,34326.88092784332,14627153.07448496,53681651.783359796
2005-11-22,15419.144214866703,37148.731946842076,41323.306495842764,13002056.181394726,47717546.18571864
2005-11-23,11104.598927471445,41741.5194947394,29760.325125623473,14609531.82315879,53616981.79099276
2005-11-24,13677.813006700022,40349.05545797787,36656.53885795606,14122169.410292253,51828361.735772565
2005-11-25,16262.143581240616,48470.581860050705,43582.544797724855,16964703.651017748,62260462.39923514
2005-11-26,13639.861504966497,52690.65230511244,36554.82883331021,18441728.30678935,67681142.88591692
2005-11-27,13928.01924582497,54975.43386298824,37327.09157881092,19241401.852045882,70615944.79700838
2005-11-28,16997.567211635243,47484.93901223916,45553.480127182454,16619728.654283706,60994404.1612212
2005-11-29,16245.863605621445,55693.761761430884,43538.91446306548,19492816.616500806,71538636.98255795
2005-11-30,13838.08370160676,50626.845643110195,37086.06432030612,17719395.975088567,65030183.228575036
2005-12-01,18153.65617574107,53069.53558828563,48651.798550986074,18574337.45589997,68167818.46315289
2005-12-02,15281.098273259451,43200.94307347145,40953.34337233533,15120330.075715005,55491611.37787407
2005-12-03,16277.657190948761,54814.41934439411,43624.12127174268,19185046.77053794,70409121.64787424
2005-12-04,17443.106105735886,48877.89086461907,46747.52436337218,17107261.802616674,62783650.8156032
2005-12-05,15584.824800753828,51169.40470590087,41767.33046602026,17909291.647065304,65727100.34472966
2005-12-06,12573.22957057431,49282.87720004066,33696.255249139154,17249007.02001423,63303855.763452224
2005-12-07,17791.83267586955,56463.44160100536,47682.1115713304,19762204.560351875,72527290.73649138
2005-12-08,19205.184128889992,58296.52388232424,51469.89346542518,20403783.358813483,74881884.92684548
2005-12-09,12696.071728262843,57448.30571376204,34025.47223174442,20106906.999816716,73792348.68932734
2005-12-10,15211.937076631908,58944.37413558552,40767.99136537351,20630530.947454933,75714048.5771596
2005-12-11,17381.53936926933,60082.30652053758,46582.525509641804,21028807.282188155,77175722.72563052
2005-12-12,15381.234897023478,59590.08066810789,41221.709524022925,20856528.23383776,76543458.61818458
2005-12-13,15285.52372227053,63813.78974268613,40965.203575685024,22334826.409940146,81968812.92448033
2005-12-14,14070.928806290858,53655.22999526499,37710.089200859504,18779330.498342745,68920142.92891787
2005-12-15,17422.285680649777,67889.4394750191,46691.72562414141,23761303.816256683,87203985.00566202
2005-12-16,15180.20236190992,55435.64294808409,40682.94232991859,19402475.031829428,71207083.366814
2005-12-17,16785.55421656618,60091.094892344874,44985.285300397365,21031883.212320704,77187011.38921699
2005-12-18,20480.058787766466,60037.335694651905,54886.55755121413,21013067.493128166,77117957.69978036
2005-12-19,16337.321442886045,63479.247856035465,43784.0214669346,22217736.74961241,81539093.87107754
2005-12-20,18084.882661501655,56378.31034660839,48467.48553282444,19732408.621312935,72417939.64021847
2005-12-21,19078.14522318029,64142.04617542442,51129.42919812318,22449716.161398545,82390458.31233266
2005-12-22,18747.24540522532,60303.38573088798,50242.61768600386,21106185.00581079,77459698.97132559
2005-12-23,21761.05458857028,73611.06940301096,58319.626297368355,25763874.291053835,94553418.64816758
2005-12-24,21264.695450034487,65026.48547984154,56989.38380609243,22759269.917944536,83526520.59885645
2005-12-25,17181.75984342472,64411.98966325186,46047.11638037825,22544196.382138148,82737200.72244701
2005-12-26,18460.218494179666,71353.06228605066,49473.385564401506,24973571.80011773,91653008.50643207
2005-12-27,21955.667884666265,65040.12231262788,58841.189930905595,22764042.80941976,83544037.1105705
2005-12-28,18585.62447067783,67861.90617300932,49809.47358141659,23751667.16055326,87168618.47923046
2005-12-29,17747.273922579232,64677.86136604362,47562.69411251234,22637251.478115264,83078712.92468302
2005-12-30,22528.651632511974,68351.06718600467,60376.78637513209,23922873.515101634,87796945.800423
2005-12-31,21300.14120528654,68819.38424650635,57084.37843016793,24086784.48627722,88398499.0646374
2006-01-01,21928.979256733524,69248.47583062509,58769.66440804585,24236966.54071878,88949667.20443791
2006-01-02,23834.396890852975,75461.09885842951,63876.18366748598,26411384.600450326,96929781.4836527
2006-01-03,17727.869320512338,68376.72956928096,47510.68977897307,23931855.34924833,87829909.13174137
2006-01-04,22489.662258529603,63654.26007504254,60272.29485285934,22278991.026264887,81763897.06639214
2006-01-05,19451.643053206208,61350.045211403885,52130.40338259264,21472515.82399136,78804133.07404828
2006-01-06,23267.068411322274,65575.45536493236,62355.743342343696,22951409.377726328,84231672.41625562
2006-01-07,19468.552479354465,67131.27030193554,52175.72064466997,23495944.605677437,86230116.70283619
2006-01-08,19472.672917286676,65702.21615767256,52186.76341832829,22995775.655185394,84394496.65453039
2006-01-09,17757.45926554118,72868.79405965332,47589.990831650364,25504077.920878656,93599965.96962467
2006-01-10,24030.081675557467,73946.87583067258,64400.61889049401,25881406.5407354,94984762.00449891
2006-01-11,22983.661819972593,71932.83609859525,61596.21367752655,25176492.634508334,92397727.96864559
2006-01-12,23471.286976059553,66260.72819117896,62903.049095839604,23191254.866912637,85111905.36156937
2006-01-13,18438.91463629698,72137.22892341194,49416.29122527591,25248030.123194177,92660270.55212262
2006-01-14,18951.114638180574,70982.06079947797,50788.98723032394,24843721.279817287,91176457.09692945
2006-01-15,20339.973371597996,69901.8151498089,54511.12863588263,24465635.302433114,89788881.55992953
2006-01-16,25581.45432080765,75162.98651772665,68558.2975797645,26307045.281204324,96546856.18201987
2006-01-17,20301.11935540368,71115.41891674047,54406.999872481865,24890396.62085916,91347755.59855312
2006-01-18,21073.94233764217,80790.59229340975,56478.165464881014,28276707.30269341,103775515.80088481
2006-01-19,24657.070251792247,72784.91422341652,66080.94827480323,25474719.978195783,93492222.31997852
2006-01-20,26638.052205732514,66341.08953958102,71389.97991136315,23219381.338853355,85215129.51359181
2006-01-21,20913.052635748707,78059.85954500551,56046.98106380654,27320950.840751927,100267889.58555958
2006-01-22,24800.275967849735,64021.777418701575,66464.7395938373,22407622.09654555,82235973.09432217
2006-01-23,24640.708719474587,68678.7634095358,66037.09936819189,24037567.193337526,88217871.59954871
2006-01-24,24337.979063548817,63499.55208630512,65225.783890310835,22224843.23020679,81565174.65485892
2006-01-25,24634.972686749854,68581.9940522812,66021.72680048962,24003697.91829842,88093571.3601552
2006-01-26,22598.634806239963,61850.71794423008,60564.34128072311,21647751.280480526,79447247.19936353
2006-01-27,23585.271928580183,71190.72546305192,63208.52876859489,24916753.91206817,91444486.85729018
2006-01-28,23953.361111360966,63710.62521060359,64195.00777844739,22298718.823711254,81836298.0830203
2006-01-29,22518.596931336673,74582.73132501854,60349.83977598229,26103955.963756487,95801518.3869863
2006-01-30,24577.674239196862,74218.83328555265,65868.1669610476,25976591.649943426,95334091.35529238
2006-01-31,29277.70533651428,58735.673523687576,78464.25030185826,20557485.73329065,75445972.64117669
2006-02-01,25139.87561797339,54959.239446674495,67374.86665616868,19235733.80633607,70595143.06925339
2006-02-02,28051.601705300505,66490.00876838871,75178.29257020536,23271503.068936046,85406416.26299529
2006-02-03,24056.274562312024,60328.94269210804,64470.81582699623,21115129.94223781,77492526.88801275
2006-02-04,25219.947367715922,68763.63171181611,67589.45894547868,24067271.099135634,88326884.93382777
2006-02-05,28335.53976205565,66417.47324152451,75939.24656230914,23246115.634533577,85313244.37873822
2006-02-06,25605.629882662062,55897.77410025734,68623.08808553433,19564220.935090065,71800690.83178054
2006-02-07,29430.48626347662,57912.345253948726,78873.70318611735,20269320.83888205,74388407.47869712
2006-02-08,29520.316031256825,58311.13448091584,79114.44696376829,20408897.068320543,74900652.2407364
2006-02-09,28066.109590917582,50574.59023354032,75217.17370365912,17701106.58173911,64963061.15498253
2006-02-10,25341.433293507314,59508.72263156481,67915.04122659961,20828052.921047684,76438954.220245
2006-02-11,27081.956343059308,62551.28557197405,72579.64299939894,21892949.950190917,80347126.31720066
2006-02-12,29337.551012627908,58564.89505160958,78624.6367138428,20497713.26806335,75226607.69379249
2006-02-13,27826.942438611335,59222.77854759496,74576.20573547838,20727972.491658233,76071659.04438572
2006-02-14,29673.476261207463,62172.15629502285,79524.91638003601,21760254.703257993,79860134.76095684
2006-02-15,32795.79203160824,46271.07132574563,87892.72264471008,16194874.964010969,59435191.11792026
2006-02-16,28956.510360912493,49746.15471131401,77603.44776724548,17411154.1489599,63898935.726682834
2006-02-17,27651.45358018505,47339.78385752214,74105.89559489593,16568924.350132747,60807952.36498718
2006-02-18,26998.359691371723,51868.890201639995,72355.60397287623,18154111.570573997,66625589.464006566
2006-02-19,28154.04625347627,52696.02999162055,75452.84395931641,18443610.49706719,67688050.52423659
2006-02-20,25972.99302785128,42905.236738608844,69607.62131464144,15016832.858513094,55111776.59074306
2006-02-21,26719.47066818957,60179.27508546368,71608.18139074805,21062746.279912286,77300278.84727809
2006-02-22,28298.249450141702,46541.917969939845,75839.30852637977,16289671.289478945,59783093.63238773
2006-02-23,24644.347307329506,57608.05324962794,66046.85078364308,20162818.637369778,73997544.39914708
2006-02-24,28651.893320136634,47438.351154948876,76787.07409796618,16603422.904232105,60934562.05853183
2006-02-25,25898.838983587953,56662.184054044694,69408.88847601572,19831764.41891564,72782575.4174204
2006-02-26,28945.1693435327,49244.83054848572,77573.05384066764,17235690.691970002,63254984.83952991
2006-02-27,25561.781691245338,48175.12438904768,68505.5749325375,16861293.536166687,61880947.27773174
2006-02-28,33766.22897121096,63553.48337834701,90493.49364284538,22243719.182421453,81634449.39948674
2006-03-01,30414.812741865477,56134.84905816139,81511.69814819949,19647197.170356482,72105213.61520828
2006-03-02,26872.72472331657,48925.931571479596,72018.90225848841,17124076.050017856,62845359.10356553
2006-03-03,24913.75633252514,45008.120892250576,66768.86697116737,15752842.3122877,57812931.28609586
2006-03-04,33016.40734238118,47462.69583913531,88483.97167758156,16611943.543697357,60965832.8053693
2006-03-05,26999.31357250273,48858.28528109945,72358.16037430732,17100399.84838481,62758467.443572246
2006-03-06,26728.00850642129,33893.33343099544,71631.06279720906,11862666.7008484,43535986.79211363
2006-03-07,29362.460392123816,46509.3659903516,78691.39385089184,16278278.09662306,59741280.61460663
2006-03-08,33350.539000463796,51406.00091566388,89379.44452124297,17992100.320482355,66031008.17617024
2006-03-09,28247.68330435313,41412.575190004325,75703.7912556664,14494401.316501513,53194452.83156055
2006-03-10,29961.090342730826,43995.15151933456,80295.72211851862,15398303.031767096,56511772.126585245
2006-03-11,30752.66093878535,45002.90793724141,82417.13131594475,15751017.778034493,57806235.24538659
2006-03-12,26686.97747586653,39892.96421699534,71521.0996353223,13962537.475948367,51242512.536730506
2006-03-13,34677.25241437087,39544.44659109027,92935.03647051395,13840556.306881594,50794841.64625545
2006-03-14,26260.704291177004,36357.384258568585,70378.68750035437,12725084.490499005,46701060.080131344
2006-03-15,30272.210308167694,38958.73349624441,81129.52362588943,13635556.723685542,50042493.17592594
2006-03-16,29703.12547660947,36292.97559643794,79604.3762773134,12702541.458753278,46618327.153624535
2006-03-17,31337.85405966472,37352.40735854467,83985.44887990147,13073342.575490633,47979167.25205062
2006-03-18,29374.774975218046,37883.82503933417,78724.39693358437,13259338.76376696,48661773.26302474
2006-03-19,28912.052865349786,40011.519847508804,77484.30167913742,14004031.94662808,51394797.24412505
2006-03-20,26409.97432207602,46106.68960440995,70778.73118316373,16137341.36154348,59224042.79686457
2006-03-21,27821.92693403671,27188.86273011349,74562.76418321839,9516101.955539722,34924094.176830776
2006-03-22,29971.688036937132,41306.24555251853,80324.12393899151,14457185.943381485,53057872.41221005
2006-03-23,27986.84196153345,34084.828844346746,75004.73645690965,11929690.09552136,43781962.65056339
2006-03-24,26393.463006933314,37311.89906943812,70734.48085858129,13059164.674303342,47927134.354693264
2006-03-25,30581.634192855876,42042.45719859588,81958.77963685375,14714860.019508557,54003536.2715964
2006-03-26,31758.647238336398,35232.92520335358,85113.17459874155,12331523.821173754,45256692.42370767
2006-03-27,27129.74254221246,35073.97230449101,72707.7100131294,12275890.306571854,45052517.42511871
2006-03-28,28178.00312510619,38855.343993007395,75517.04837528459,13599370.397552587,49909689.35901799
2006-03-29,31505.117271072555,30971.380515741213,84433.71428647445,10839983.180509424,39782738.27246959
2006-03-30,29985.59309012897,38431.19964886135,80361.38948154564,13450919.877101472,49364875.9489624
2006-03-31,30066.835593836542,36925.0737113286,80579.11939148193,12923775.79896501,47430257.18220159
2006-04-01,27276.751849663382,23331.31122277232,73101.69495709786,8165958.927970313,29969069.265651047
2006-04-02,33498.40064483911,24373.604309656577,89775.71372816882,8530761.508379802,31307894.73575387
2006-04-03,32751.37567770021,31110.808264579275,87773.68681623657,10888782.892602745,39961833.215852074
2006-04-04,28699.63089927001,32891.580866171345,76915.01081004363,11512053.30315997,42249235.62259709
2006-04-05,31372.959245724116,33640.19840843045,84079.53077854063,11774069.442950657,43210834.85562891
2006-04-06,27941.739342596233,31026.676320722305,74883.86143815791,10859336.712252805,39853765.733967796
2006-04-07,30398.525284407966,32929.97027413777,81468.04776221335,11525489.59594822,42298546.81712996
2006-04-08,24505.447020882504,33101.62746448102,65674.59801596511,11585569.612568356,42519040.47812586
2006-04-09,29866.004815427896,32938.51085234707,80040.89290534676,11528478.798321472,42309517.1898398
2006-04-10,25561.693919244895,20697.979300351144,68505.33970357632,7244292.7551229,26586554.411301043
2006-04-11,29353.9777982264,31820.078872411388,78668.66049924675,11137027.605343986,40872891.31161243
2006-04-12,34187.58874789643,47627.88093188931,91622.73784436243,16669758.326161258,61178013.05701181
2006-04-13,30196.148373935306,31250.789496163,80925.67764214662,10937776.323657049,40141639.10782137
2006-04-14,28884.92938054027,34440.121686447696,77411.61073984794,12054042.590256693,44238336.30624206
2006-04-15,30756.77036734073,29122.293927978564,82428.14458447316,10192802.874792498,37407586.550488465
2006-04-16,25802.272277962824,22677.705032368114,69150.08970494037,7937196.761328839,29129512.114076838
2006-04-17,31976.072304164507,29252.285795678898,85695.87377516089,10238300.028487613,37574561.10454954
2006-04-18,27667.35246843255,29045.97903962648,74148.50461539923,10166092.663869267,37309560.07640021
2006-04-19,28909.269779293074,35005.269762772325,77476.84300850544,12251844.416970313,44964269.01028105
2006-04-20,31771.968763580255,21593.42882357211,85148.87628639508,7557700.088250238,27736759.323878374
2006-04-21,30144.03789521183,36452.71582905211,80786.02155916771,12758450.540168239,46823513.482417434
2006-04-22,31752.696820479494,31362.990461387926,85097.22747888505,10977046.661485773,40285761.247652784
2006-04-23,27481.436381868658,38591.994246955925,73650.249503408,13507197.986434573,49571416.61021488
2006-04-24,27855.881569492012,29606.788344826582,74653.7626062386,10362375.920689303,38029919.62892974
2006-04-25,30005.21732603824,23836.155509410797,80413.98243378248,8342654.428293779,30617541.751838166
2006-04-26,30034.13652030584,26981.213748700444,80491.48587441965,9443424.812045155,34657369.06020572
2006-04-27,28254.813014933145,41060.228043086456,75722.89888002083,14371079.815080259,52741862.92134455
2006-04-28,30958.74577468493,34300.960477150074,82969.43867615561,12005336.167002525,44059583.73289926
2006-04-29,32690.02732203251,37626.07240241982,87609.27322304713,13169125.340846937,48330690.000908256
2006-04-30,24989.241261577976,37994.232268864376,66971.16658102899,13297981.29410253,48803591.349356286
2006-05-01,30644.38372117438,38798.566294951364,82126.94837274734,13579498.203232978,49836758.40586503
2006-05-02,29580.267719569663,33533.978196641445,79275.1174884467,11736892.368824504,43074394.99358593
2006-05-03,29758.239715865217,31364.928613394375,79752.08243851879,10977725.014688032,40288250.80390508
2006-05-04,29795.427947383432,38564.810505897105,79851.7468989876,13497683.677063987,49536499.09482483
2006-05-05,28253.259804660825,41543.688496225914,75718.73627649102,14540290.97367907,53362867.873402186
2006-05-06,30308.65307627593,29416.100485700645,81227.1902444195,10295635.169995224,37784981.07388247
2006-05-07,27241.683221313855,41713.374486696586,73007.71103312113,14599681.070343804,53580829.52816176
2006-05-08,29780.326733445305,42796.1957103888,79811.27564563342,14978668.498636076,54971713.3899944
2006-05-09,28638.986297770527,34811.800020280745,76752.48327802501,12184130.007098261,44715757.12605062
2006-05-10,29535.237634817186,32558.142418213607,79154.43686131007,11395349.846374761,41820933.93619537
2006-05-11,24992.55679305055,37433.88791627044,66980.05220537548,13101860.770694654,48083829.02844938
2006-05-12,25376.22299722344,35594.93236855937,68008.27763255883,12458226.328995777,45721690.6274145
2006-05-13,34064.008574763764,37991.143780583,91291.5429803669,13296900.32320405,48799624.186158866
2006-05-14,24758.13682308104,45360.43157228465,66351.8066858572,15876151.050299628,58265474.35459963
2006-05-15,26647.538432071553,35012.93558932169,71415.40299795177,12254527.456262592,44974115.76448371
2006-05-16,24985.556459419506,38994.052125990325,66961.29131124428,13647918.244096613,50087859.95583457
2006-05-17,26527.118881861854,35630.13412547696,71092.67860338977,12470546.943916934,45766907.28417514
2006-05-18,28709.903476558757,43337.55520484536,76942.54131717747,15168144.321695875,55667089.66062386
2006-05-19,27618.825575129285,51237.19024405006,74018.45254134649,17933016.58541752,65814170.8684823
2006-05-20,29898.634329758137,44579.44200303338,80128.34000375181,15602804.70106168,57262293.25289637
2006-05-21,26739.63677256503,40127.64366437351,71662.22655047428,14044675.282530727,51543958.286887765
2006-05-22,31854.46382633266,43648.375704698214,85369.96305457153,15276931.496644374,56066338.59268485
2006-05-23,29107.00218105508,47058.906365466384,78006.76584522762,16470617.227913234,60447165.22644157
2006-05-24,27101.328270409784,47614.92992357208,72631.55976469822,16665225.473250229,61161377.48682834
2006-05-25,26819.232900011753,49890.203534067005,71875.5441720315,17461571.236923452,64083966.43950907
2006-05-26,26215.38315637205,49510.600924434264,70257.2268590771,17328710.323551994,63596366.887435816
2006-05-27,22039.96256163753,49673.98731518733,59067.09966518859,17385895.560315568,63806236.706358135
2006-05-28,28695.16939263923,52882.48570759727,76903.05397227313,18508869.997659042,67927552.89140868
2006-05-29,25213.485303444162,52126.07413310359,67572.14061323035,18244125.946586255,66955942.22397155
2006-05-30,23839.303859526524,40790.20306638298,63889.33434353109,14276571.073234042,52395015.83876894
2006-05-31,26161.103018823404,56576.678338546015,70111.75609044672,19801837.418491103,72672743.32586235
2006-06-01,23750.758844230302,52630.43446630147,63652.033702537214,18420652.063205514,67603793.07196423
2006-06-02,20311.227215146762,50201.736775835045,54434.088936593325,17570607.871542264,64484130.88856011
2006-06-03,24449.531498319175,50938.44321029521,65524.74441549539,17828455.123603325,65430430.303624205
2006-06-04,25132.984723815818,51557.90505434026,67356.39905982639,18045266.769019093,66226129.04230007
2006-06-05,23942.705743841376,52858.36322266417,64166.45139349489,18500427.12793246,67896567.55951212
2006-06-06,22982.006578118817,57194.07781920706,61591.77762935843,20017927.23672247,73465792.95877147
2006-06-07,24002.148693881583,56340.465039485345,64325.75849960265,19719162.76381987,72369327.34321892
2006-06-08,26139.04317327178,54197.762042274364,70052.63570436838,18969216.714796025,69617025.34330142
2006-06-09,23496.51327998397,57646.07000975694,62970.65559035704,20176124.50341493,74046376.92753279
2006-06-10,24271.64677549252,60665.2812053981,65048.013358319964,21232848.421889335,77924553.70833386
2006-06-11,21807.593951422154,55649.51251099586,58444.35178981138,19477329.37884855,71481798.82037418
2006-06-12,22249.417740549794,64791.94992466127,59628.43954467345,22677182.473631445,83225259.67822741
2006-06-13,21030.173515108545,55052.68055581206,56360.865020490906,19268438.19453422,70715168.17394058
2006-06-14,21097.344552531304,55453.02082352703,56540.883400783896,19408557.28823446,71229405.24782047
2006-06-15,25575.936513286102,56675.1189150244,68543.50985560675,19836291.62025854,72799190.24634884
2006-06-16,22851.28241524576,61381.27834045088,61241.43687285864,21483447.419157807,78844252.02830915
2006-06-17,25751.77902855463,64975.64706568967,69014.76779652642,22741476.47299138,83461218.65587837
2006-06-18,22363.109798468922,55238.41326190085,59933.13425989672,19333444.641665295,70953741.83491163
2006-06-19,19080.31884596271,64468.501559733006,51135.25450718006,22563975.54590655,82809790.25347704
2006-06-20,21773.162297068196,65558.170603491,58352.07495614277,22945359.711221848,84209470.14018418
2006-06-21,17471.731768989943,68578.88867507961,46824.24114089305,24002611.036277864,88089582.50313976
2006-06-22,20996.975819363972,71918.6621109829,56271.89519589545,25171531.73884401,92379521.48155752
2006-06-23,22117.51283745072,68863.14522744005,59274.93440436793,24102100.829604015,88454710.04464673
2006-06-24,21957.7785653395,74327.62821098485,58846.84655510986,26014669.873844698,95473838.43701003
2006-06-25,20884.931783430213,66541.87315799847,55971.61717959298,23289655.605299465,85473036.07144904
2006-06-26,19200.583887168385,70660.1079768582,51457.56481761127,24731037.791900367,90762908.69627434
2006-06-27,19218.510759451554,65268.15215013028,51505.60883533017,22843853.252545595,83836941.43684234
2006-06-28,21602.14194074321,64220.98404050619,57893.74040119181,22477344.414177164,82491854.00003019
2006-06-29,20912.12155181077,68344.28060181363,56044.48575885287,23920498.210634768,87788228.43302959
2006-06-30,19785.720412809216,68209.27592134672,53025.7307063287,23873246.57247135,87614814.92096986
2006-07-01,18760.072528704106,77562.9221012704,50276.99437692701,27147022.735444635,99629573.4390818
2006-07-02,15068.686909889826,70323.44338356018,40384.08091850473,24613205.184246063,90330463.02618305
2006-07-03,20278.822390839174,74504.5087653836,54347.244007448986,26076578.06788426,95701041.50913523
2006-07-04,19202.047053603812,70566.55688964349,51461.48610365822,24698294.91137522,90642742.32474706
2006-07-05,19627.27990618578,69236.2010741848,52601.11014857789,24232670.37596468,88933900.27979037
2006-07-06,20322.256534027398,64734.29561322005,54463.64751119343,22657003.464627016,83151202.71518114
2006-07-07,21595.550865048925,72271.74648450705,57876.07631833112,25295111.269577466,92833058.3593493
2006-07-08,20600.46194721916,67702.30227697354,55209.23801854735,23695805.79694074,86963607.27477251
2006-07-09,21380.11765199582,64255.19153567922,57298.7153073488,22489317.037487727,82535793.52757995
2006-07-10,17584.671829572893,63492.956580807695,47126.92050325536,22222534.803282693,81556702.72804748
2006-07-11,16076.715304151352,77212.09150803753,43085.597015125626,27024232.027813133,99178931.54207419
2006-07-12,18367.06869033842,73784.05612284559,49223.744090106964,25824419.642995954,94775620.08979514
2006-07-13,17892.768568753632,70472.7648234065,47952.61976425974,24665467.688192274,90522266.41566564
2006-07-14,17212.74159373856,71701.54005702568,46130.147471219345,25095539.019958984,92100628.20324947
2006-07-15,17893.667459496744,75015.97680755322,47955.02879145128,26255591.882643625,96358022.2093021
2006-07-16,14080.698291171819,75506.20988688536,37736.271420340476,26427173.460409876,96987726.59970424
2006-07-17,19761.32987132331,62768.64804006318,52960.36405514647,21969026.814022113,80626328.40746115
2006-07-18,22991.79761757675,67359.58618436453,61618.017615105695,23575855.164527584,86523388.45381624
2006-07-19,21274.06461361552,69074.85658022735,57014.49316448959,24176199.803079568,88726653.27730201
2006-07-20,15215.709715296782,58809.86135756088,40778.10203699538,20583451.47514631,75541266.91378695
2006-07-21,16536.41852027966,65206.77021451933,44317.6016343495,22822369.575081766,83758096.34055008
2006-07-22,17574.813092027227,64183.730175147844,47100.49908663297,22464305.561301745,82444001.4099774
2006-07-23,17799.33520525665,63378.50709753565,47702.21835008783,22182477.484137475,81409692.36678453
2006-07-24,14851.242835534667,56449.600034709314,39801.330799232914,19757360.012148257,72509511.2445841
2006-07-25,12742.67444064269,73060.3024468662,34150.36750092241,25571105.85640317,93845958.49299963
2006-07-26,15024.613166210122,70204.07862419069,40265.963285443126,24571427.51846674,90177138.99277294
2006-07-27,15679.959092807063,66468.72043421499,42022.29036872293,23264052.151975248,85379071.39774916
2006-07-28,17555.832379896205,71443.74173592348,47049.630778121835,25005309.60757322,91769486.25979371
2006-07-29,13769.449096908538,80044.0962510732,36902.123579714884,28015433.68787562,102816641.63450353
2006-07-30,15600.04058276445,76752.62722070955,41808.108761808726,26863419.52724834,98588749.6650014
2006-07-31,15224.665395241833,65524.38240255785,40802.10325924811,22933533.840895247,84166069.19608556
2006-08-01,14447.20686272839,80374.95295071712,38718.51439211208,28131233.53275099,103241627.06519613
2006-08-02,14705.67102002369,71249.4318991179,39411.198333663495,24937301.164691266,91519895.27441694
2006-08-03,11641.39776804674,73817.49681944418,31198.946018365263,25836123.88680546,94818574.66457604
2006-08-04,13948.453957240476,56374.65164264743,37381.85660540448,19731128.0749266,72413240.03498062
2006-08-05,13599.649739559616,68528.48134947768,36447.06130201977,23984968.472317185,88024834.29340407
2006-08-06,14981.367180502064,58526.85849729446,40150.06404374554,20484400.47405306,75177749.73977472
2006-08-07,13124.914138707052,55692.36047683877,35174.769891734904,19492326.166893568,71536837.03249939
2006-08-08,14258.46877783819,55117.787928417434,38212.69632460635,19291225.7749461,70798798.5940522
2006-08-09,11534.50108378947,57990.82128441138,30912.46290455578,20296787.449543983,74489209.93982641
2006-08-10,11574.175165557228,60337.302763318534,31018.78944369337,21118055.967161484,77503265.39948264
2006-08-11,14235.431605354988,66585.7150523368,38150.956702351374,23305000.268317882,85529350.98472662
2006-08-12,11866.270024771997,56793.410302086675,31801.603666388954,19877693.605730336,72951135.53303033
2006-08-13,12408.78461562664,52125.16090803594,33255.5427698794,18243806.317812577,66954769.18637215
2006-08-14,14985.891720853106,66822.77119451849,40162.189811886325,23387969.91808147,85833849.59935899
2006-08-15,16710.39529172121,58342.98560388353,44783.85938181284,20420044.961359233,74941565.00818838
2006-08-16,9662.510571233644,63258.577975760854,25895.528330906167,22140502.291516297,81255643.40986481
2006-08-17,14556.200662936031,55047.95639998099,39010.617776668565,19266784.739993345,70709099.99577558
2006-08-18,12104.119373592192,52888.345982107174,32439.039921227075,18510921.09373751,67935080.41401666
2006-08-19,15216.603675394861,56934.364559460046,40780.49785005823,19927027.595811013,73132191.27662642
2006-08-20,14148.37598622468,39858.6340984774,37917.64764308215,13950521.93446709,51198415.49949422
2006-08-21,12478.113486197413,53787.94349747912,33441.34414300907,18825780.22411769,69090613.42251192
2006-08-22,9986.497881285939,54963.536089426445,26763.81432184632,19237237.631299254,70600662.10686825
2006-08-23,12867.264170205564,64064.69105367318,34484.26797615091,22422641.868785612,82291095.6584432
2006-08-24,13533.818397837125,47503.995595187975,36270.6333062035,16626398.458315792,61018882.342018954
2006-08-25,12021.12282050763,49246.517887742615,32216.609158960448,17236281.260709915,63257152.22680539
2006-08-26,11089.793270746693,47428.55613209355,29720.64596560114,16599994.646232741,60921980.351674154
2006-08-27,11955.851279081686,41901.28011633201,32041.68142793892,14665448.040716203,53822194.30942846
2006-08-28,10881.483606690123,50646.746708493156,29162.37606592953,17726361.347972605,65055746.14705946
2006-08-29,10115.178254771587,45537.481862179775,27108.677722787852,15938118.651762921,58492895.45196992
2006-08-30,15470.975743233072,48215.040226511046,41462.21499186463,16875264.079278864,61932219.17095343
2006-08-31,12170.006635739472,47676.65659173968,32615.617783781785,16686829.807108887,61240665.39208961
2006-09-01,8687.646282860398,50699.669322952665,23282.892038065867,17744884.26303343,65123725.24533269
2006-09-02,10018.083420008144,43935.876646732875,26848.463565621827,15377556.826356504,56435633.55272837
2006-09-03,11672.79279278074,44877.183988124525,31283.084684652385,15707014.395843584,57644742.832745954
2006-09-04,12690.258571677732,45114.70396809132,34009.89297209632,15790146.388831962,57949837.2470133
2006-09-05,10487.144605767402,47906.09180264897,28105.54754345664,16767132.130927138,61535374.920502596
2006-09-06,10779.680181258182,41173.13361414674,28889.542885771927,14410596.764951358,52886890.12737148
2006-09-07,11279.414614597368,42854.97082947778,30228.83116712095,14999239.790317222,55047210.0304642
2006-09-08,10772.723604214156,50183.32608966588,28870.89925929394,17564164.131383058,64460482.36217582
2006-09-09,10814.449786223751,44172.9375012003,28982.725427079655,15460528.125420105,56740138.220291786
2006-09-10,9769.469536814153,36516.502691846414,26182.17835866193,12780775.942146245,46905447.707676716
2006-09-11,11286.515589226008,46320.82923133054,30247.861779125702,16212290.230965689,59499105.14764408
2006-09-12,9052.242467333555,27290.135557241512,24260.00981245393,9551547.445034528,35054179.12327672
2006-09-13,10908.719285487794,42623.64620392591,29235.36768510729,14918276.17137407,54750073.548942834
2006-09-14,11978.715348414771,41752.31292107906,32102.957133751588,14613309.522377668,53630845.94712604
2006-09-15,10351.230385137862,37776.106309643335,27741.29743216947,13221637.208375167,48523408.55473686
2006-09-16,13077.045302913757,36053.232625968696,35046.48141180887,12618631.419089042,46310377.30805678
2006-09-17,5771.85691507529,31392.696127510717,15468.576532401778,10987443.64462875,40323918.175787516
2006-09-18,10676.776578262015,33557.26911284257,28613.761229742202,11745044.1894949,43104312.17544629
2006-09-19,13835.781360504894,38234.58856374971,37079.89404615312,13382105.9973124,49112329.01013651
2006-09-20,12398.404733454749,33881.840284193255,33227.72468565873,11858644.099467639,43521223.84504624
2006-09-21,9205.153848544074,31951.3482671361,24669.81231409812,11182971.893497635,41041506.849136315
2006-09-22,11776.383618974745,33410.12275519611,31560.70809885232,11693542.964318639,42915302.6790494
2006-09-23,10181.529413295517,38162.92144047016,27286.498827631985,13357022.504164558,49020272.59028392
2006-09-24,12998.2849711976,36897.115210471726,34835.40372280957,12913990.323665103,47394344.48785093
2006-09-25,8762.409438857316,36280.81309189951,23483.257296137606,12698284.582164826,46602704.41654491
2006-09-26,10572.34901129682,28021.3193814142,28333.895350275478,9807461.78349497,35993384.745426536
2006-09-27,13842.49737634501,30646.004157667478,37097.89296860463,10726101.455183616,39364792.34052387
2006-09-28,12089.659200610711,30382.48211495466,32400.28665763671,10633868.74023413,39026298.27665925
2006-09-29,10140.930098945575,28724.774483128636,27177.69266517414,10053671.069095023,36896972.82357873
2006-09-30,8389.460191882796,27323.050196694974,22483.753314245892,9563067.56884324,35096457.97765469
2006-10-01,10759.12041249519,32030.634639288885,28834.44270548711,11210722.12375111,41143350.19416657
2006-10-02,5443.761340716613,33092.230240474906,14589.280393120524,11582280.584166216,42506969.74389001
2006-10-03,6980.900282210349,31141.662979954508,18708.812756323736,10899582.042984078,40001466.097751565
2006-10-04,8911.350836475272,33761.693609551665,23882.42024175373,11816592.763343083,43366895.44146911
2006-10-05,7984.039716443436,33785.5784075593,21397.22644006841,11824952.442645753,43397575.46450991
2006-10-06,11270.149368765282,27873.543583150014,30204.000308290957,9755740.254102504,35803566.73255619
2006-10-07,10820.746445587778,40310.25325633735,28999.600474175248,14108588.639718072,51778520.30776533
2006-10-08,9305.562180581624,18495.04260519465,24938.906643958755,6473264.911818127,23756882.226372525
2006-10-09,6851.308454584235,32128.224072533383,18361.50665828575,11244878.425386684,41268703.82116913
2006-10-10,8809.369394803953,34833.893413219485,23609.109978074594,12191862.694626817,44744136.08928042
2006-10-11,13595.673151654752,36131.062036472846,36436.404046434734,12645871.712765494,46410349.18584936
2006-10-12,7598.84332572612,24020.10361505413,20364.900112946005,8407036.265268946,30853823.093537033
2006-10-13,11832.361340885662,36398.28955657739,31710.728393573576,12739401.344802083,46753602.93542364
2006-10-14,8289.448161659644,25984.259268011163,22215.72107324785,9094490.743803907,33376781.02976034
2006-10-15,11560.12493797045,35566.67762961057,30981.134833760807,12448337.170363698,45685397.415234774
2006-10-16,14064.574040868018,39247.527623953414,37693.05842952629,13736634.668383695,50413449.23296816
2006-10-17,11318.456111084339,28948.26995047581,30333.46237770603,10131894.482666532,37184052.75138617
2006-10-18,7017.574688525945,27600.6041314477,18807.100165249532,9660211.446006695,35452976.00684457
2006-10-19,11890.466666472134,28668.281812905298,31866.45066614532,10033898.634516854,36824407.98867685
2006-10-20,11448.963131261378,23823.21154283376,30683.221191780496,8338124.039991816,30600915.22676996
2006-10-21,9341.81515129666,39867.961647537835,25036.06460547505,13953786.576638242,51210396.73626235
2006-10-22,11351.774181476056,25302.34260146816,30422.75480635583,8855819.910513856,32500859.07158585
2006-10-23,11839.321826995703,24156.336955186973,31729.382496348488,8454717.934315441,31028814.818937667
2006-10-24,10084.248524999437,37500.93039101145,27025.78604699849,13125325.636854006,48169945.087254204
2006-10-25,8225.468039840815,30007.02239621969,22044.254346773385,10502457.83867689,38544020.26794419
2006-10-26,10874.049472558465,43037.50554337245,29142.45258645669,15063126.940180354,55281675.870461896
2006-10-27,9248.391135660362,27833.259693369797,24785.688243569773,9741640.892679429,35751822.076133505
2006-10-28,9324.00661211896,36390.8090148318,24988.337720478812,12736783.155191131,46743994.17955145
2006-10-29,11267.55639958142,33854.48117859829,30197.051150878204,11849068.412509402,43486081.073909506
2006-10-30,11051.335655153442,31387.342384553136,29617.579555811226,10985569.834593596,40317041.2929585
2006-10-31,7839.29132474873,36268.46809025347,21009.300750326598,12693963.831588712,46586847.26193057
2006-11-01,11793.122448080787,31674.78677600894,31605.56816085651,11086175.371603128,40686263.61378348
2006-11-02,11522.690296576513,39225.76345545053,30880.809994825056,13729017.209407683,50385493.1585262
2006-11-03,12263.11574761378,37085.02250087056,32865.15020360493,12979757.875304697,47635711.40236824
2006-11-04,11629.481108438344,45833.72763014582,31167.009370614764,16041804.670551036,58873423.1409223
2006-11-05,13673.620529035532,31185.06733823871,36645.303017815226,10914773.568383547,40057218.99596761
2006-11-06,15634.356065775017,38542.88217725226,41900.07425627705,13490008.762038289,49508332.15668052
2006-11-07,10444.556441425855,41531.10534424357,27991.411263021295,14535886.87048525,53346704.81468087
2006-11-08,12667.412807456849,43073.43840317266,33948.666323984355,15075703.441110428,55327831.62887527
2006-11-09,11997.348116763505,38443.35492893868,32152.892952926195,13455174.225128537,49380489.40622173
2006-11-10,13533.943811559986,25391.25301527934,36270.96941498076,8886938.555347769,32615064.49812631
2006-11-11,15557.223381646787,35165.42236624216,41693.35866281339,12307897.828184754,45169985.02943805
2006-11-12,14575.860101001655,47524.49978268068,39063.30507068444,16633574.923938237,61045219.97085333
2006-11-13,16573.69487171458,42132.90306562221,44417.502256195075,14746516.072967773,54119713.987791725
2006-11-14,16096.807824149599,42977.81178685866,43139.44496872093,15042234.12540053,55204999.24021994
2006-11-15,13442.503177349701,36662.885505932885,36025.908515297204,12832009.927076507,47093476.43237078
2006-11-16,13746.692355692041,38396.10335749598,36841.135513254674,13438636.175123591,49319794.762703575
2006-11-17,11221.883844017031,44110.28749453317,30074.648701965645,15438600.623086609,56659664.28672785
2006-11-18,9606.387658629128,46891.677555152964,25745.118925126066,16412087.144303538,60232359.81959398
2006-11-19,12792.543385249062,33143.040822551266,34284.01627246749,11600064.287892941,42572235.93656709
2006-11-20,14257.162655428401,45849.0788661038,38209.19591654812,16047177.60313633,58893141.80351033
2006-11-21,17125.446112981706,58940.58348916922,45896.19558279098,20629204.221209224,75709179.49183786
2006-11-22,14819.450686377915,50933.9544392498,39716.127839492816,17826884.053737428,65424664.47721636
2006-11-23,16508.030032360122,49339.9671673888,44241.52048672513,17268988.50858608,63377187.826510906
2006-11-24,14116.641246584615,46193.555611266325,37832.59854084677,16167744.463943211,59335622.182671584
2006-11-25,13247.289071391991,39787.88975577362,35502.73471133054,13925761.414520767,51107544.391291216
2006-11-26,15980.98282891579,55467.18154642389,42829.03398149432,19413513.54124836,71247594.69638148
2006-11-27,14584.605471752673,49710.224168516754,39086.74266429717,17398578.458980862,63852782.944459766
2006-11-28,17170.807588455064,57184.35114628545,46017.764337059576,20014522.901199907,73453299.04740366
2006-11-29,16771.94680709842,52881.81990045765,44948.81744302376,18508636.965160176,67926697.66213785
2006-11-30,14954.910259205059,55154.31555064506,40079.15949466956,19304010.442725766,70845718.32480356
2006-12-01,12362.361837083063,53286.48668406931,33131.12972338261,18650270.339424256,68446492.14568701
2006-12-02,13917.084519811264,55932.08031868289,37297.78651309419,19576228.11153901,71844757.16934817
2006-12-03,12779.068821074825,47179.2796963876,34247.90444048053,16512747.89373566,60601784.770009875
2006-12-04,17671.46098317563,59718.40030141322,47359.515434910696,20901440.105494626,76708285.18716528
2006-12-05,15092.484570364908,54607.40319691175,40447.85864857795,19112591.11891911,70143209.40643314
2006-12-06,14229.605601788804,61610.95228199641,38135.343012793994,21563833.298698742,79139268.20622438
2006-12-07,15613.01949719269,62175.654469984125,41842.89225247641,21761479.064494442,79864628.1666946
2006-12-08,15489.905706836098,61161.33027147076,41512.947294320744,21406465.595014766,78561728.7337042
2006-12-09,17116.21177083564,49085.80447599148,45871.447545839525,17180031.56659702,63050715.849411055
2006-12-10,19939.507761200388,60530.49717839449,53437.88080001704,21185674.012438074,77751423.62564772
2006-12-11,14740.863217961067,63941.66277968501,39505.513424135665,22379581.97288975,82133065.84050539
2006-12-12,17138.36550703523,56614.50384992603,45930.81955885442,19815076.34747411,72721330.19522998
2006-12-13,15628.32789477095,59999.536539939276,41883.91875798615,20999837.788978744,77069404.68555199
2006-12-14,15503.359348293123,59933.23215743655,41549.00305342557,20976631.25510279,76984236.70622724
2006-12-15,14464.210974548463,62584.92736719698,38764.085411789885,21904724.578518942,80390339.20316452
2006-12-16,16580.49672918954,68466.01224899,44435.73123422797,23963104.287146498,87944592.73382765
2006-12-17,11164.66587837125,69978.40284506179,29921.304554034952,24492440.995771628,89887258.45448187
2006-12-18,15524.180873219651,69088.85922891312,41604.80474022867,24181100.73011959,88744639.67953889
2006-12-19,18072.525689329334,62978.80781509498,48434.36884740262,22042582.73528324,80896278.63848948
2006-12-20,15341.674969646625,68134.5096018182,41115.68891865296,23847078.360636365,87518777.58353546
2006-12-21,20193.037361303694,73594.00747542476,54117.3401282939,25757902.616398666,94531502.6021831
2006-12-22,19059.878759431132,69719.80393512186,51080.47507527544,24401931.37729265,89555088.15466402
2006-12-23,22080.096187529838,69552.19246634435,59174.65778257997,24343267.363220524,89339791.22301932
2006-12-24,20251.91603581643,69455.88621123185,54275.13497598803,24309560.173931144,89216085.8383273
2006-12-25,21946.216568311887,69053.72225542081,58815.860403075865,24168802.789397284,88699506.23708802
2006-12-26,22607.013857597252,62772.97490494407,60586.79713836064,21970541.216730423,80631886.26540065
2006-12-27,17810.416464985363,58947.64696521326,47731.91612616077,20631676.43782464,75718252.52681643
2006-12-28,20278.532570489322,77101.28645322275,54346.467288911386,26985450.258627962,99036602.44916461
2006-12-29,20850.321450681888,69112.03739620326,55878.86148782746,24189213.08867114,88774412.03542309
2006-12-30,18028.01809208368,56584.85694287067,48315.08848678426,19804699.930004735,72683248.74311738
2006-12-31,20024.63273152329,68141.9549552837,53666.01572048241,23849684.234349295,87528341.14006191
2007-01-01,22061.938753230705,69674.99721725637,59125.995858658294,24386249.026039727,89497533.9255658
2007-01-02,20426.538824799754,76066.54674581607,54743.124050463346,26623291.361035623,97707479.29500073
2007-01-03,17841.421419550017,61423.31936187296,47815.00940439405,21498161.776655532,78898253.7203258
2007-01-04,19462.371675319537,78465.88891703301,52159.15608985636,27463061.12096155,100789434.31392889
2007-01-05,21613.85930286945,61277.25709076256,57925.14293169013,21447039.981766894,78710636.7330845
2007-01-06,20040.32868561819,68025.9131179936,53708.080877456756,23809069.591297757,87379285.40006277
2007-01-07,21041.998647829372,73289.64283509331,56392.55637618272,25651374.99228266,94140546.22167736
2007-01-08,20900.058629144074,64399.96742334918,56012.157126106125,22539988.59817221,82721758.155292
2007-01-09,18814.37951860259,73244.66293052625,50422.537109854944,25635632.02568418,94082769.53426094
2007-01-10,20416.18549109189,69968.47251332154,54715.37711612626,24488965.379662536,89874502.9433615
2007-01-11,21150.78373773877,69851.72537231634,56684.1004171399,24448103.880310718,89724541.24074033
2007-01-12,24457.679829992278,79101.5886452353,65546.5819443793,27685556.025832355,101605990.61480474
2007-01-13,21330.020661216084,68228.11757465669,57164.45537205911,23879841.15112984,87639017.02464652
2007-01-14,21638.114578142366,72771.30864178084,57990.147069421546,25469958.024623293,93474745.95036748
2007-01-15,25666.027731914764,76212.60695051492,68784.95432153158,26674412.432680223,97895093.62793642
2007-01-16,23614.073219023976,72893.31225870413,63285.71622698426,25512659.290546443,93631459.59630544
2007-01-17,21326.60380947237,77658.65392672342,57155.298209385954,27180528.874353196,99752540.96887623
2007-01-18,24825.74120873664,76043.09816862406,66532.98643941419,26615084.35901842,97677359.5975976
2007-01-19,22316.163937109446,72818.90524269939,59807.31935145332,25486616.834944785,93535883.78424735
2007-01-20,22057.230911563624,66251.07989383941,59113.37884299052,23187877.962843794,85099512.12363672
2007-01-21,24007.85644981181,63073.033017557544,64341.055285495655,22075561.55614514,81017310.91105266
2007-01-22,21362.38565978001,70989.1570388006,57251.19356821043,24846204.963580206,91185572.21633935
2007-01-23,23050.949230010803,67782.87433045945,61776.543936428956,23724006.01566081,87067102.07747518
2007-01-24,23770.286442672845,61084.145410671,63704.36766636323,21379450.89373485,78462584.7800069
2007-01-25,27882.880688615034,62902.74404718802,74726.1202454883,22015960.416515805,80798574.728613
2007-01-26,26100.990807127077,63581.62353232439,69950.65536310057,22253568.236313533,81670595.42727067
2007-01-27,25317.845951663716,72315.87308757307,67851.82715045876,25310555.58065057,92889738.9809876
2007-01-28,25578.844213705728,67386.25344512697,68551.30249273135,23585188.705794442,86557642.5502656
2007-01-29,25975.317935587456,62359.57469414786,69613.85206737439,21825851.14295175,80100873.69463292
2007-01-30,24432.060405525404,68591.79300610891,65477.921886808086,24007127.552138116,88106158.11634688
2007-01-31,27501.967058467326,61712.19419764705,73705.27171669244,21599267.969176468,79269313.44687763
2007-02-01,24975.81176776582,72771.47391819638,66935.1755376124,25470015.871368732,93474958.24792324
2007-02-02,24494.643406092295,60295.85471931809,65645.64432832735,21103549.15176133,77450025.38696408
2007-02-03,25956.916324829173,69360.58922923959,69564.53575054219,24276206.23023385,89093676.86495824
2007-02-04,26066.11495961515,66061.20767283418,69857.1880917686,23121422.68549196,84855621.2557555
2007-02-05,25764.6378116415,74288.0343762998,69049.22933519923,26000812.03170493,95422980.15635708
2007-02-06,26768.71528005539,69786.6664062428,71740.15695054845,24425333.242184978,89640972.99881887
2007-02-07,26847.38928421206,57011.99963720679,71951.00328168832,19954199.873022377,73231913.53399213
2007-02-08,27220.50314341875,53519.5420496608,72950.94842436226,18731839.71738128,68745851.7627893
2007-02-09,27417.202523584336,57787.367120355266,73478.10276320603,20225578.49212434,74227873.06609634
2007-02-10,24032.871671405046,62375.22412699166,64408.096079365525,21831328.444447078,80120975.39112078
2007-02-11,23188.326085089582,59116.89523846259,62144.71390804008,20690913.333461907,75935651.9338052
2007-02-12,30117.612478899173,65774.19852516407,80715.20144344978,23020969.483807426,84486958.00557326
2007-02-13,27926.487359437066,51042.28755501097,74842.98612329134,17864800.64425384,65563818.364411585
2007-02-14,31059.132274745927,51719.446766685665,83238.47449631909,18101806.368339982,66433629.37180773
2007-02-15,27480.77392082776,57018.75002377948,73648.4741078184,19956562.508322816,73240584.40554473
2007-02-16,25606.892266064704,53279.545021382466,68626.47127305341,18647840.757483862,68437575.57996577
2007-02-17,25863.48700447328,47153.1068518327,69314.14517198839,16503587.398141446,60568165.75117911
2007-02-18,28402.725638612996,55484.94858098791,76119.30471148284,19419732.003345765,71270416.45227896
2007-02-19,29310.295658436637,50852.89385005605,78551.59236461019,17798512.847519614,65320542.15039698
2007-02-20,28217.933016188836,52292.24832885062,75624.06048338609,18302286.915097717,67169392.97840862
2007-02-21,30055.800056285385,54279.891673850674,80549.54415084484,18997962.08584773,69722520.85506117
2007-02-22,27838.834567575104,50972.42533353749,74608.07664110129,17840348.86673812,65474080.34092889
2007-02-23,27073.14082169265,48790.457877692046,72556.0174021363,17076660.257192213,62671343.14389542
2007-02-24,25826.162246438314,49008.3809537157,69214.11482045469,17152933.333800495,62951265.33504781
2007-02-25,26934.421297894827,43865.95205883026,72184.24907835815,15353083.22059059,56345815.419567466
2007-02-26,25911.025052132372,44423.70611712504,69441.54713971476,15548297.140993763,57062250.50744711
2007-02-27,28919.012758769168,50034.731271870594,77502.95419350137,17512155.945154704,64269612.31871776
2007-02-28,26221.572801315408,46341.93428498248,70273.8151075253,16219676.999743868,59526214.58905999
2007-03-01,30033.432305982395,51768.6451165918,80489.59858003282,18119025.790807128,66496824.65226216
2007-03-02,27132.529189600467,45482.885479665885,72715.17822812925,15919009.917883057,58422766.39863082
2007-03-03,30918.679809054407,42063.44226274224,82862.06188826582,14722204.791959781,54030491.5864924
2007-03-04,31310.94156478958,39311.59217997005,83913.32339363608,13759057.262989515,50495740.15517152
2007-03-05,26933.24092666139,45649.39585604371,72181.08568345253,15977288.549615297,58636648.97708814
2007-03-06,28132.72455217068,41481.248477379566,75395.70179981743,14518436.967082849,53282663.66919406
2007-03-07,25515.504069311635,42535.7529356864,68381.55090575518,14887513.52749024,54637174.64588918
2007-03-08,28489.570804824696,45871.88961181193,76352.0497569302,16055161.364134174,58922442.20637242
2007-03-09,28273.90685422773,32334.935563499854,75774.07036933032,11317227.447224949,41534224.73131556
2007-03-10,29880.618078939,34722.69215873264,80080.05645155652,12152942.255556425,44601298.07789208
2007-03-11,29134.91618676921,40535.05984797461,78081.57538054149,14187270.946791114,52067284.37472339
2007-03-12,29084.48935104364,30727.348948856332,77946.43146079696,10754572.132099716,39469279.72480596
2007-03-13,26209.990210313583,40466.1044932711,70242.7737636404,14163136.572644884,51978711.221606724
2007-03-14,30275.441422908956,35849.679770087634,81138.183013396,12547387.919530673,46048913.66467757
2007-03-15,29698.215484282442,40472.629102491024,79591.21749787695,14165420.185871856,51987092.082149714
2007-03-16,28675.639203760158,31280.731716063623,76850.71306607722,10948256.100622267,40180099.88928372
2007-03-17,34095.15919949982,36620.53216821214,91375.02665465954,12817186.25887425,47039073.5700685
2007-03-18,31642.54144863586,35681.22908115376,84802.0110823441,12488430.178403815,45832538.754742004
2007-03-19,31975.89550019125,34952.083433509004,85695.39994051255,12233229.201728152,44895951.17034232
2007-03-20,29610.42820806722,46918.58873140912,79355.94759762015,16421506.055993192,60266927.22549501
2007-03-21,29275.44740710629,39143.85200790955,78458.19905104487,13700348.202768339,50280277.9041598
2007-03-22,32909.11621917594,42926.37572942414,88196.43146739154,15024231.505298445,55138929.62444529
2007-03-23,31186.485612088654,34292.847251963285,83579.7814403976,12002496.53818715,44049162.29514684
2007-03-24,30809.34623107302,32228.44689668139,82569.0478992757,11279956.413838485,41397440.03878724
2007-03-25,29762.08485285098,32850.66053244051,79762.38740564063,11497731.186354177,42196673.45391983
2007-03-26,31542.22951932807,28195.572095058815,84533.17511179924,9868450.233270584,36217212.35610304
2007-03-27,34443.850995253786,31875.159181700295,92309.52066728016,11156305.713595103,40943641.96889403
2007-03-28,31677.07600895098,37942.56557720518,84894.56370398862,13279897.952021813,48737225.48392005
2007-03-29,28584.688868147365,29815.017730194355,76606.96616663494,10435256.205568025,38297390.27443465
2007-03-30,31066.394650537346,33003.87735557095,83257.9376634401,11551357.074449832,42393480.46323088
2007-03-31,25366.026256886806,35175.953975070464,67980.95036845664,12311583.89127466,45183512.880978
2007-04-01,32736.986633311586,33285.09116492433,87735.12417727505,11649781.907723514,42754699.60134529
2007-04-02,28997.227929089237,23212.44412018326,77712.57084995916,8124355.44206414,29816384.472375393
2007-04-03,31033.89201899297,32955.40262276043,83170.83061090116,11534390.917966152,42331214.668935776
2007-04-04,29352.53774095175,30396.58979346077,78664.8011457507,10638806.427711269,39044419.589700356
2007-04-05,28452.171493955673,24590.61906981052,76251.81960380121,8606716.674433682,31586650.195171613
2007-04-06,32355.247904489344,33290.902373417666,86712.06438403144,11651815.830696182,42762164.098654985
2007-04-07,33016.08619533475,29400.18777346096,88483.11100349714,10290065.720711336,37764541.1950106
2007-04-08,30578.527689904455,32905.55423443024,81950.45420894395,11516943.982050583,42267184.414125636
2007-04-09,28509.57873513565,33428.65661202107,76405.67101016354,11700029.814207373,42939109.41814106
2007-04-10,33225.58827436106,28824.21883000586,89044.57657528763,10088476.59050205,37024709.08714252
2007-04-11,30120.87435246932,42121.42667198291,80723.94326461779,14742499.335194016,54104972.56016204
2007-04-12,26761.476668333555,32639.15538659968,71720.75747113393,11423704.385309886,41924995.09408728
2007-04-13,31419.245422365646,40414.266815505536,84203.57773193993,14144993.385426937,51912125.72451685
2007-04-14,30874.474941163597,27713.773845758467,82743.59284231844,9699820.846015463,35598342.50487675
2007-04-15,27816.437903454884,27982.445892369597,74548.0535812591,9793856.06232936,35943451.74874875
2007-04-16,25533.62411984998,34192.38308201558,68430.11264119795,11967334.078705452,43920116.06884901
2007-04-17,28618.8551760658,36120.99764235553,76698.53187185635,12642349.174824433,46397421.471605666
2007-04-18,28271.379007278054,26324.095194116264,75767.29573950519,9213433.317940691,33813300.27684233
2007-04-19,30198.44316330376,28870.17210674001,80931.82767765409,10104560.237359002,37083736.07110754
2007-04-20,28989.78258354044,35041.39776352167,77692.61732388838,12264489.217232585,45010675.42724358
2007-04-21,34256.90350532583,29100.521249074452,91808.50139427322,10185182.437176058,37379619.544436134
2007-04-22,27457.52265874594,33916.06419527852,73586.16072543913,11870622.468347482,43565184.45883526
2007-04-23,31722.72134554799,32007.559098333055,85016.89320606862,11202645.684416568,41113709.6618088
2007-04-24,28237.99097151022,23222.258937726365,75677.81580364739,8127790.6282042265,29828991.605509512
2007-04-25,30079.079032682785,26771.185051350883,80611.93180758986,9369914.767972808,34387587.19846021
2007-04-26,25921.89618357022,21858.896374164673,69470.6817719682,7650613.730957636,28077752.39261452
2007-04-27,28755.546541699197,34634.597677872654,77064.86473175386,12122109.18725543,44488140.71722742
2007-04-28,26921.40659870206,47819.540141786056,72149.36968452152,16736839.049625117,61424199.31212418
2007-04-29,28752.22004676885,36211.96975375454,77055.94972534051,12674189.413814088,46514275.148697704
2007-04-30,30282.623783196614,26257.62919489383,81157.43173896693,9190170.21821284,33727924.70084112
2007-05-01,26477.22625700674,34688.71657545965,70958.96636877807,12141050.801410878,44557656.44117792
2007-05-02,26842.43786076701,31994.450575434836,71937.7334668556,11198057.701402191,41096871.76414604
2007-05-03,28639.856594913035,32884.7470895139,76754.81567436694,11509661.481329864,42240457.6364806
2007-05-04,29724.447916750265,40426.10120607113,79661.52041689072,14149135.422124894,51927326.99919836
2007-05-05,27671.433232825046,36402.06870858404,74159.44106397113,12740724.048004413,46758457.256176196
2007-05-06,30659.35820209033,32614.2436877587,82167.07998160209,11414985.290715544,41892996.01692604
2007-05-07,28450.73697122993,50035.38592101302,76247.97508289621,17512385.072354555,64270453.215541214
2007-05-08,29861.946897273167,41861.885033534505,80030.0176846921,14651659.761737077,53771591.32557507
2007-05-09,27197.38281980036,43194.70014168553,72888.98595706497,15118145.049589934,55483592.331995055
2007-05-10,29148.042194314163,38088.18418329091,78116.75308076196,13330864.464151818,48924272.583437175
2007-05-11,25250.593147860858,37037.778251287375,67671.5896362671,12963222.387950579,47575026.163778625
2007-05-12,30863.315850699702,42011.086207522145,82713.6864798752,14703880.17263275,53963240.233562194
2007-05-13,29080.574891017943,40549.01639479829,77935.9407079281,14192155.738179399,52085211.55911839
2007-05-14,28846.693443132386,35454.7495722581,77309.1384275948,12409162.350290334,45541625.825565524
2007-05-15,29969.102906106047,44300.0350718936,80317.19578836422,15505012.27516276,56903395.04984733
2007-05-16,27782.074117953765,43400.15872574984,74455.95863611609,15190055.554012444,55747503.883225664
2007-05-17,28402.683693351235,51278.71358716473,76119.19229818131,17947549.755507655,65867507.60271309
2007-05-18,24867.933238479432,48673.337117070434,66646.06107912488,17035667.990974654,62520901.52687698
2007-05-19,29922.046192912207,54643.231954268194,80191.08379700471,19125131.18399387,70189231.4452575
2007-05-20,26696.02960906697,50161.22319245814,71545.35935229948,17556428.11736035,64432091.19071248
2007-05-21,26883.758507749044,52770.240520420215,72048.47280076744,18469584.182147074,67783373.94847976
2007-05-22,28855.02464522929,57092.653475017425,77331.4660492145,19982428.716256097,73335513.38865988
2007-05-23,25770.601524221223,58812.03313076716,69065.21208491288,20584211.595768504,75544056.55647041
2007-05-24,23760.450388985868,52262.87859332964,63678.00704248213,18292007.507665373,67131667.55313192
2007-05-25,24338.717113571445,55054.65206868809,65227.761864371474,19269128.22404083,70717700.58222984
2007-05-26,25493.55633944912,53134.03501842762,68322.73098972364,18596912.256449666,68250667.98117027
2007-05-27,25892.04209684925,54372.225308555135,69390.672819556,19030278.857994296,69841123.40883906
2007-05-28,25827.84948480528,52598.29300348001,69218.63661927816,18409402.551218003,67562507.36297007
2007-05-29,26714.974100880187,48522.02136797203,71596.13059035891,16982707.47879021,62326536.447160065
2007-05-30,22764.191784247076,47269.59537621701,61008.033981782166,16544358.381675951,60717795.26075074
2007-05-31,21868.71418057525,44447.78909665798,58608.15400394167,15556726.183830291,57093185.09465717
2007-06-01,21655.176627580262,45298.682124112805,58035.8733619151,15854538.74343948,58186157.188422896
2007-06-02,25985.76850022581,55569.3249774871,69641.85958060517,19449263.742120486,71378797.93358219
2007-06-03,26407.388307669335,52094.25259209748,70771.80066455383,18232988.407234117,66915067.45454921
2007-06-04,23739.11354766112,57246.592639010836,63620.824307731804,20036307.423653793,73533248.24480942
2007-06-05,22241.662447232327,56665.125537671425,59607.65535858264,19832793.938185,72786353.75313894
2007-06-06,23179.021536442295,64705.0520226642,62119.777717665354,22646768.20793247,83113639.32311216
2007-06-07,23277.679532362177,76158.33997493953,62384.18114673064,26655418.991228834,97825387.69780982
2007-06-08,22228.180830741832,62821.31679789795,59571.52462638811,21987460.87926428,80693981.42689991
2007-06-09,24352.406450166924,59419.865054513626,65264.44928644736,20796952.769079767,76324816.66252275
2007-06-10,24134.082445452656,57586.61333590852,64679.34095381312,20155314.667567983,73970004.8299745
2007-06-11,20608.536803063627,63645.4471469668,55230.87863221052,22275906.50143838,81752576.86027884
2007-06-12,23787.26145904185,60374.85172267649,63749.86071023216,21131198.102936767,77551497.03777793
2007-06-13,27238.49686883653,64333.24506153054,72999.1716084819,22516635.77153569,82636053.28153598
2007-06-14,22210.354667305724,63463.81799207874,59523.750508379344,22212336.297227558,81519274.21082513
2007-06-15,22838.468106198106,65426.81091583802,61207.094524610926,22899383.820543304,84040738.62139392
2007-06-16,25551.82100844457,70226.07623898581,68478.88030263146,24579126.683645032,90205394.92897727
2007-06-17,24045.649443847225,71283.67369324702,64442.34050951057,24949285.792636454,91563878.85897578
2007-06-18,19780.38163793321,64457.70545750583,53011.422789661,22560196.91012704,82795922.66016623
2007-06-19,22206.60571154338,67566.55495601505,59513.70330693626,23648294.234605268,86789239.84100133
2007-06-20,21449.528458785993,69536.41639048855,57484.73626954647,24337745.73667099,89319526.85358253
2007-06-21,20930.014642362363,70343.2594907058,56092.43924153114,24620140.821747024,90355916.81581157
2007-06-22,19130.525330050463,69881.88764323886,51269.80788453524,24458660.675133597,89763284.6777403
2007-06-23,22888.860250514546,66114.23224493406,61342.145471378986,23139981.28572692,84923731.31861779
2007-06-24,19201.453836798122,71075.04204611044,51459.89628261897,24876264.71613865,91295891.50822884
2007-06-25,16514.453089042858,65839.21835207826,44258.73427863486,23043726.42322739,84570475.97324452
2007-06-26,23378.11313530973,68373.80900413645,62653.34320263008,23930833.151447754,87826157.66581325
2007-06-27,24224.062855898792,71979.17866458697,64920.488453808764,25192712.53260544,92457254.99466196
2007-06-28,21578.42199185174,65632.58024576263,57830.17093816267,22971403.086016916,84305049.32568207
2007-06-29,18846.606144185364,68180.34624013398,50508.904466416774,23863121.184046887,87577654.74545208
2007-06-30,21460.100896788907,67743.50174673257,57513.070403394275,23710225.611356396,87016527.99367797
2007-07-01,22847.403500170265,66893.46670599977,61231.041380456314,23412713.34709992,85924657.98385671
2007-07-02,18449.917842455896,64198.23508068283,49445.779817781804,22469382.27823899,82462632.96113709
2007-07-03,19543.453492721244,72454.15186317849,52376.45536049294,25358953.15211247,93067358.06825276
2007-07-04,20229.051838436408,67206.80565061267,54213.858927009576,23522381.97771443,86327141.85821196
2007-07-05,18352.661396264353,74006.21973442099,49185.13254198847,25902176.907047343,95060989.24886374
2007-07-06,19172.709160645183,75702.32178408385,51382.86055052909,26495812.624429345,97239632.3316557
2007-07-07,19731.559086546393,62210.486886433035,52880.578351944336,21773670.41025156,79909370.40562323
2007-07-08,20033.01430951544,67269.51044329275,53688.47834950138,23544328.655152462,86407686.16440953
2007-07-09,16096.468958648296,63734.86667898566,43138.536809177436,22307203.33764498,81867436.24915707
2007-07-10,20358.152489693777,72407.4190086121,54559.848672379325,25342596.65301423,93007329.71656223
2007-07-11,19056.301492794395,77555.28040890017,51070.88800068898,27144348.14311506,99619757.68523227
2007-07-12,18762.848084230805,64886.010383453206,50284.43286573856,22710103.63420862,83346080.33754563
2007-07-13,17921.35852976217,62641.10283910152,48029.24085976261,21924385.993685532,80462496.5968259
2007-07-14,20226.1480209162,72007.59578129643,54206.07669605542,25202658.52345375,92493756.78107525
2007-07-15,17650.44896604999,60247.060675251094,47303.203229013976,21086471.23633788,77387349.43736002
2007-07-16,17221.88631594373,63519.98123054739,46154.655326729204,22231993.430691585,81591415.89063811
2007-07-17,17033.552136582,64652.29077523981,45649.919726039756,22628301.771333933,83045867.50079553
2007-07-18,14820.103140688952,67683.62602130316,39717.8764170464,23689269.107456107,86939617.62436391
2007-07-19,18290.42070784959,77051.13017343805,49018.3274970369,26967895.56070332,98972176.70778118
2007-07-20,12729.967304544814,76850.64249983749,34116.3123761801,26897724.87494312,98714650.29104124
2007-07-21,19702.41510344638,69265.28677749576,52802.4724772363,24242850.372123513,88971260.86569329
2007-07-22,15739.565644617169,66996.16682272387,42182.03592757401,23448658.387953356,86056576.28378882
2007-07-23,17898.195020873703,66108.67817063075,47967.16265594153,23138037.359720763,84916597.11017519
2007-07-24,18127.327330785924,68660.35660847437,48581.23724650628,24031124.812966023,88194228.0635853
2007-07-25,16288.672705623625,72336.66879336518,43653.642851071316,25317834.077677812,92916451.06507757
2007-07-26,13336.243546062438,64126.9544186536,35741.132703447336,22444434.04652876,82371072.95076054
2007-07-27,13929.732686203135,59431.39927316177,37331.68359902441,20800989.745606616,76339632.36637628
2007-07-28,16478.78186842837,71590.93221553133,44163.135407388036,25056826.275435966,91958552.43084998
2007-07-29,15173.249380325731,63512.99596534183,40664.30833927296,22229548.58786964,81582443.31748158
2007-07-30,16871.737514361965,66922.97436328609,45216.256538490066,23423041.02715013,85962560.56964098
2007-07-31,8409.856610402298,71785.34386582737,22538.41571587816,25124870.353039578,92208274.19565524
2007-08-01,17605.896215490637,54698.37043284765,47183.80185751491,19144429.651496675,70260056.8209928
2007-08-02,12860.402090010804,61870.29980319404,34465.87760122896,21654604.93111791,79472400.09720273
2007-08-03,15475.525634933443,57014.17443111719,41474.40870162163,19954961.050891016,73234707.05677003
2007-08-04,9395.084941516314,64487.93007691377,25178.82764326372,22570775.526919816,82834746.18379572
2007-08-05,15119.05437517153,64605.70819396277,40519.0657254597,22611997.867886968,82986032.17514516
2007-08-06,15561.338208986293,65447.34516064036,41704.38640008327,22906570.806224123,84067114.85884252
2007-08-07,13721.886630207886,55058.89993882957,36774.65616895714,19270614.978590347,70723156.97142658
2007-08-08,14824.01394948206,53435.99885650174,39728.357384611925,18702599.59977561,68638540.53117648
2007-08-09,13808.687468537213,65697.63495687163,37007.282415679736,22994172.234905068,84388612.1021016
2007-08-10,13982.433606373148,54166.21145018607,37472.92206508004,18958174.007565126,69576498.607764
2007-08-11,12822.728978816001,59304.624669428515,34364.913663226886,20756618.63429998,76176790.38788092
2007-08-12,13478.903870629027,55178.9283440101,36123.462373285794,19312624.920403533,70877333.45788096
2007-08-13,13486.458041966293,59619.02577402624,36143.70755246966,20866659.020909183,76580638.6067367
2007-08-14,17343.083372661742,49881.732200547296,46479.46343873347,17458606.27019155,64073085.01160299
2007-08-15,13964.067467064737,50909.13851948631,37423.7008117335,17818198.481820207,65392788.42828016
2007-08-16,14219.072613468721,58021.03382278553,38107.114604096176,20307361.837974936,74528017.945368
2007-08-17,16410.155728963393,57442.991177601034,43979.2173536219,20105046.91216036,73785522.16762851
2007-08-18,14816.098939864361,46702.08087745315,39707.145158836494,16345728.307108602,59988822.88708857
2007-08-19,12815.556922861639,49484.22037238902,34345.6925532692,17319477.130336154,63562481.068333685
2007-08-20,11242.387545559242,55257.04049340684,30129.598622098772,19339964.172692392,70977668.51378107
2007-08-21,12110.254792646274,54774.80108372672,32455.482844292015,19171180.37930435,70358231.99204697
2007-08-22,6677.259588252293,56925.54157814746,17895.055696516145,19923939.55235161,73120858.1571304
2007-08-23,7571.549507507618,53567.414721956775,20291.75268012042,18748595.15268487,68807344.21035348
2007-08-24,11979.56227042877,56284.089740321084,32105.226884749107,19699431.40911238,72296913.27144243
2007-08-25,10691.069120880142,42734.79132702586,28652.065243958783,14957176.96445905,54892839.459564716
2007-08-26,10771.410284286807,41312.01506448247,28867.379561888643,14459205.272568863,53065283.35032772
2007-08-27,11560.488001645348,42769.330777375246,30982.107844409533,14969265.772081334,54937205.38353849
2007-08-28,11716.269613989065,44686.217233924915,31399.602565490695,15640176.03187372,57399446.03697655
2007-08-29,8647.229316220068,46879.67999399199,23174.574567469783,16407887.997897195,60216948.952282704
2007-08-30,12346.679173033508,39126.48422288547,33089.1001837298,13694269.478009913,50257968.98429638
2007-08-31,11290.250112292151,38008.101196852396,30257.870300942966,13302835.418898337,48821405.98735689
2007-09-01,10897.75774671391,38985.15070244013,29205.990761193283,13644802.745854044,50076426.07728434
2007-09-02,10518.200518810763,44082.00990067125,28188.777390412848,15428703.465234937,56623341.71741222
2007-09-03,12549.640129976739,41081.271770873114,33633.03554833766,14378445.11980559,52768893.58968651
2007-09-04,12401.002415267532,38444.48417107917,33234.68647291699,13455569.45987771,49381939.9177512
2007-09-05,10676.428519910716,30824.17214005179,28612.828433360723,10788460.249018125,39593649.11389652
2007-09-06,10242.518205670554,47882.45594304593,27449.948791197086,16758859.580066074,61505014.65884249
2007-09-07,14310.06034681388,47463.471169027485,38350.9617294612,16612214.90915962,60966828.7166158
2007-09-08,10593.288477659606,41673.68023783862,28390.013120127744,14585788.083243515,53529842.2655037
2007-09-09,12675.090392459098,40617.720534484004,33969.24225179038,14216202.187069401,52173462.0265447
2007-09-10,9860.141812690172,37413.14963826707,26425.18005800966,13094602.373393474,48057190.71035405
2007-09-11,12664.861344858986,42980.96232168157,33941.828404222084,15043336.812588546,55209046.102199964
2007-09-12,9156.343211796258,38495.35639990415,24538.999807613975,13473374.739966454,49447285.29567689
2007-09-13,8333.642051801624,39724.12738635871,22334.160698828353,13903444.58522555,51025641.62777777
2007-09-14,11629.250685312187,38979.3194022123,31166.391836636663,13642761.790774304,50068935.772141695
2007-09-15,7627.468704340682,34558.64188698795,20441.616127633028,12095524.660445781,44390575.50383601
2007-09-16,10232.07402656223,39067.044961300686,27421.958391186778,13673465.73645524,50181619.25279073
2007-09-17,7375.956371783794,34842.534805003124,19767.563076380568,12194887.181751091,44755235.957026504
2007-09-18,11605.648515307366,30154.952907410512,31103.138021023744,10554233.51759368,38734037.0095688
2007-09-19,8961.48647609818,37258.81298098336,24016.783755943125,13040584.543344175,47858945.274073124
2007-09-20,10091.97673202293,35219.271770817926,27046.497641821454,12326745.119786274,45239154.58961562
2007-09-21,9745.467377402676,31491.226710980325,26117.852571439173,11021929.348843113,40450480.71025422
2007-09-22,7822.017403351614,39756.811926686634,20963.006640982327,13914884.174340323,51067624.91982898
2007-09-23,11119.290584904327,24070.154217858115,29799.6987675436,8424553.97625034,30918113.092838746
2007-09-24,9243.029961242704,39796.93083145682,24771.32029613045,13928925.791009886,51119157.65300628
2007-09-25,12621.501285987782,25054.851565887166,33825.62344644726,8769198.048060507,32182956.836382058
2007-09-26,13548.009864211035,28814.32287660702,36308.66643608558,10085013.006812457,37011997.73500171
2007-09-27,9727.277810045054,32003.114242541455,26069.104530920747,11201089.98488951,41108000.2445445
2007-09-28,7808.07330412516,30250.76518486431,20925.636455055428,10587767.814702509,38857107.879958205
2007-09-29,8730.226887737947,32660.35725666693,23397.008059137697,11431125.039833426,41952228.89618868
2007-09-30,10281.295219607424,31489.545401355703,27553.8711885479,11021340.890474495,40448321.06804139
2007-10-01,9463.131357236512,23908.110722897116,25361.192037393856,8367838.75301399,30709968.223561343
2007-10-02,6626.4554072585925,24120.39174120684,17758.90049145303,8442137.109422393,30982643.191580184
2007-10-03,10896.388670374783,24141.774181780595,29202.32163660442,8449620.963623207,31010108.93649717
2007-10-04,10441.467808654299,31610.818834396745,27983.133727193523,11063786.59203886,40604096.79278262
2007-10-05,8647.890392315438,35984.03799759687,23176.346251405375,12594413.299158903,46221496.80791317
2007-10-06,12426.562821414183,25416.837542412282,33303.18836139001,8895893.139844298,32647927.823228575
2007-10-07,9020.094511361562,30378.769567154322,24173.853290448988,10632569.348504012,39021529.50900973
2007-10-08,10445.335103760986,27134.212484677682,27993.498078079447,9496974.36963719,34853895.93656848
2007-10-09,8844.576348953833,27598.61341707488,23703.464615196273,9659514.695976207,35450418.93423268
2007-10-10,9268.776111368386,33483.39044944448,24840.319978467276,11719186.657305567,43009415.03231143
2007-10-11,15454.223848097756,25489.429405251867,41417.319912901985,8921300.291838152,32741172.071046017
2007-10-12,11781.806939769942,33424.04648495104,31575.242598583445,11698416.269732863,42933187.7099196
2007-10-13,12589.817082101707,36514.57160270604,33740.70978003258,12780100.060947113,46902967.2236759
2007-10-14,10348.307173737932,26704.668794784062,27733.46322561766,9346634.078174422,34302147.06690013
2007-10-15,6939.768049592656,25632.316435767876,18598.57837290832,8971310.752518756,32924710.461743835
2007-10-16,8047.602275738156,28766.67192720806,21567.57409897826,10068335.174522819,36950790.090498745
2007-10-17,7139.155764568452,30196.611992690192,19132.937449043453,10568814.197441567,38787548.10461055
2007-10-18,12153.665003943415,29399.011516940143,32571.822210568356,10289654.03092905,37763030.29350961
2007-10-19,7437.415999286828,30198.20319643693,19932.2748780887,10569371.118752925,38789592.00582323
2007-10-20,10238.757319656082,38965.32111842779,27439.8696166783,13637862.391449725,50050954.97662049
2007-10-21,7771.625609370658,44492.81414706682,20827.956633113365,15572484.951473385,57151019.77190732
2007-10-22,11938.077433027058,41173.6024338012,31994.04752051252,14410760.851830417,52887492.32621763
2007-10-23,11039.598972138278,28727.245691674932,29586.125245330586,10054535.992086226,36900147.09095645
2007-10-24,8175.371674012746,33773.874714540005,21909.99608635416,11820856.150089001,43382542.070826635
2007-10-25,13227.780445685752,38623.90240168379,35450.451594437814,13518365.840589324,49612402.63496282
2007-10-26,9649.957067455958,28619.85943199687,25861.88494078197,10016950.801198903,36762209.440399975
2007-10-27,9515.494328210603,32965.18593563599,25501.52479960442,11537815.077472595,42343781.33432443
2007-10-28,14995.773538226887,42505.51203296382,40188.67308244806,14876929.211537335,54598330.20634202
2007-10-29,9632.535590411657,29076.263157470756,25815.19538230324,10176692.105114764,37348460.02577118
2007-10-30,11444.948398359165,37190.68520485423,30672.461707602564,13016739.821698979,47771435.14563525
2007-10-31,9282.795487545325,31351.304918516977,24877.891906621473,10972956.721480941,40270751.16783506
2007-11-01,12662.39704335214,42335.259052293826,33935.22407618374,14817340.66830284,54379640.25267142
2007-11-02,9808.013627668794,35320.70293070563,26285.476522152367,12362246.02574697,45369442.91449138
2007-11-03,12802.902765677478,31676.215712586953,34311.77941201564,11086675.499405432,40688099.082817934
2007-11-04,9751.626518487363,42028.49223733896,26134.359069546135,14709972.283068635,53985598.27886189
2007-11-05,12936.816892168603,36597.96804539536,34670.66927101186,12809288.815888375,47010089.954310335
2007-11-06,14054.82863623077,31298.456565891527,37666.940745098465,10954459.798062034,40202867.45888767
2007-11-07,14008.166692504215,45372.55404797186,37541.8867359113,15880393.91679015,58281045.674619846
2007-11-08,14979.57681488388,40231.75179821413,40145.2658638888,14081113.129374946,51677685.18480605
2007-11-09,10536.949764181105,36834.16156540827,28239.02536800536,12891956.547892893,47313480.53076691
2007-11-10,11408.096083243168,44519.41865483268,30573.697503091695,15581796.529191438,57185193.26213258
2007-11-11,11069.710413648405,40794.25012853169,29666.823908577728,14277987.54498609,52400214.29009895
2007-11-12,11386.532349038293,44399.92035347099,30515.906695422625,15539972.123714846,57031697.69403348
2007-11-13,10082.741140872327,44853.008538071925,27021.746257537838,15698552.988325171,57613689.46715338
2007-11-14,11318.571724158197,42752.65958910199,30333.77222074397,14963430.856185697,54915791.24220151
2007-11-15,12065.342295619226,51939.05884162171,32335.117352259527,18178670.594567597,66715721.08206308
2007-11-16,12071.113136368756,39032.23091014849,32350.58320546827,13661280.818551973,50136900.604085736
2007-11-17,13317.56396222263,48321.683804734035,35691.07141875665,16912589.33165691,62069202.84718086
2007-11-18,15097.522407537224,49107.3090799011,40461.360052199765,17187558.177965384,63078338.51313296
2007-11-19,14197.105493220715,47276.69518902709,38048.24272183152,16546843.31615948,60726914.97030529
2007-11-20,11336.343879326532,53586.26106358285,30381.401596595108,18755191.372253995,68831552.33617216
2007-11-21,12471.955419253423,56239.949309330135,33424.840523599174,19683982.258265547,72240214.88783456
2007-11-22,15692.426166385398,51728.505678133624,42055.70212591287,18104976.987346765,66445265.54356263
2007-11-23,18551.981119332526,48854.48359143484,49719.30939981117,17099069.257002193,62753584.17319805
2007-11-24,17806.34583294194,52354.48959895692,47721.0068322844,18324071.35963492,67249341.88986015
2007-11-25,12133.103665197508,51358.00510766223,32516.717822729323,17975301.78768178,65969357.56079213
2007-11-26,14212.081410960172,49383.809630964904,38088.378181373264,17284333.370837715,63433503.47097441
2007-11-27,16708.955825572604,52627.08733314593,44780.00161253458,18419480.566601075,67599493.67942594
2007-11-28,15015.708617076323,56973.52747716194,40242.09909376455,19940734.617006678,73182496.0444145
2007-11-29,12225.962567287921,51208.2335475548,32765.57968033163,17922881.74164418,65776975.99183414
2007-11-30,16406.56419280284,55451.43159619109,43969.59203671162,19408001.05866688,71227363.88530745
2007-12-01,13946.76136872745,57508.1160471011,37377.320468189566,20127840.616485383,73869175.06250136
2007-12-02,17069.26062659982,54859.408612175415,45745.618479287514,19200793.014261395,70466910.36233932
2007-12-03,13866.212231033978,55953.59800239044,37161.44877917106,19583759.300836653,71872396.63407052
2007-12-04,19130.481058136018,58516.772064236706,51269.68923580453,20480870.222482845,75164793.71651204
2007-12-05,16489.4067479725,57183.82136737305,44191.61008456631,20014337.478580564,73452618.54639067
2007-12-06,14363.723017508291,62316.2334923297,38494.77768692222,21810681.722315393,80045201.9208975
2007-12-07,14679.09646934601,60404.40825622644,39339.97853784731,21141542.88967925,77589462.40512285
2007-12-08,14483.144601158636,63294.49534542284,38814.82753110515,22153073.370897993,81301779.27119564
2007-12-09,16956.149516844485,62776.0423579235,45442.48070514322,21971614.825273223,80635826.40875272
2007-12-10,13365.152729680238,61582.80751275637,35818.60931554304,21553982.629464727,79103116.25013554
2007-12-11,14325.608465508441,68227.05754183629,38392.630687562625,23879470.1396427,87637655.41248871
2007-12-12,19160.124295014,61446.71103511881,51349.13311063752,21506348.862291582,78928300.3246101
2007-12-13,18182.42359710189,65047.088810053814,48728.89524023307,22766481.083518833,83552985.57651411
2007-12-14,16977.524715814325,62708.99510083306,45499.76623838239,21948148.285291567,80549704.20702004
2007-12-15,19264.960037237564,64482.007735793006,51630.09289979668,22568702.70752755,82827138.9366261
2007-12-16,16571.713146901864,64994.84260804441,44412.191233697,22748194.91281554,83485875.33003303
2007-12-17,18805.729675109276,59896.48991245329,50399.355529292865,20963771.46935865,76937041.29254624
2007-12-18,17019.87537273025,57872.80550455168,45613.26599891707,20255481.926593088,74337618.67059663
2007-12-19,18941.406688810886,64205.36663619987,50762.96992601318,22471878.322669953,82471793.44419873
2007-12-20,20790.51648205373,73002.08432544487,55718.584171903996,25550729.513905704,93771177.31603393
2007-12-21,20345.01536803216,70138.03779580178,54524.64118632619,24548313.22853062,90092309.54870737
2007-12-22,16394.943907998208,71273.58328444559,43938.4496734352,24945754.14955595,91550917.72887035
2007-12-23,18174.2459406644,72906.68270550198,48706.9791209806,25517338.946925696,93648633.9352173
2007-12-24,19547.56754404568,72257.76924588904,52387.481018042425,25290219.236061163,92815104.59634447
2007-12-25,18264.513678038213,77907.04404217753,48948.89665714241,27267465.414762132,100071598.07217702
2007-12-26,21465.11846370361,64615.81455934647,57526.51748272568,22615535.095771264,82999013.80148053
2007-12-27,19352.751687699383,76257.89867833792,51865.37452303435,26690264.53741827,97953270.85232504
2007-12-28,16098.488258954063,70209.91288128315,43143.94853399689,24573469.5084491,90184633.0960082
2007-12-29,20022.75650221353,66925.60782668025,53660.98742593227,23423962.739338085,85965943.25337078
2007-12-30,20139.175557571954,71970.76117431771,53972.99049429284,25189766.4110112,92446442.72841111
2007-12-31,18840.999376910484,70295.8164498576,50493.8783301201,24603535.757450156,90294976.22984207
2008-01-01,17361.760489574586,70754.02757844578,46529.51811205989,24763909.65245602,90883548.4245136
2008-01-02,16833.89799320108,61833.08897476095,45114.846621778895,21641581.14116633,79424602.78808042
2008-01-03,23744.50537169556,64035.205848493795,63635.2743961441,22412322.046972826,82253221.91239028
2008-01-04,21717.07070058159,67885.05903909865,58201.74947755866,23759770.663684525,87198358.33572221
2008-01-05,22255.919716591576,65673.79730203788,59645.86484046542,22985829.05571326,84357992.63446766
2008-01-06,21692.50634084735,61270.49590223227,58135.916993470906,21444673.565781295,78701951.98641735
2008-01-07,19530.021142884445,72586.67369993991,52340.456662930315,25405335.794978973,93237582.36757283
2008-01-08,17922.612579809087,83813.847010038,48032.601713888354,29334846.453513294,107658886.48439379
2008-01-09,20868.586676172403,64859.23089850525,55927.81229214204,22700730.814476836,83311682.08912998
2008-01-10,22378.33986241891,82363.27562573164,59973.95083128268,28827146.46900607,105795627.54125227
2008-01-11,21290.60498395823,73506.82214027506,57058.82135700806,25727387.74909627,94419513.03918332
2008-01-12,25983.433149249962,65151.25158274203,69635.6008399899,22802938.05395971,83686782.65803213
2008-01-13,23277.713261420988,66765.86190989579,62384.27154060825,23368051.668463524,85760749.62326114
2008-01-14,24247.365664011275,70391.09410523341,64982.93997955022,24636882.936831694,90417360.37817231
2008-01-15,22186.78332631151,60774.81272417462,59460.57931451485,21271184.453461114,78065246.94420229
2008-01-16,20279.859699588233,76127.40565692252,54350.023994896466,26644591.97992288,97785652.56631696
2008-01-17,21858.371034717973,61169.69779733992,58580.43437304417,21409394.22906897,78572476.8206831
2008-01-18,25167.5737905007,73787.43740180158,67449.09775854189,25825603.090630554,94779963.34261413
2008-01-19,25559.938076529153,61872.00069229781,68500.63404509814,21655200.242304232,79474584.88925654
2008-01-20,23801.678721471246,60892.84929636844,63788.49897354294,21312497.253728952,78216864.92118526
2008-01-21,24055.129766676713,64470.2358237783,64467.7477746936,22564582.5383224,82812017.9156432
2008-01-22,22246.544763574246,71701.4943052757,59620.739966378984,25095523.00684649,92100569.43512662
2008-01-23,21080.49488348784,69431.67974581035,56495.72628774742,24301087.911033623,89184992.6334934
2008-01-24,23514.056683402043,72093.81018906312,63017.67191151748,25232833.56617209,92604499.18785156
2008-01-25,25433.417419613994,60742.492851802745,68161.5586845655,21259872.49813096,78023732.06814061
2008-01-26,23664.579733549177,62355.500486119716,63421.0736859118,21824425.170141898,80095640.37442076
2008-01-27,27616.84326063869,66300.63763697514,74013.1399385117,23205223.172941297,85163169.04469456
2008-01-28,28501.292414459647,64375.36587039756,76383.46367075187,22531378.054639146,82690157.46052566
2008-01-29,26676.944565161837,61773.609118193956,71494.21143463373,21620763.191367883,79348200.91232014
2008-01-30,29634.287936796027,59287.2217997012,79419.89167061336,20750527.62989542,76154436.40171619
2008-01-31,24677.29151772039,60530.947511092425,66135.14126749065,21185831.62888235,77752002.07799822
2008-02-01,26046.910166847683,61930.54536496581,69805.71924715179,21675690.877738032,79549785.52129857
2008-02-02,23897.482843536938,55835.92322818906,64045.254020679,19542573.129866168,71721243.38660884
2008-02-03,27220.894199285874,58499.388376825926,72951.99645408615,20474785.931889072,75142464.37003289
2008-02-04,26230.490110496517,56042.46320246735,70297.71349613067,19614862.120863568,71986543.9835693
2008-02-05,24569.779694554367,62895.805786088655,65847.00958140571,22013532.02513103,80789662.53223087
2008-02-06,24773.50791613593,58932.99107673125,66393.0012152443,20626546.876855936,75699427.03806128
2008-02-07,27568.381983676314,48742.19670888143,73883.26371625252,17059768.8481085,62609351.672558196
2008-02-08,26643.569210415062,60687.281803947844,71404.76548391237,21240548.631381743,77952813.47717099
2008-02-09,29890.334856022895,53192.749511787486,80106.09741414136,18617462.32912562,68326086.74789102
2008-02-10,25520.55735144203,60454.64294879973,68395.09370186464,21159125.032079905,77653988.86773326
2008-02-11,24513.898143026596,52960.57460825698,65697.24702331128,18536201.11288994,68027858.08430609
2008-02-12,27803.46945696073,44664.49389168728,74513.29814465476,15632572.862090547,57371542.4038723
2008-02-13,28206.4734228595,53419.92827109234,75593.34877326347,18696974.894882318,68617897.8642181
2008-02-14,26202.748205009844,52179.169427661895,70223.36518942639,18262709.299681664,67024143.1298317
2008-02-15,27509.03865027925,46154.568339682744,73724.2235827484,16154098.918888958,59285543.032322474
2008-02-16,32001.596535265315,57154.13326390959,85764.27871451105,20003946.642368358,73414484.17749187
2008-02-17,28263.944766631408,50891.116625863666,75747.37197457218,17811890.819052283,65369639.305921875
2008-02-18,30834.807316283084,58526.223386225734,82637.28360763867,20484178.185179006,75176933.93960695
2008-02-19,28342.481381355967,49901.065375503196,75957.85010203399,17465372.88142612,64097918.47483385
2008-02-20,25704.14734018172,47423.73151286344,68887.11487168701,16598306.029502202,60915783.12827308
2008-02-21,25824.985250611255,45674.909053714226,69210.96047163817,15986218.168799978,58669420.679495916
2008-02-22,29169.37680808356,48723.47963547285,78173.92984566395,17053217.872415498,62585309.591764875
2008-02-23,28442.652618860393,43493.17575151828,76226.30901854586,15222611.513031399,55866984.25282523
2008-02-24,26479.64443659379,43809.14483826194,70965.44709007136,15333200.693391677,56272846.54474746
2008-02-25,28813.98785019045,37639.21675696894,77221.4874385104,13173725.864939127,48347573.9243266
2008-02-26,30055.805720465833,36895.62814478331,80549.55933084844,12913469.850674158,47392434.35197416
2008-02-27,28379.72357499178,38517.50405708236,76057.65918097798,13481126.419978825,49475733.961322285
2008-02-28,28214.10943536487,46652.76205596667,75613.81328677785,16328466.719588332,59925472.860889174
2008-02-29,28874.391350584367,43771.87000896829,77383.36881956611,15320154.5031389,56224967.02651976
2008-03-01,27133.85830954594,43516.145265580424,72718.74026958313,15230650.842953147,55896488.59363805
2008-03-02,30001.668726968463,41177.0910489177,80404.47218827548,14411981.867121194,52891973.45233478
2008-03-03,30566.614441018344,29485.817641917143,81918.52670192916,10320036.174671,37874532.761042565
2008-03-04,26785.268145132002,43207.17639906182,71784.51862895377,15122511.739671636,55499618.084594905
2008-03-05,26756.771626582216,41477.32911983941,71708.14795924035,14517065.191943793,53277629.25443372
2008-03-06,29231.89088343477,34377.890648301734,78341.46756760518,12032261.726905607,44158400.537743576
2008-03-07,25447.41113371257,35706.99667864943,68199.06183834969,12497448.837527301,45865637.2337252
2008-03-08,27987.34070561274,29083.193038482772,75006.07309104214,10179117.563468968,37357361.457931116
2008-03-09,31516.300012970492,38853.61566972323,84463.68403476092,13598765.48440313,49907469.32775948
2008-03-10,31568.825846877015,32996.47616148058,84604.45326963041,11548766.656518204,42383973.62942181
2008-03-11,28682.828556236385,28978.148580773257,76869.98053071351,10142352.00327064,37222431.85200325
2008-03-12,27652.765357386532,35679.70716186563,74109.41115779591,12487897.50665297,45830583.8494164
2008-03-13,29997.595977524466,37930.79827253037,80393.55721976557,13275779.395385629,48722110.38106526
2008-03-14,27493.68244399359,35850.12415541065,73683.06894990282,12547543.454393728,46049484.47762498
2008-03-15,32374.451304676866,34840.68763951157,86763.529496534,12194240.673829049,44752863.27295261
2008-03-16,30908.83359817027,36181.95039536833,82835.67404309633,12663682.638378914,46475715.282850616
2008-03-17,25569.905105639165,41064.82140175321,68527.34568311297,14372687.490613623,52747763.090551995
2008-03-18,28067.430525018186,34869.191967089515,75220.71380704874,12204217.188481329,44789477.08172648
2008-03-19,28410.563890007837,31294.938293276467,76140.31122522101,10953228.402646763,40198348.23771362
2008-03-20,30320.76744022854,31818.578562808936,81259.65673981249,11136502.496983126,40870964.16392807
2008-03-21,32895.23656730669,42593.26931699786,88159.23400038193,14907644.260949248,54711054.43768374
2008-03-22,30101.330678998504,19639.049916197248,80671.566219716,6873667.470669037,25226359.617355365
2008-03-23,29107.986815263946,27630.694066177406,78009.40466490739,9670742.923162092,35491626.52800488
2008-03-24,30382.448539101155,22068.711925420845,81424.9620847911,7724049.173897294,28347260.468203068
2008-03-25,28044.586865712114,31801.37107331351,75159.49280010846,11130479.875659727,40848861.14367119
2008-03-26,28265.567199421912,30247.804833900795,75751.72009445073,10586731.691865277,38853305.30914556
2008-03-27,27566.40254616444,26031.57648838684,73877.9588237207,9111051.770935394,33437559.999332894
2008-03-28,31349.181271277095,25164.401205279995,84015.80580702263,8807540.421847997,32323673.34818215
2008-03-29,27984.825525221317,34603.18748853091,74999.33240759313,12111115.620985819,44447794.32901795
2008-03-30,27575.487031968456,27311.743868038935,73902.30524567547,9559110.353813626,35081934.998496
2008-03-31,32114.88521709637,27098.740959884344,86067.89238181828,9484559.33595952,34808332.76297144
2008-04-01,28177.678429962278,34090.590004364305,75516.1781922989,11931706.501527505,43789362.86060594
2008-04-02,27289.833546980837,24779.311225798137,73136.75390590864,8672758.929029347,31829025.269537706
2008-04-03,31637.695048729052,38633.530985617625,84789.02273059386,13521735.844966168,49624770.55102584
2008-04-04,31210.156278678354,27602.205864554922,83643.21882685799,9660772.052594222,35455033.43302079
2008-04-05,26988.01009313531,42874.73786490774,72327.86704960265,15006158.252717705,55072600.78747398
2008-04-06,32874.53479858736,28989.01277526937,88103.75326021413,10146154.47134428,37236386.909833506
2008-04-07,30843.446454555065,30729.10340160562,82660.43649820758,10755186.190561965,39471533.31936241
2008-04-08,32329.28629005762,31029.884820177613,86642.48725735443,10860459.687062163,39857887.051518135
2008-04-09,30213.899377901387,33730.10259732939,80973.25033277573,11805535.909065284,43326316.78626959
2008-04-10,31576.56959043241,34997.63235531796,84625.20650235887,12249171.324361285,44954458.76040591
2008-04-11,24218.599064024962,24525.043539684157,64905.8454915869,8583765.238889454,31502418.426724296
2008-04-12,33053.2351258909,36357.139731380186,88582.67013738761,12724998.905983064,46700745.984957844
2008-04-13,24160.85554334284,32332.720944367964,64751.092856158815,11316452.330528786,41531380.053040646
2008-04-14,27135.784464720717,29860.529107438375,72723.90236545152,10451185.18760343,38355849.63850459
2008-04-15,31460.747820177872,37167.937011884365,84314.8041580767,13008777.954159528,47742215.09176546
2008-04-16,27238.43254707679,33641.22668415458,72998.9992261658,11774429.339454101,43212155.67579655
2008-04-17,30259.045850778897,27065.486526089906,81094.24288008745,9472920.284131467,34765617.44276249
2008-04-18,29765.330072549605,35900.93615496068,79771.08459443295,12565327.654236237,46114752.49104699
2008-04-19,28115.054838474807,35775.140269484626,75348.34696711249,12521299.094319617,45953167.676153
2008-04-20,27542.534018968552,37508.05358176901,73813.99117083572,13127818.753619153,48179094.82578229
2008-04-21,31615.831165395266,35332.99182462947,84730.42752325932,12366547.138620313,45385227.998736545
2008-04-22,29327.00073419131,41005.37536756471,78596.36196763272,14351881.378647648,52671404.65963687
2008-04-23,30936.095932471333,40288.337363799365,82908.73709902317,14100918.077329777,51750369.343800284
2008-04-24,27673.56501154691,37355.06991023963,74165.15423094573,13074274.468583869,47982587.2997028
2008-04-25,29278.525553492247,25849.122123199544,78466.44848335923,9047192.74311984,33203197.36724981
2008-04-26,29966.165628519975,33723.18256958344,80309.32388443354,11803113.899354203,43317428.01062992
2008-04-27,32015.298028728383,34432.402985138826,85800.99871699206,12051341.044798588,44228421.63441082
2008-04-28,27699.61689551396,35417.84604828573,74234.9732799774,12396246.116900004,45494223.24902301
2008-04-29,27180.46937077191,36955.922205847724,72843.65791366872,12934572.772046704,47469882.073411405
2008-04-30,29857.504643639786,33695.425072122474,80018.11244495463,11793398.775242867,43281773.50514132
2008-05-01,27323.811682447,47622.65748471296,73227.81530895797,16667930.119649535,61171303.53911379
2008-05-02,26788.112045112277,38774.249006186576,71792.1402809009,13570987.152165301,49805522.84844665
2008-05-03,27864.095012546335,37814.578761037206,74675.77463362418,13235102.566363022,48572826.41855229
2008-05-04,27787.671865732656,42989.76854728739,74470.96060016353,15046418.991550585,55220357.69899065
2008-05-05,31113.78355441505,35539.504175340655,83384.93992583234,12438826.461369228,45650493.113225065
2008-05-06,24648.326183548117,43578.08135672721,66057.51417190896,15252328.474854523,55976045.5027161
2008-05-07,28985.133221287542,49037.49715814693,77680.15703305062,17163124.005351424,62988665.09963973
2008-05-08,26789.000263378315,45543.07920806262,71794.5207058539,15940077.722821916,58500085.24275643
2008-05-09,27545.498330231683,40716.68580276236,73821.93552502092,14250840.030966826,52300582.91364825
2008-05-10,30176.698019611424,48755.07601262832,80873.55069255862,17064276.60441991,62625895.13822106
2008-05-11,28472.261207309413,44709.97364932511,76305.66003558923,15648490.777263787,57429961.152558096
2008-05-12,29603.156581083083,50217.85787210902,79336.45963730267,17576250.255238157,64504838.43672404
2008-05-13,31062.732753781587,48192.01671014589,83248.12378013466,16867205.848551057,61902645.46418238
2008-05-14,25138.245036948487,48223.28273416244,67370.49669902195,16878148.956956852,61942806.67203165
2008-05-15,29151.41082893608,48505.04294173019,78125.7810215487,16976765.029605567,62304727.65865243
2008-05-16,30690.956460904417,44210.65200633112,82251.76331522384,15473728.20221589,56788582.50213231
2008-05-17,28790.42519443055,53180.905531284385,77158.33952107388,18613316.935949534,68310873.1549348
2008-05-18,31277.66029520755,44144.403238283805,83824.12959115623,15450541.13339933,56703485.95957554
2008-05-19,24169.39101555782,48447.82999395181,64773.96792169496,16956740.497883134,62231237.6272311
2008-05-20,28310.661544070033,45173.23459071507,75872.5729381077,15810632.106750272,58025019.8317735
2008-05-21,26237.67164728458,51219.73473855563,70316.96001472267,17926907.15849447,65791749.2716747
2008-05-22,24266.054033146647,50475.42939271652,65033.02480883302,17666400.28745078,64835689.05494436
2008-05-23,26466.86339947727,48357.94617193446,70931.19391059909,16925281.16017706,62115781.85784981
2008-05-24,23855.43338699711,55144.94299675897,63932.56147715225,19300730.04886564,70833679.2793369
2008-05-25,22174.625793008796,59524.89511890794,59427.99712526357,20833713.291617777,76459727.78023724
2008-05-26,27435.650389265807,60012.032375290924,73527.54304323236,21004211.33135182,77085455.58606118
2008-05-27,26683.109267580385,60655.64879458348,71510.73283711543,21229477.078104217,77912180.87664248
2008-05-28,24853.871528015665,59104.20413324457,66608.37569508198,20686471.4466356,75919350.20915265
2008-05-29,25036.39713398543,53109.66224361836,67097.54431908096,18588381.785266425,68219361.15192778
2008-05-30,27344.568245416718,55510.28146281059,73283.44289771681,19428598.511983704,71302956.53898019
2008-05-31,21464.526036532217,65616.46335218071,57524.92977790635,22965762.173263248,84284347.17587613
2008-06-01,24123.73117760281,52674.41711194336,64651.59955597554,18436045.989180174,67660288.78029123
2008-06-02,23616.563899038254,64697.59499733032,63292.39124942252,22644158.24906561,83104060.7740708
2008-06-03,24007.263537398063,68495.40242780211,64339.466280226814,23973390.849730738,87982344.41851181
2008-06-04,27212.933560253652,53810.579805026384,72930.66194147979,18833702.93175923,69119689.75955638
2008-06-05,25441.00564589231,58905.90494997332,68181.8951309914,20617066.732490662,75664634.90824074
2008-06-06,24143.923120077143,58284.7762261216,64705.713961806745,20399671.679142557,74866795.06245318
2008-06-07,20104.21108206176,62567.73082947209,53879.28569992552,21898705.790315233,80368250.2504569
2008-06-08,23040.535532099504,68265.29355970446,61748.63522602667,23892852.745896555,87686769.57744035
2008-06-09,20071.74529737654,69896.57717126705,53792.277396969126,24463802.009943467,89782153.37649252
2008-06-10,21221.851060839872,63985.9785881302,56874.56084305086,22395092.50584557,82189989.49645324
2008-06-11,22671.674760038048,66879.14224471385,60760.08835690197,23407699.785649844,85906258.21333492
2008-06-12,22621.333968444917,58908.531344946015,60625.17503543238,20617985.970731102,75668008.51258314
2008-06-13,24547.42280092494,56925.109835156916,65787.09310647883,19923788.44230492,73120303.58325906
2008-06-14,20696.185583433875,68490.67498342718,55465.777363602785,23971736.24419951,87976272.0162122
2008-06-15,22549.416696026325,78099.99551886064,60432.436745350555,27334998.431601223,100319444.24397649
2008-06-16,26635.982245557596,68494.98785233227,71384.43241809437,23973245.74831629,87981811.89632079
2008-06-17,20917.9110330971,71543.13115419801,56060.00156870024,25040095.9039693,91897151.96756732
2008-06-18,22733.42831040459,73973.7547855782,60925.5878718843,25890814.17495237,95019288.02207519
2008-06-19,22778.52272720625,73055.72974863937,61046.44090891276,25569505.412023775,93840084.86212726
2008-06-20,20791.467411652102,71792.62329019644,55721.13266322764,25127418.15156875,92217624.61625731
2008-06-21,22191.795460918063,62871.277063200345,59474.01183526041,22004946.97212012,80758155.38768084
2008-06-22,21388.280005849872,77645.91541697341,57320.59041567766,27176070.39594069,99736178.35310234
2008-06-23,21110.87157966131,69066.93615579722,56577.13583349231,24173427.654529024,88716479.49212152
2008-06-24,19705.958217129973,67651.76558082487,52811.96802190833,23678117.9532887,86898692.88856953
2008-06-25,22657.241382578144,66580.79031302338,60721.40690530943,23303276.60955818,85523025.15707852
2008-06-26,19600.942318522077,72587.21625007101,52530.52541363917,25405525.68752485,93238279.2732162
2008-06-27,18702.957247918686,78690.81612811149,50123.92542442208,27541785.64483902,101078353.3165592
2008-06-28,21796.21673968346,66297.81674274775,58413.86086235168,23204235.85996171,85159545.60605948
2008-06-29,17779.05224234406,72048.03724187103,47647.86000948208,25216813.03465486,92545703.83718333
2008-06-30,22025.068731329735,78937.8019212958,59027.184199963696,27628230.67245353,101395606.56790446
2008-07-01,20834.858242658236,70333.0818488765,55837.42009032408,24616578.647106774,90342843.63488185
2008-07-02,19137.01407172118,66019.42799641368,51287.197712212765,23106799.798744787,84801955.26139337
2008-07-03,22556.293805794547,75909.82470612323,60450.86739952939,26568438.647143126,97506169.83501527
2008-07-04,18199.53978155712,70234.01344172092,48774.766614573084,24581904.70460232,90215590.26589051
2008-07-05,19255.17839027445,65658.1473435261,51603.87808593553,22980351.570234135,84337890.26275927
2008-07-06,21268.547120914976,74271.95249543757,56999.70628405214,25995183.373403147,95402322.98038955
2008-07-07,17013.32252782327,64007.83442945899,45595.70437456637,22402742.050310645,82218063.32464007
2008-07-08,18562.63129892021,64127.78691873069,49747.851881106166,22444725.42155574,82372142.29710956
2008-07-09,21094.914191726275,79941.83748473701,56534.37003382642,27979643.119657952,102685290.24914469
2008-07-10,17763.736780535386,78159.70732283025,47606.81457183484,27355897.562990583,100396144.05617544
2008-07-11,19381.926510458456,65275.002313161785,51943.56304802866,22846250.809606623,83845740.4712563
2008-07-12,17095.471608401607,76474.65354593299,45815.86391051631,26766128.741076548,98231692.47975093
2008-07-13,17375.04572430788,64218.47904799449,46565.12254114512,22476467.66679807,82488636.33714892
2008-07-14,19600.55400261989,66909.60385496022,52529.48472702131,23418361.34923608,85945386.15169641
2008-07-15,16606.75938601717,73521.65537480188,44506.115154526015,25732579.381180655,94438566.328933
2008-07-16,15502.410459967623,59767.06314948249,41546.46003271323,20918472.102318868,76770792.61551024
2008-07-17,18903.431652075073,68621.81093960535,50661.196827561194,24017633.828861874,88144716.15192308
2008-07-18,17584.91897133746,68449.05433508402,47127.5828431844,23957169.017279405,87922810.29341541
2008-07-19,16802.192994152745,66868.03049006285,45029.87722432936,23403810.671522,85891985.16448574
2008-07-20,14822.307123144965,54064.50732195703,39723.78309002851,18922577.56268496,69445859.65505381
2008-07-21,16175.09674414802,74552.68899466867,43349.2592743167,26093441.148134034,95762929.0136519
2008-07-22,15440.138481332433,67575.2238363018,41379.57112997092,23651328.34270563,86800375.01772965
2008-07-23,19347.321379541587,59703.48299574733,51850.82129717145,20896219.048511565,76689123.90803744
2008-07-24,16529.309147953063,66445.58029417689,44298.54851651421,23255953.10296191,85349347.8878702
2008-07-25,16941.774715931566,63793.727253577475,45403.9562386966,22327804.538752116,81943042.65722026
2008-07-26,17158.103429440136,56447.997342043505,45983.717190899566,19756799.069715224,72507452.58585487
2008-07-27,17765.398261552717,65815.95249173023,47611.26734096128,23035583.37210558,84540590.97562748
2008-07-28,16718.435718460685,66125.94815765836,44805.40772547464,23144081.855180424,84938780.40851216
2008-07-29,16744.164832152484,72972.98520901501,44874.36175016866,25540544.823155254,93733799.50097978
2008-07-30,12406.76853949624,66539.20576723365,33250.13968584992,23288722.018531777,85469609.80801162
2008-07-31,14497.292930950627,53520.316346227104,38852.745054947685,18732110.721179485,68746846.34672871
2008-08-01,18047.705190094122,68549.15505272105,48367.84990945225,23992204.26845237,88051389.66522019
2008-08-02,14700.08430427407,71083.82619025296,39396.22593545451,24879339.166588534,91307174.74137992
2008-08-03,13359.67564330075,57367.955592034064,35803.93072404601,20078784.457211923,73689138.95796776
2008-08-04,13449.521246829378,71642.77923510125,36044.71694150273,25074972.732285436,92025149.92748755
2008-08-05,13940.661933505216,61069.33964029083,37360.973981793984,21374268.87410179,78443566.76795357
2008-08-06,14723.605538921756,59382.229494868356,39459.26284431031,20783780.32320392,76276473.78615838
2008-08-07,12191.177082087459,59570.7193169854,32672.354579994393,20849751.760944888,76518588.96266773
2008-08-08,12709.897058448913,55368.26309620546,34062.524116643086,19378892.08367191,71120533.9470759
2008-08-09,14214.105025003188,47469.8886583047,38093.80146700855,16614461.030406643,60975071.98159238
2008-08-10,12593.042147659773,55533.97834022322,33749.352955728195,19436892.419078127,71333395.17801672
2008-08-11,14850.984837720609,53040.39928263266,39800.639365091236,18564139.748921428,68130392.87854163
2008-08-12,12998.890758292466,61986.5335341386,34837.02723222381,21695286.73694851,79621702.32460102
2008-08-13,15017.114158386492,55131.275243469885,40245.8659444758,19295946.33521446,70816123.05023706
2008-08-14,14344.90224516272,56681.94382876441,38444.33801703609,19838680.340067543,72807956.84804788
2008-08-15,14217.106658715002,48054.500704428,38101.845845356205,16819075.2465498,61726006.154837765
2008-08-16,13745.52608707486,46809.89597951487,36838.00991336063,16383463.592830202,60127311.38568684
2008-08-17,16342.076796507892,48831.763912734496,43796.765814641156,17091117.369457074,62724400.745907456
2008-08-18,12434.015992311814,55350.236700390305,33323.16285939566,19372582.845136605,71097379.04165134
2008-08-19,14864.454211804248,44887.80702558535,39836.73728763539,15710732.458954873,57658388.12436438
2008-08-20,11235.869684745543,43645.74367582564,30112.130755118058,15276010.286538973,56062957.75159803
2008-08-21,8021.322416059105,50133.19317297742,21497.144075038403,17546617.610542096,64396086.630689494
2008-08-22,11401.690786894806,50180.02515632249,30556.531308878082,17563008.80471287,64456242.31329623
2008-08-23,9454.289347715952,54075.45311141829,25337.495451878753,18926408.5889964,69459919.52161679
2008-08-24,9444.115682546479,42512.11372119026,25310.230029224564,14879239.80241659,54606810.07486888
2008-08-25,12243.848429776564,43634.37923397289,32813.5137918012,15272032.73189051,56048360.12603817
2008-08-26,10857.631154031986,43580.74047600906,29098.451492805725,15253259.166603168,55979461.14143363
2008-08-27,9544.825360081039,49697.19011385659,25580.131965017186,17394016.539849807,63836040.70124879
2008-08-28,12272.854420374524,36035.43876620508,32891.24984660373,12612403.568171777,46287521.09519042
2008-08-29,10697.90503369214,46765.09103671173,28670.385490294935,16367781.862849105,60069759.436656214
2008-08-30,11374.902945441276,41415.990864518324,30484.739893782622,14495596.802581413,53198840.26547378
2008-08-31,10785.370141378762,37611.881240403694,28904.791978895086,13164158.434141293,48312461.45329855
2008-09-01,7736.179557208848,37575.63743443812,20732.96121331971,13151473.10205334,48265906.28453576
2008-09-02,9210.187853372263,34341.04079455439,24683.303447037666,12019364.278094037,44111066.90060511
2008-09-03,15312.103085905546,34562.47404112255,41036.43627022687,12096865.91439289,44395497.905821905
2008-09-04,8803.444545875524,30259.501842074023,23593.231382946404,10590825.644725908,38868330.11614408
2008-09-05,12843.444435073656,40320.42879026222,34420.4310859974,14112150.076591777,51791590.78109182
2008-09-06,10361.710928479108,31732.200608686006,27769.38528832401,11106270.2130401,40760011.68185717
2008-09-07,16960.76516371315,46349.29504800924,45454.850638751246,16222253.266803233,59535669.48916786
2008-09-08,6120.9000443471095,47691.201563422524,16404.012118850256,16691920.547197882,61259348.40821622
2008-09-09,12809.323304449954,47431.88026103769,34328.98645592588,16601158.091363188,60926250.195302896
2008-09-10,9501.989842713283,31069.044091368298,25465.3327784716,10874165.431978904,39908187.13536257
2008-09-11,12075.294542277345,32046.360838041237,32361.789373303287,11216226.293314433,41163550.49646397
2008-09-12,9786.49789776534,33202.61197424807,26227.814366011116,11620914.190986825,42648755.08092165
2008-09-13,11505.675836738239,28450.554967674798,30835.21124245848,9957694.23868618,36544737.85597828
2008-09-14,9636.843441840037,28779.40079028151,25826.7404241313,10072790.276598528,36967140.3151166
2008-09-15,11670.00809023384,36634.76585822056,31275.62168182669,12822168.050377196,47057356.744884305
2008-09-16,11564.07322669741,34795.91859026192,30991.716247549062,12178571.506591672,44695357.42919143
2008-09-17,11805.531766749953,33562.99280764725,31638.825134889878,11747047.482676538,43111664.261422895
2008-09-18,12870.122080000809,28838.508860700946,34491.92717440217,10093478.10124533,37043064.63157036
2008-09-19,11414.834907989332,25594.702264189073,30591.75755341141,8958145.792466175,32876395.05835086
2008-09-20,13793.084956599607,31253.131809262108,36965.46768368695,10938596.133241737,40144647.80899718
2008-09-21,9060.039100108259,19805.018733810102,24280.904788290136,6931756.5568335345,25439546.56357907
2008-09-22,10837.073730178457,25653.04760877602,29043.357596878268,8978566.663071606,32951339.653472796
2008-09-23,10949.484024127896,22002.20146348965,29344.617184662762,7700770.512221377,28261827.779852454
2008-09-24,11417.059024793462,38443.2391632906,30597.71818644648,13455133.70715171,49380340.70524677
2008-09-25,10509.58715923806,25973.40961134194,28165.693586758003,9090693.363969678,33362844.645768717
2008-09-26,12017.909260295291,28249.02718024011,32207.996817591382,9887159.513084037,36285875.41301841
2008-09-27,12584.60702423027,26528.395071317987,33726.74682493712,9284938.274961295,34075723.46910795
2008-09-28,9916.964420519489,31615.0512238055,26577.464646992234,11065267.928331925,40609533.29697816
2008-09-29,9163.587434639783,16950.71179833365,24558.41432483462,5932749.129416777,21773189.30495957
2008-09-30,9450.831581655078,31258.968046753776,25328.22863883561,10940638.81636382,40152144.456055224
2008-10-01,10618.574651967567,39278.698707333184,28457.78006727308,13747544.547566613,50453488.48956947
2008-10-02,7005.58270663254,35693.89651896643,18774.961653775208,12492863.78163825,45848810.07861237
2008-10-03,8676.9231633397,30283.643642490875,23254.154077750394,10599275.274871806,38899340.258779526
2008-10-04,7477.775341701305,29467.712586857364,20040.437915759496,10313699.405400077,37851276.817818284
2008-10-05,10570.928698881688,30851.163052045595,28330.088913002925,10797907.068215957,39628318.94035256
2008-10-06,9243.062977841257,22698.526556474193,24771.40878061457,7944484.294765967,29156257.361791097
2008-10-07,13108.18807649958,33369.44344654585,35129.94404501888,11679305.206291046,42863050.10708814
2008-10-08,12474.503458513262,27394.38506187979,33431.669268815545,9588034.771657927,35188087.61198459
2008-10-09,12286.474909282242,30678.845063202993,32927.75275687641,10737595.772121046,39406976.483684234
2008-10-10,9171.554609047462,26288.564163576855,24579.7663522472,9200997.457251899,33767660.66811447
2008-10-11,10006.784394370437,39760.62839321282,26818.182176912775,13916219.937624486,51072527.17108186
2008-10-12,10259.533882752563,29879.054159039584,27495.55080577687,10457668.955663854,38379645.06728634
2008-10-13,8755.280827962686,30092.76001674151,23464.15261894,10532466.005859528,38654150.24150447
2008-10-14,10957.605697787241,31261.586363702278,29366.383270069808,10941555.227295797,40155507.68417557
2008-10-15,8305.108119447985,29375.621274726305,22257.6897601206,10281467.446154207,37732985.52738594
2008-10-16,7889.00219312762,37585.39737537387,21142.525877582022,13154889.081380853,48278442.92866773
2008-10-17,9837.05449732164,34875.776021665486,26363.306052821998,12206521.60758292,44797934.29982931
2008-10-18,7021.34798662016,22877.539707536478,18817.21260414203,8007138.897637767,29386199.754330605
2008-10-19,8777.914794271772,25130.061432699877,23524.81164864835,8795521.501444956,32279563.91030299
2008-10-20,13191.559492220447,34633.25910076416,35353.3794391508,12121640.685267456,44486421.314931564
2008-10-21,9265.70330012792,34652.791512046955,24832.084844342826,12128477.029216433,44511510.69722431
2008-10-22,11959.294887215638,38152.732030039355,32050.91029773791,13353456.210513774,49007184.29258555
2008-10-23,9524.422737003384,35872.37213220691,25525.452935169073,12555330.246272417,46078062.00381977
2008-10-24,10984.868439380816,32003.144332228196,29439.44741754059,11201100.516279867,41108038.89474711
2008-10-25,10973.215988618385,35399.97339849296,29408.218849497276,12389990.689472536,45471265.830364205
2008-10-26,10701.781684080672,30982.272508754362,28680.7749133362,10843795.378064025,39796729.03749497
2008-10-27,12146.04853821122,38764.013535647995,32551.410082406073,13567404.737476798,49792375.38653985
2008-10-28,11742.443756444718,37871.73459805892,31469.749267271847,13255107.109320622,48646243.091206685
2008-10-29,10591.06075430344,29603.06535208167,28384.04282153322,10361072.873228583,38025137.4447489
2008-10-30,12679.338226321626,25560.513897362027,33980.62644654196,8946179.86407671,32832480.10116152
2008-10-31,12997.188978430246,37879.59350599325,34832.46646219306,13257857.727097638,48656337.858448334
2008-11-01,8165.087671906165,38133.278014705684,21882.434960708524,13346647.305146987,48982195.60988944
2008-11-02,12192.303802011043,34902.29988564102,32675.374189389597,12215804.959974354,44832004.20310588
2008-11-03,9773.22055737222,40153.56036762229,26192.231093757553,14053746.1286678,51577248.292210825
2008-11-04,11595.534567665947,49356.26303312641,31076.03264134474,17274692.06159424,63398119.86605086
2008-11-05,11163.15028638157,47960.53339434036,29917.24276750261,16786186.688019123,61605305.14503018
2008-11-06,15468.287852316871,37595.91628707325,41455.011444209216,13158570.700475635,48291954.47074558
2008-11-07,12627.420851215507,45375.69362336633,33841.48788125756,15881492.768178213,58285078.45921404
2008-11-08,13966.530629910103,51492.13948965266,37430.30208815908,18022248.821378432,66141653.17445885
2008-11-09,9472.528311199081,46230.75276500217,25386.375874013538,16180763.46775076,59383401.92664529
2008-11-10,15831.658406401033,50352.30176321999,42428.84452915477,17623305.617126994,64677531.614856064
2008-11-11,15249.843661447767,37956.85167590387,40869.58101268002,13284898.086566355,48755575.97769852
2008-11-12,15594.227473884832,56822.919532129345,41792.529630011355,19888021.83624527,72989040.13902013
2008-11-13,12641.486448252404,54790.78555258549,33879.18368131645,19176774.94340492,70378764.04229605
2008-11-14,13445.286864914979,46284.571326689904,36033.36879797214,16199599.964341465,59452531.869133174
2008-11-15,16766.881377361955,52182.15597700344,44935.242091330045,18263754.5919512,67027979.3524609
2008-11-16,16185.2194823414,57637.45991871695,43376.38821267495,20173110.97155093,74035317.26559192
2008-11-17,11664.929462853226,50630.480399467226,31262.01096044665,17720668.139813527,65034852.07311565
2008-11-18,12389.223766024925,51082.60669091962,33203.1196929468,17878912.341821868,65615608.294486254
2008-11-19,13584.555910728746,43040.55944240446,36406.609840753044,15064195.804841561,55285598.60376853
2008-11-20,12976.826360050678,51844.87982122631,34777.89464493582,18145707.937429205,66594748.13036518
2008-11-21,12174.85816752836,56651.36889041847,32628.61988897601,19827979.111646462,72768683.33974251
2008-11-22,13148.03452079857,62430.76719405406,35236.73251574017,21850768.51791892,80192320.46076243
2008-11-23,12676.97279579812,53213.97946435185,33974.28709273896,18624892.812523145,68353356.62195994
2008-11-24,9390.581796045073,52855.51625318677,25166.759213400797,18499430.688615367,67892910.6272184
2008-11-25,13180.884134787935,59067.434387126275,35324.76948123167,20673602.035494193,75872119.47026369
2008-11-26,13367.95482720073,61843.39801878808,35826.11893689796,21645189.306575827,79437844.75513329
2008-11-27,13159.682666067838,57115.55732911851,35267.949545061805,19990445.065191474,73364933.3892527
2008-11-28,13961.96944103669,64139.35850151223,37418.07810197833,22448775.47552928,82387005.99519245
2008-11-29,16072.129268604727,54502.22118411663,43073.30643986067,19075777.414440818,70008103.1109978
2008-11-30,16830.63259083601,52398.52004747156,45106.09534344051,18339482.016615044,67305899.00097722
2008-12-01,13827.087804711806,63450.808354393695,37056.595316627645,22207782.92403779,81502563.33121869
2008-12-02,15815.304655517875,55360.28727130638,42385.01647678791,19376100.54495723,71110288.99999304
2008-12-03,13789.900311599526,65600.78942767454,36956.93283508673,22960276.299686085,84264214.01984793
2008-12-04,19469.51438021584,55357.19421067096,52178.29853897846,19375017.973734837,71106315.96360685
2008-12-05,17108.44996695117,62518.197381356105,45850.64591142914,21881369.083474636,80304624.53635192
2008-12-06,13122.439999325667,68038.62508234581,35168.13919819279,23813518.778821032,87395613.91827318
2008-12-07,13322.246204017432,61855.76244232297,35703.61982676672,21649516.85481304,79453726.85716385
2008-12-08,18063.595011692527,68550.64197593204,48410.43463133598,23992724.691576216,88053299.61808471
2008-12-09,14391.363376831372,74295.10047229705,38568.85384990808,26003285.165303968,95432056.55666555
2008-12-10,17608.125892906937,57860.03218115181,47189.777392990596,20251011.263403133,74321211.3366895
2008-12-11,14464.116849791471,70060.03723136289,38763.83315744114,24521013.03097701,89992117.82368563
2008-12-12,18715.13414275845,67159.07972936843,50156.559502592645,23505677.90527895,86265837.91237375
2008-12-13,12126.739672181655,64812.42021960632,32499.662321446838,22684347.07686221,83251553.77208431
2008-12-14,12450.442511917827,61593.39867343532,33367.18593193978,21557689.53570236,79116720.59602766
2008-12-15,24710.418605579915,62934.86684591411,66223.92186295417,22027203.396069936,80839836.46357666
2008-12-16,16772.695825483923,67884.36546217639,44950.824812296916,23759527.91176173,87197467.43616556
2008-12-17,15412.950930097462,66895.43303187854,41306.7084926612,23413401.561157487,85927183.72944798
2008-12-18,17824.22276773098,78228.5517797372,47768.91701751902,27379993.12290802,100484574.76107243
2008-12-19,16456.82356706762,56726.47011856713,44104.28715974122,19854264.541498493,72865150.86729947
2008-12-20,16487.663225062803,69755.1346655768,44186.93744316832,24414297.132951878,89600470.47793339
2008-12-21,19134.14132776223,69501.199416373,51279.498758402784,24325419.79573055,89274290.65033111
2008-12-22,18169.822998823278,72706.62151434012,48695.12563684639,25447317.53001904,93391655.33516988
2008-12-23,17842.587507577315,69924.98090622289,47818.134520307205,24473743.31717801,89818637.9740433
2008-12-24,21934.083384129837,73060.77374169478,58783.34346946797,25571270.80959317,93846563.87120694
2008-12-25,17357.314657255563,67365.55002432574,46517.60328144491,23577942.50851401,86531049.00624642
2008-12-26,18347.72513132502,67424.37560226896,49171.903351951056,23598531.460794136,86606610.46111448
2008-12-27,20273.21397603833,72669.40534593449,54332.21345578272,25434291.87107707,93343851.16685283
2008-12-28,21077.804327858994,68245.97226902866,56488.51559866211,23886090.29416003,87661951.37956731
2008-12-29,21661.635349669716,73815.89358607685,58053.18273711484,25835562.755126897,94816515.31131572
2008-12-30,18614.062153730665,76223.13708771626,49885.68657199819,26678097.980700687,97908619.58917151
2008-12-31,20939.91840297166,68125.25458904941,56118.98131996405,23843839.106167294,87506889.51963396
2009-01-01,17060.34396078818,66557.89939930111,45721.72181491233,23295264.78975539,85493621.77840227
2009-01-02,18999.822903846038,71659.8821545413,50919.52538230739,25080958.754089452,92047118.62750828
2009-01-03,18421.176549306278,62494.326466198945,49368.753152140824,21873014.263169628,80273962.34583253
2009-01-04,19701.18492512725,66502.7354047035,52799.17559934103,23275957.391646225,85422763.62734164
2009-01-05,22095.029257014965,71162.4904706596,59214.67840880011,24906871.664730858,91408219.00956225
2009-01-06,25001.56530896135,65247.60863924594,67004.19502801643,22836663.02373608,83810553.2971114
2009-01-07,22305.710896338474,66220.0007015084,59779.30520218711,23177000.245527938,85059590.90108754
2009-01-08,24986.90598662002,73275.52511498523,66964.90804414166,25646433.79024483,94122412.01019852
2009-01-09,24669.94303176755,52640.96272751802,66115.44732513704,18424336.954631303,67617316.62349688
2009-01-10,17855.213314483775,63904.33017227006,47851.97168281652,22366515.560294524,82085112.10628091
2009-01-11,20234.132233363198,73131.26845998329,54227.47438541337,25595943.96099415,93937114.33684853
2009-01-12,23211.043632771536,68413.3780035201,62205.59693582772,23944682.301232032,87876984.04552156
2009-01-13,22096.294363516154,61246.870332746345,59218.068894223296,21436404.616461217,78671604.94241266
2009-01-14,23009.028329225104,63917.617820201245,61664.195922323284,22371166.237070434,82102180.09004849
2009-01-15,22442.38480654449,70432.65524383754,60145.59128153924,24651429.335343137,90470745.6607093
2009-01-16,22094.75969137703,57401.25375000765,59213.95597289044,20090438.81250268,73731910.44188483
2009-01-17,24023.913175882208,61599.62455341303,64384.08731136432,21559868.593694557,79124717.73885903
2009-01-18,20963.281844032517,60239.984166949835,56181.59534200715,21083994.45843244,77378259.66244705
2009-01-19,23257.604099080596,69229.21220028907,62330.378985536,24230224.270101175,88924923.07127132
2009-01-20,24804.473008721267,69141.72477414228,66475.987663373,24199603.670949798,88812545.47238576
2009-01-21,23986.70292027115,56601.00404228527,64284.363826326684,19810351.414799843,72703989.69231543
2009-01-22,25661.748581545504,61752.18807759263,68773.48619854196,21613265.82715742,79320685.58566773
2009-01-23,23304.9003347229,66103.02509739676,62457.13289705738,23136058.784088865,84909335.73760614
2009-01-24,22151.073600352684,58002.546397865844,59364.877248945195,20300891.239253044,74504270.84805867
2009-01-25,24096.921179476572,68743.51657927521,64579.748760997216,24060230.802746322,88301047.046079
2009-01-26,23892.69932908794,72052.08388132406,64032.434201955686,25218229.358463418,92550901.74556074
2009-01-27,25689.533320585695,71858.82763189003,68847.94929916966,25150589.67116151,92302664.09316275
2009-01-28,22983.9241424602,66722.38807844419,61596.91670179334,23352835.82745546,85704907.48676154
2009-01-29,28339.6831407808,52555.56603273271,75950.35081729255,18394448.111456446,67507624.56904516
2009-01-30,26365.101078585943,65947.73426107032,70658.47089061033,23081706.99137461,84709864.65834482
2009-01-31,28308.080014455885,68526.96098617901,75865.65443874178,23984436.345162652,88022881.38674693
2009-02-01,28647.232553482296,60093.26951565511,76774.58324333256,21032644.33047929,77189804.692859
2009-02-02,25742.748298672683,57316.819204968415,68990.56544044279,20060886.721738946,73623454.26878193
2009-02-03,24815.88597535254,50633.064959163006,66506.5744139448,17721572.73570705,65038171.940044865
2009-02-04,26171.55053872218,51937.258718474935,70139.75544377544,18178040.551466227,66713408.82388105
2009-02-05,21379.51774312944,56502.984613268076,57297.1075515869,19776044.614643827,72578083.73574284
2009-02-06,24568.58041110504,51603.06953600211,65843.7955017615,18061074.337600738,66284142.81899471
2009-02-07,27351.83252989898,63785.861526251945,73302.91118012927,22325051.534188177,81932939.1304706
2009-02-08,23092.16498030197,57636.00669055357,61887.002147209285,20172602.341693748,74033450.59401606
2009-02-09,27939.077562321545,50964.3693682241,74876.72786702175,17837529.27887843,65463732.45348384
2009-02-10,26590.308367582984,55182.64462470109,71262.0264251224,19313925.61864538,70882107.02042855
2009-02-11,23684.712765713564,40553.18071036595,63475.03021211235,14193613.248628082,52090560.62246506
2009-02-12,25990.783500662095,51421.14715320975,69655.29978177442,17997401.50362341,66050463.51829792
2009-02-13,24544.574874374164,47566.64248078004,65779.46066332277,16648324.868273014,61099352.26656196
2009-02-14,28020.702441349425,42805.76832919789,75095.48254281646,14982018.91521926,54984009.41885468
2009-02-15,33486.5737372414,48126.13949140054,89744.01761580695,16844148.82199019,61818026.17670399
2009-02-16,27125.33029746229,48264.76495094967,72695.88519719894,16892667.732832383,61996090.57949485
2009-02-17,30603.505374329237,42786.35857312972,82017.39440320236,14975225.500595402,54959077.58718512
2009-02-18,29612.335848071467,38554.43625724574,79361.06007283153,13494052.690036008,49523173.37243215
2009-02-19,30317.575152804333,46233.62941806921,81251.10140951561,16181770.296324223,59387096.9875099
2009-02-20,26918.360156119168,45531.456115242974,72141.20521839938,15936009.64033504,58485155.3800296
2009-02-21,28928.629743822734,41039.83794665563,77528.72771344493,14363943.28132947,52715671.842479154
2009-02-22,26212.560184144364,42795.35479838701,70249.6612935069,14978374.17943545,54970633.2385281
2009-02-23,27315.90216288305,37158.00199188609,73206.61779652658,13005300.697160132,47729453.55857769
2009-02-24,30930.018031352694,52171.146321302855,82892.44832402523,18259901.212456,67013837.44971351
2009-02-25,32063.773246328863,39208.89094328999,85930.91230016136,13723111.830151495,50363820.41665599
2009-02-26,25538.67052655435,41734.370665126364,68443.63701116566,14607029.732794225,53607799.11935481
2009-02-27,27232.53517644193,40189.62544919092,72983.19427286438,14066368.907216823,51623573.88948574
2009-02-28,30073.64537925701,41162.58116710629,80597.36961640879,14406903.408487203,52873335.50914803
2009-03-01,27356.82949548524,39446.274210337826,73316.30304790045,13806195.973618237,50668739.22317893
2009-03-02,29406.083835509016,41095.91953432223,78808.30467916417,14383571.83701278,52787708.641836904
2009-03-03,29558.34879407345,42034.00122268583,79216.37476811685,14711900.427940039,53992674.570539944
2009-03-04,31396.94964574843,36634.81767329736,84143.8250506058,12822186.185654076,47057423.30135046
2009-03-05,28221.08606246766,41304.24706835176,75632.51064741334,14456486.473923115,53055305.359297834
2009-03-06,29667.870727476642,29434.64442931805,79509.8935496374,10302125.550261317,37808800.76945903
2009-03-07,30691.37632068646,37193.611245150794,82252.88853943972,13017763.935802778,47775193.64439619
2009-03-08,28153.355884416018,31039.60087890518,75450.99377023493,10863860.307616813,39870367.328953706
2009-03-09,34849.98503110239,34595.98860232515,93397.95988335442,12108596.010813804,44438547.35968666
2009-03-10,26363.79538875571,37458.74891095504,70654.9716418653,13110562.11883426,48115762.97612174
2009-03-11,30309.737747067556,39025.810237750506,81230.09716214106,13659033.583212677,50128653.25039052
2009-03-12,33306.64096019806,37695.5899007931,89261.79777333082,13193456.465277584,48419985.22756873
2009-03-13,28953.412441426288,31079.76817921082,77595.14534302245,10877918.862723786,39921962.2261963
2009-03-14,30322.406759973535,22616.93220867408,81264.05011672908,7915926.273035928,29051449.422041856
2009-03-15,30591.38098720992,28204.12666999322,81984.90104572258,9871444.334497627,36228200.70760629
2009-03-16,33808.07226680206,36246.26870852862,90605.63367502953,12686194.047985017,46558332.15610501
2009-03-17,31315.44197052119,32392.538194704703,83925.3844809968,11337388.368146645,41608215.31109819
2009-03-18,28953.998936927048,33054.31127034099,77596.7171509645,11569008.944619346,42458262.826753
2009-03-19,25667.849529968287,34393.8844959262,68789.83674031502,12037859.57357417,44178944.6350172
2009-03-20,29192.998228813485,33281.04206857202,78237.23525322015,11648364.724000204,42749498.53708075
2009-03-21,30644.396706689768,39470.80510799955,82126.98317392859,13814781.78779984,50700249.161225416
2009-03-22,25766.738047244675,24320.5896208509,69054.85796661573,8512206.367297815,31239797.36798298
2009-03-23,30238.29232643658,34932.241488219785,81038.62343485004,12226284.520876924,44870464.19161831
2009-03-24,31543.58851451105,30012.104228889668,84536.81721888963,10504236.480111383,38550547.882008776
2009-03-25,29194.820152269283,23855.35766069742,78242.11800808168,8349375.181244096,30642206.91516583
2009-03-26,30532.94303810348,28792.93055657599,81828.28734211733,10077525.694801597,36984519.29992186
2009-03-27,33007.559091715135,25166.02077595214,88460.25836579657,8808107.27158325,32325753.686710525
2009-03-28,33190.16489512816,35485.58650415648,88949.64191894348,12419955.27645477,45581235.864589
2009-03-29,31189.28839554739,34443.485090376904,83587.29290006701,12055219.781631917,44242656.59858914
2009-03-30,28214.253745401402,29059.349910233388,75614.20003767576,10170772.468581686,37326734.95969479
2009-03-31,32784.19737628515,25635.443713456712,87861.6489684442,8972405.299709849,32928727.449935146
2009-04-01,28879.337586819456,40623.74734755569,77396.62473267615,14218311.57164449,52181203.46793528
2009-04-02,28413.826096276796,27048.14292300329,76149.05393802183,9466850.023051152,34743339.58459773
2009-04-03,26950.522656808316,29698.79606514669,72227.4007202463,10394578.622801341,38148103.54568092
2009-04-04,30565.03827748457,26220.898348100527,81914.30258365866,9177314.421835184,33680743.92813513
2009-04-05,31756.516166446072,27685.730125936912,85107.46332607548,9690005.544077918,35562320.34676596
2009-04-06,27831.99365070687,32482.542211560853,74589.74298389442,11368889.774046298,41723825.470749915
2009-04-07,28695.368675336715,25047.21859918328,76903.5880499024,8766526.509714147,32173152.29065092
2009-04-08,30450.513989578198,34938.134940672586,81607.37749206957,12228347.229235403,44878034.331293926
2009-04-09,30186.394726415077,40175.49761698418,80899.53786679241,14061424.165944463,51605426.68901618
2009-04-10,28912.084861432948,24737.095592613427,77484.3874286403,8657983.457414698,31774799.28871194
2009-04-11,31531.88084208931,33326.211585960875,84505.44065679936,11664174.055086305,42807518.78216674
2009-04-12,28463.190040604713,26745.024419346075,76281.34930882063,9360758.546771126,34353983.86665003
2009-04-13,28504.03895648527,29269.54112690089,76390.82440338052,10244339.394415312,37596725.577504195
2009-04-14,31472.960839491054,27287.288394316703,84347.53504983603,9550550.938010845,35050521.9424998
2009-04-15,31827.973150452548,29550.198648662536,85298.96804321284,10342569.527031887,37957230.16420703
2009-04-16,31134.682154568567,37014.41848447732,83440.94817424376,12955046.46956706,47545020.54331111
2009-04-17,30576.19117680242,37830.95561447897,81944.19235383048,13240834.465067638,48593862.486798234
2009-04-18,32820.523907226445,31559.52714758676,87959.00407136687,11045834.501655364,40538212.62107518
2009-04-19,30443.44024998083,37775.16293999909,81588.41986994863,13221307.028999683,48522196.79642884
2009-04-20,28924.52960427173,37896.2879879047,77517.73933944825,13263700.795766646,48677781.92046359
2009-04-21,31913.357515331954,30560.439663352685,85527.79814108965,10696153.882173438,39254884.74757651
2009-04-22,32916.285674086226,33826.29151064962,88215.64560655109,11839202.028727368,43449871.44542944
2009-04-23,25518.99538900265,30424.75435193964,68390.9076425271,10648664.023178872,39080596.965066455
2009-04-24,28421.809174036414,33659.58681086117,76170.4485864176,11780855.383801408,43235739.258551165
2009-04-25,33686.001280943696,42009.695554490994,90278.4834329291,14703393.444071846,53961453.939743675
2009-04-26,30648.068118658346,33562.26910112139,82136.82255800437,11746794.185392486,43110734.66039042
2009-04-27,28598.422120013587,27644.09019585922,76643.77128163642,9675431.568550726,35508833.85658117
2009-04-28,27880.661566577564,30104.72699048369,74720.17299842788,10536654.446669292,38669521.8192763
2009-04-29,28110.925021422776,38593.526864742744,75337.27905741305,13507734.402659958,49573385.257762045
2009-04-30,29973.798586891062,41283.82555369636,80329.78021286805,14449338.943793727,53029073.923722975
2009-05-01,28618.523364144086,37205.14852546787,76697.64261590615,13021801.983913755,47790013.28096348
2009-05-02,26432.228754901207,42471.70080281006,70838.37306313524,14865095.280983519,54554899.68120951
2009-05-03,26907.28740579619,47053.98068072608,72111.5302475338,16468893.238254128,60440838.184392646
2009-05-04,29925.433550902722,45545.557983193255,80200.1619164193,15940945.294117639,58503269.229411736
2009-05-05,27927.82221317792,51645.03960585281,74846.56353131683,18075763.862048484,66338053.373717934
2009-05-06,27414.090459558436,51685.8985765476,73469.76243161662,18090064.50179166,66390536.72157539
2009-05-07,28477.36125800674,45125.832359072665,76319.32817145807,15794041.325675432,57964131.665228836
2009-05-08,25876.308880547578,45612.36514592131,69348.50779986751,15964327.801072456,58589083.02993591
2009-05-09,24371.007695027864,45838.59735496508,65314.30062267468,16043509.074237779,58879678.302452646
2009-05-10,24414.1993690055,54128.89148844616,65430.05430893474,18945112.020956155,69528561.11690909
2009-05-11,27442.087451804917,48901.53067095959,73544.79437083717,17115535.734835856,62814016.14684759
2009-05-12,26522.096719945624,35119.90732638312,71079.21920945428,12291967.564234091,45111520.96073911
2009-05-13,29642.86304338985,53426.49090491135,79442.8729562848,18699271.81671897,68626327.56735861
2009-05-14,28384.17138553645,58691.067981066495,76069.57931323769,20541873.79337327,75388676.8216799
2009-05-15,28259.454845668144,44834.21660927701,75735.33898639063,15691975.813246952,57589551.23461632
2009-05-16,23683.086698849005,58735.81785166923,63470.67235291534,20557536.24808423,75446158.03046912
2009-05-17,24996.5306224315,45322.31842735366,66990.70206811643,15862811.44957378,58216518.01993577
2009-05-18,27602.74909623486,62225.016995842336,73975.36757790943,21778755.948544815,79928034.33115947
2009-05-19,28271.10626097423,54013.319305325334,75766.56477941094,18904661.756863866,69380108.64769039
2009-05-20,27125.720223643715,49459.2759098233,72696.93019936516,17310746.568438154,63530439.90616802
2009-05-21,23407.79429512238,54618.12502204691,62732.88871092798,19116343.757716417,70156981.59081925
2009-05-22,29192.980636249864,50020.7759926813,78237.18810514965,17507271.597438455,64251686.762599126
2009-05-23,31041.966926415604,67978.79592661644,83192.47136279382,23792578.574315753,87318763.36773881
2009-05-24,28120.017160376643,55762.17690243846,75361.6459898094,19516761.91585346,71626516.23118219
2009-05-25,26544.069806859654,51611.528045373896,71138.10708238388,18064034.81588086,66295007.77428276
2009-05-26,25708.472596494277,53761.418829289716,68898.70655860467,18816496.5902514,69056542.48622264
2009-05-27,28097.259933203935,57659.379718313074,75300.65662098656,20180782.901409574,74063473.24817313
2009-05-28,24985.614490321128,53901.245141038846,66961.44683406063,18865435.799363595,69236149.38366438
2009-05-29,24899.341862406043,63591.4699282056,66730.2361912482,22257014.47487196,81683243.12278008
2009-05-30,25953.29612535049,57472.41428212177,69554.83361593932,20115344.998742618,73823316.1453854
2009-05-31,25444.173893388026,58275.52719524933,68190.38603427992,20396434.518337265,74854914.68229777
2009-06-01,22554.196915368437,57812.9633082557,60445.24773318741,20234537.157889493,74260751.36945444
2009-06-02,25224.656402975994,67632.21793097269,67602.07915997566,23671276.275840443,86873583.93233442
2009-06-03,21752.055044219513,62431.477164677,58295.5075185083,21851017.00763695,80193232.41802761
2009-06-04,24097.538773450124,61444.17057884437,64581.403912846334,21505459.702595532,78925037.1085256
2009-06-05,20202.856768322352,54473.95028741208,54143.65613910391,19065882.600594226,69971789.1441808
2009-06-06,23913.74569679131,64193.581070327884,64088.83846740071,22467753.37461476,82456654.88483617
2009-06-07,22896.33186297555,62280.705790911095,61362.16939277447,21798247.026818883,79999566.5884253
2009-06-08,24114.507878704248,62564.21791656058,64626.88111492739,21897476.2707962,80363737.91382204
2009-06-09,24138.528321876132,60714.404483716884,64691.255902628036,21250041.56930091,77987652.55933434
2009-06-10,21937.92915350601,79998.41218715766,58793.65013139611,27999444.26550518,102757960.45440401
2009-06-11,22167.80757711497,61346.64307433325,59409.724306668126,21471325.076016635,78799763.02898104
2009-06-12,23662.638253390858,67690.19591553445,63415.870519087504,23691568.570437055,86948056.65350398
2009-06-13,25848.373817498377,67848.2597189172,69273.64183089565,23746890.901621014,87151089.60894912
2009-06-14,25282.196480010538,68880.61278984597,67756.28656642824,24108214.47644609,88477147.12855715
2009-06-15,22566.27839050843,76525.6996040391,60477.626086562595,26783994.86141368,98297261.14138821
2009-06-16,22289.43737157496,69853.55607834138,59735.6921558209,24448744.627419483,89726892.7826295
2009-06-17,23114.92757577848,61355.47612469404,61948.005903086334,21474416.643642914,78811109.08216949
2009-06-18,20686.50375459959,68807.39249206347,55439.83006232691,24082587.372222215,88383095.65605552
2009-06-19,18858.84748484904,73302.2457804376,50541.71125939543,25655786.02315316,94156734.70497209
2009-06-20,22185.962622851162,56689.609709436394,59458.379829241116,19841363.398302738,72817803.67177105
2009-06-21,19545.51192045117,68949.48559061214,52381.971946809135,24132319.95671425,88565614.24114129
2009-06-22,22655.50713136943,68048.31838786039,60716.75911207008,23816911.435751133,87408064.96920666
2009-06-23,20856.10517949036,72300.22249915732,55894.36188103417,25305077.874705058,92869635.80016756
2009-06-24,20231.640384888844,70016.55202388579,54220.79623150211,24505793.208360024,89936261.07468128
2009-06-25,22644.71215079712,68528.29383597178,60687.82856413629,23984902.842590123,88024593.43230575
2009-06-26,21212.08238382342,66083.8371901312,56848.38078864677,23129343.016545918,84884688.87072352
2009-06-27,18521.761578993686,62404.32772001544,49638.32103170308,21841514.702005405,80158358.95635983
2009-06-28,19285.094929631654,74540.45207807832,51684.054411412835,26089158.22732741,95747210.69429159
2009-06-29,19715.82095883283,72395.56446034482,52838.400169671986,25338447.561120685,92992102.54931292
2009-06-30,19302.394310099677,68618.28733621974,51730.41675106714,24016400.56767691,88140190.08337426
2009-07-01,22120.48065208672,78973.40950151076,59282.88814759241,27640693.325528763,101441344.50469056
2009-07-02,18216.834460764792,63447.77619983009,48821.11635484965,22206721.66994053,81498668.52868176
2009-07-03,19284.577264684256,65720.43399207648,51682.66706935381,23002151.897226766,84417897.46282223
2009-07-04,20016.974979603438,74215.56006724978,53645.49294533722,25975446.02353742,95329886.90638232
2009-07-05,18070.3436350274,70694.88956601536,48428.52094187343,24743211.348105375,90807585.64754672
2009-07-06,18621.334910015245,77933.5971042413,49905.17755884086,27276758.986484453,100105705.48039794
2009-07-07,16273.354801442452,70591.50624892102,43612.59086786577,24707027.187122356,90674789.77673905
2009-07-08,16404.638538565312,65794.86816320001,43964.431283355036,23028203.85712,84513508.1556304
2009-07-09,18286.05548822314,78869.30893608506,49006.628708438024,27604258.127629768,101307627.32840125
2009-07-10,22241.69050236735,75912.56996984975,59607.7305463445,26569399.48944741,97509696.126272
2009-07-11,18981.236763879177,65993.01450287437,50869.71452719619,23097555.07600603,84768027.12894212
2009-07-12,17752.013781282978,68458.32077247913,47575.39693383838,23960412.270367693,87934713.03224944
2009-07-13,17703.921879035184,63273.274513665165,47446.510635814295,22145646.079782806,81274521.1128029
2009-07-14,21117.834921347974,62686.95903327629,56595.797589212576,21940435.6616467,80521398.87824339
2009-07-15,19315.943845782112,66092.16438038369,51766.729506696065,23132257.533134293,84895385.14660285
2009-07-16,19431.01558711239,68041.87141627644,52075.12177346121,23814654.995696753,87399783.83420709
2009-07-17,15471.924698358407,65089.909734913264,41464.75819160054,22781468.40721964,83607989.05449608
2009-07-18,14794.434903571273,64759.83491423437,39649.08554157102,22665942.219982028,83184007.94733404
2009-07-19,17168.584827718063,64127.33992105207,46011.80733828441,22444568.972368225,82371568.12859139
2009-07-20,18473.6679202779,65938.41183101165,49509.43002634478,23078444.140854076,84697889.99693446
2009-07-21,17582.027276169516,55690.29562448952,47119.8331001343,19491603.468571328,71534184.72965677
2009-07-22,13487.197206029656,69252.37442224727,36145.68851215948,24238331.047786545,88954674.94537662
2009-07-23,14512.63414612073,52990.88732906071,38893.85951160356,18546810.56517125,68066794.77417849
2009-07-24,12502.04680877826,66395.02276244068,33505.48544752574,23238257.966854237,85284406.73835506
2009-07-25,14478.748866725546,65758.91713741276,38803.04696282447,23015620.998094466,84467329.06300668
2009-07-26,16652.668492443918,57455.27309445027,44629.151559749705,20109345.583057594,73801298.28982137
2009-07-27,14948.483341642115,69078.81746661631,40061.93535560087,24177586.11331571,88731741.03586864
2009-07-28,16398.90161999765,53795.425671137986,43949.05634159371,18828398.984898295,69100224.27457674
2009-07-29,15169.011775591796,55465.404699152714,40652.95155858601,19412891.644703448,71245312.33606166
2009-07-30,16700.48068457036,58775.80521779689,44757.28823464857,20571531.82622891,75497521.8022601
2009-07-31,14907.653165362251,56338.192970478325,39952.51048317084,19718367.539667413,72366408.8705794
2009-08-01,15144.055817676433,55250.70645354519,40586.06959137284,19337747.258740813,70969532.43957879
2009-08-02,12328.965702690026,61756.90312010418,33041.628083209274,21614916.09203646,79326742.0577738
2009-08-03,13745.15109807828,58686.84622859149,36837.004942849795,20540396.18000702,75383253.98062575
2009-08-04,12162.871878045236,55713.33234796899,32596.496633161234,19499666.321789145,71563775.40096617
2009-08-05,9480.824060222367,52513.53003048147,25408.608481395946,18379735.510668512,67453629.32415344
2009-08-06,13976.50005434947,53416.90691196704,37457.020145656585,18695917.419188462,68614016.92842166
2009-08-07,13786.95190507416,59079.75496453102,36949.03110559875,20677914.237585854,75887945.25194009
2009-08-08,9653.89317964508,53121.07278276205,25872.433721448815,18592375.473966718,68234017.98945785
2009-08-09,11781.183198181148,57096.31860640612,31573.57097112548,19983711.512242142,73340221.24992865
2009-08-10,15808.298634547995,56003.81069167522,42366.24034058863,19601333.74208633,71936894.83345683
2009-08-11,12451.771544089948,50117.899451945086,33370.747738161066,17541264.80818078,64376441.846023455
2009-08-12,16090.722737278205,57498.64755431768,43123.13693590559,20124526.644011185,73857012.78352104
2009-08-13,11431.375433436948,50309.123361575526,30636.086161611023,17608193.176551435,64622068.95794377
2009-08-14,9523.256352653743,42530.83005757004,25522.327025112034,14885790.520149512,54630851.20894871
2009-08-15,11486.840851287481,55584.41106434323,30784.73348145045,19454543.87252013,71398176.01214887
2009-08-16,9736.85962779084,47208.066420727926,26094.783802479455,16522823.247254772,60638761.31742501
2009-08-17,11404.654483974864,48132.251044157965,30564.47401705264,16846287.86545529,61825876.46622091
2009-08-18,14724.093703010993,41631.21652189056,39460.571124069465,14570925.782661695,53475297.62236842
2009-08-19,11349.333399930763,43295.66109456746,30416.213511814447,15153481.383098612,55613276.6759719
2009-08-20,14250.916637423496,43976.30186069338,38192.45658829497,15391705.651242683,56487559.74006064
2009-08-21,13422.513770222513,40576.61852580789,35972.33690419634,14201816.484032763,52120666.49640024
2009-08-22,12054.413234235117,39688.974468736276,32305.827467750114,13891141.064057697,50980487.705091745
2009-08-23,12690.263303008378,35884.27918996675,34009.90565206246,12559497.716488363,46093356.61951229
2009-08-24,10298.45948510488,49484.34372717384,27599.871420081083,17319520.304510843,63562639.51755479
2009-08-25,10920.304999781398,50974.283470983195,29266.41739941415,17840999.214844115,65476467.1184779
2009-08-26,9757.201904710671,34622.70619564394,26149.3011046246,12117947.16847538,44472866.10830464
2009-08-27,12310.304660305595,38986.91198593764,32991.616489618995,13645419.195078174,50078688.445936896
2009-08-28,12639.424829777447,38179.349344500566,33873.65854380356,13362772.270575197,49041374.23301097
2009-08-29,9975.549829171832,39483.8650501695,26734.473542180513,13819352.767559323,50717024.65694272
2009-08-30,10759.764764973048,39952.05335711074,28836.16957012777,13983218.674988758,51318412.53720874
2009-08-31,7959.461674858334,43380.25356265064,21331.357288620336,15183088.746927723,55721935.701224744
2009-09-01,10424.06299621312,41628.23163698751,27936.488829851165,14569881.07294563,53471463.53771046
2009-09-02,11333.321551373972,28875.265264071295,30373.30175768225,10106342.842424951,37090278.23169957
2009-09-03,10222.536999401513,37734.54996799862,27396.399158396056,13207092.488799514,48470029.43389422
2009-09-04,10999.876594504227,28758.47211444279,29479.66927327133,10065465.240054974,36940257.43100175
2009-09-05,10510.094444128104,28910.46429965848,28167.05311026332,10118662.504880467,37135491.392911315
2009-09-06,11495.722165933827,35744.17834290545,30808.535404702656,12510462.420016905,45913397.08146204
2009-09-07,12779.409730802965,30768.596073327495,34248.81807855195,10769008.625664623,39522261.656189166
2009-09-08,12663.735054194136,30536.565005579367,33938.80994524029,10687797.751952779,39224217.7496667
2009-09-09,9093.449153600954,36020.37976922261,24370.443731650557,12607132.919227913,46268177.81356644
2009-09-10,10590.384260048677,27787.126256688065,28382.229816930456,9725494.189840822,35692563.67671581
2009-09-11,9853.777507827182,21068.860803356074,26408.12372097685,7374101.281174625,27062951.701910876
2009-09-12,9783.649451232928,33199.74628829828,26220.18052930425,11619911.200904397,42645074.10731914
2009-09-13,9083.84698378672,34440.07418460155,24344.70991654841,12054025.964610543,44238275.29012069
2009-09-14,8403.708078678417,31295.910287038198,22521.93765085816,10953568.600463368,40199596.76370056
2009-09-15,10578.35202033618,32817.9503495717,28349.983414500966,11486282.622350095,42154657.22402485
2009-09-16,10961.224343440846,33435.558040512486,29376.08124042147,11702445.31417937,42947974.303038284
2009-09-17,12991.095016407582,37965.249066359356,34816.13464397232,13287837.173225773,48766362.42573859
2009-09-18,10333.642330422466,31900.997844775397,27694.161445532212,11165349.245671388,40976831.73161399
2009-09-19,6524.2761962364175,36648.84627149098,17485.0602059136,12827096.195021842,47075443.03573016
2009-09-20,12638.813155449338,20146.605998550258,33872.019256604224,7051312.09949259,25878315.405137803
2009-09-21,9160.031493963219,37044.76444264086,24548.884403821427,12965667.554924298,47583999.926572174
2009-09-22,7081.560442796375,36534.05715311718,18978.581986694287,12786920.003591012,46927996.41317902
2009-09-23,11359.117602673101,25589.262762106096,30442.43517516391,8956241.966737134,32869408.01792528
2009-09-24,11243.8824942704,26054.76396647571,30133.605084644674,9119167.388266498,33467344.314938046
2009-09-25,7006.644423272928,29422.2302391237,18777.80705437145,10297780.583693294,37792854.74215439
2009-09-26,5309.865231697309,17111.639999991785,14230.43882094879,5989073.999997125,21979901.57998945
2009-09-27,12421.346140492435,26014.11153968605,33289.20765651973,9104939.038890118,33415126.272726733
2009-09-28,11129.003465838985,29472.32019728015,29825.72928844848,10315312.069048053,37857195.29340635
2009-09-29,10782.877365468625,40831.338827138265,28898.111339455914,14290968.589498393,52447854.7234591
2009-09-30,7739.745988091276,33711.62694407946,20742.51924808462,11799069.43042781,43302584.80967006
2009-10-01,10322.019256519134,26128.144839033426,27663.01160747128,9144850.693661697,33561602.04573843
2009-10-02,9205.431362580413,29371.271736478047,24670.55605171551,10279945.107767316,37727398.545506045
2009-10-03,11434.97277721066,20191.170094976682,30645.72704292457,7066909.533241838,25935557.986997545
2009-10-04,9839.870610313154,31808.927039270748,26370.853235639253,11133124.463744761,40858566.78194328
2009-10-05,10558.475732672036,31490.993916275384,28296.71496356106,11021847.870696383,40450181.685455725
2009-10-06,8554.822761637928,31153.388014980093,22926.925001189647,10903685.805243032,40016526.90524193
2009-10-07,9587.042311963429,33822.577175797676,25693.27339606199,11837902.011529187,43445100.38231211
2009-10-08,7917.4735191981,35522.67278225938,21218.82903145091,12432935.473790783,45628873.188812174
2009-10-09,8570.239737646298,35941.090417715626,22968.24249689208,12579381.646200467,46166330.64155571
2009-10-10,8772.434586485475,29675.137027317523,23510.124691781075,10386297.959561132,38117713.511589356
2009-10-11,8043.259961690977,26934.098370672655,21555.93669733182,9426934.429735428,34596849.35712902
2009-10-12,10245.987131670388,37521.566294055636,27459.24551287664,13132548.20291947,48196451.90471446
2009-10-13,6006.5382534812425,35262.03605349616,16097.52251932973,12341712.618723655,45294085.31071582
2009-10-14,9671.791995121406,34739.76833024157,25920.402546925372,12158918.915584547,44623232.42019529
2009-10-15,10923.873476518116,32824.533689480755,29275.980917068555,11488586.791318264,42163113.524138026
2009-10-16,10756.405485948966,33392.740247779766,28827.16670234323,11687459.086722916,42892974.8482731
2009-10-17,6800.129616084475,40180.698937334426,18224.347371106393,14063244.628067048,51612107.78500607
2009-10-18,11570.920405623476,36126.30179963818,31010.066687070917,12644205.629873363,46404234.66163524
2009-10-19,9220.746790400486,34089.72126974047,24711.601398273306,11931402.444409164,43788246.97098163
2009-10-20,9313.602316186845,34746.945214555875,24960.454207380746,12161430.825094555,44632451.12809701
2009-10-21,15004.002918799375,45366.565033589584,40210.72782238233,15878297.761756355,58273352.78564582
2009-10-22,12854.324553006089,34776.57294350853,34449.58980205632,12171800.530227983,44670507.945936695
2009-10-23,11397.9723585396,33721.440261230935,30546.565920886133,11802504.091430828,43315190.015551135
2009-10-24,10913.145485466068,36095.302790152535,29247.229901049064,12633355.976553386,46364416.43395092
2009-10-25,14775.243688913793,41110.72538741551,39597.65308628897,14388753.885595426,52806726.76013521
2009-10-26,12492.057627497965,42924.081342362406,33478.714441694545,15023428.46982684,55135982.4842645
2009-10-27,8430.88597861716,45428.133945957845,22594.77442269399,15899846.881085245,58352438.05358285
2009-10-28,11829.982734912584,33882.272661196876,31704.35372956573,11858795.431418905,43521779.233307384
2009-10-29,13127.341061291325,46604.96621692522,35181.274044260754,16311738.175923826,59864079.10564044
2009-10-30,12635.47038371686,43482.74294946436,33863.060628361185,15218960.032312524,55853583.31858696
2009-10-31,13485.080749392184,39242.615498731815,36140.016408371055,13734915.424556134,50407139.608121015
2009-11-01,11605.09926239432,50645.26711081124,31101.66602321678,17725843.488783933,65053845.603837036
2009-11-02,9134.600045215202,46302.376378546716,24480.728121176744,16205831.73249135,59475402.45824325
2009-11-03,11719.700266553225,49418.15947248844,31408.796714362645,17296355.815370955,63477625.8424114
2009-11-04,14219.254712524824,49149.38527856604,38107.60262956653,17202284.84749811,63132385.390318066
2009-11-05,14455.56328261349,50510.951855673884,38740.909597404156,17678833.14948586,64881317.65861311
2009-11-06,10551.057150216568,46185.42289747871,28276.833162580402,16164898.014117548,59325175.7118114
2009-11-07,7988.515642756505,54238.024629832806,21409.221922587436,18983308.62044148,69668742.63702023
2009-11-08,14293.814070059434,53637.56643071452,38307.421707759284,18773148.25075008,68897454.0802528
2009-11-09,13980.50803298101,58950.962878229926,37467.76152838911,20632837.00738047,75722511.81708632
2009-11-10,9335.236104612379,56249.82194342004,25018.43276036118,19687437.68019701,72252896.28632303
2009-11-11,15871.930024166533,48697.57177898763,42536.77246476631,17044150.12264567,62552030.9501096
2009-11-12,12343.432737235522,47461.44401355334,33080.3997357912,16611505.404743666,60964224.835409254
2009-11-13,13765.792430522062,54127.59090035724,36892.32371379913,18944656.815125033,69526890.51150887
2009-11-14,10775.816557655524,51861.70493721916,28879.188374516805,18151596.728026703,66616359.991858
2009-11-15,13048.415395748609,52877.26741196126,34969.753260606274,18507043.59418644,67920849.99066423
2009-11-16,15602.349223011808,59468.1183833366,41814.29591767165,20813841.43416781,76386798.06339586
2009-11-17,12038.099541381069,56239.23757627608,32262.106770901268,19683733.151696626,72239300.66672662
2009-11-18,10153.460364908891,55624.793926485116,27211.27377795583,19468677.874269787,71450047.79857011
2009-11-19,11362.245740255627,59003.505872164584,30450.81858388508,20651227.055257604,75790003.2927954
2009-11-20,15737.78295960548,58366.059377952006,42177.25833174269,20428120.7822832,74971203.27097934
2009-11-21,15041.165826811313,64297.26618912255,40310.324415854324,22504043.166192893,82589838.41992791
2009-11-22,13329.00073059437,59245.02575016157,35721.721957992915,20735759.01255655,76100235.57608253
2009-11-23,19777.084108379186,55224.35618478994,53002.585410456224,19328524.664676476,70935685.51936267
2009-11-24,14725.925691672666,56055.111377133864,39465.48085368275,19619288.98199685,72002790.56392844
2009-11-25,13350.616846754561,60436.15785014608,35779.65314930223,21152655.24755113,77630244.75851265
2009-11-26,15909.573006318555,61575.86817153272,42637.655656933726,21551553.86003645,79094202.66633378
2009-11-27,13850.730239637734,74443.32325187363,37119.95704222913,26055163.13815577,95622448.71703167
2009-11-28,14127.849475660936,50835.552751403084,37862.63659477131,17792443.462991077,65298267.50917725
2009-11-29,13099.302531585341,54660.289924445504,35106.13078464872,19131101.473555926,70211142.40795025
2009-11-30,12759.465093517945,61373.34435410603,34195.3664506281,21480670.52393711,78834060.82284918
2009-12-01,15104.412272684385,66096.65875312514,40479.82489079415,23133830.5635938,84901158.16838925
2009-12-02,16560.033519366425,67547.67093103394,44380.88983190202,23641684.82586188,86764983.31091309
2009-12-03,14802.184089049759,60956.17638501841,39669.85335865336,21334661.73475644,78298208.56655613
2009-12-04,17807.73191375804,62314.23472609745,47724.72152887155,21809982.154134106,80042634.50567217
2009-12-05,17070.293716896555,66978.83324330137,45748.38716128277,23442591.635155477,86034311.30102059
2009-12-06,15447.1168436193,63077.78581485011,41398.27314089973,22077225.035197537,81023415.87917496
2009-12-07,14558.825134776185,66758.74943985356,39017.65136120018,23365562.303948745,85751613.65549189
2009-12-08,17929.53256849371,60301.19842192283,48051.14728356314,21105419.44767299,77456889.37295987
2009-12-09,16323.825917496206,62399.08876350837,43747.85345888983,21839681.06722793,80151629.5167265
2009-12-10,15968.914365641289,62330.102655804774,42796.69049991866,21815535.92953167,80063016.86138123
2009-12-11,16996.531563615743,75987.79245957047,45550.7045904902,26595727.360849664,97606319.41431826
2009-12-12,16220.357465228044,75458.74645935427,43470.55800681116,26410561.26077399,96926759.82704054
2009-12-13,20141.52983647867,67118.4203748943,53979.29996176284,23491447.131213002,86213610.97155172
2009-12-14,18474.158847211318,78692.99245396617,49510.74571052634,27542547.358888157,101081148.80711953
2009-12-15,17545.933394212243,71507.09187040327,47023.101496488816,25027482.15464114,91850859.50753298
2009-12-16,17231.76480425749,67181.16760614926,46181.12967541008,23513408.66215224,86294209.79009871
2009-12-17,17411.03120944787,64923.8416443296,46661.56364132029,22723344.57551536,83394674.59214137
2009-12-18,20457.393332821342,68469.09793725735,54825.814131961204,23964184.27804007,87948556.30040705
2009-12-19,18406.256035572587,74977.9999980991,49328.76617533454,26242299.999334686,96309240.9975583
2009-12-20,20984.505821008526,68877.86845028882,56238.47560030285,24107253.957601085,88473622.02439599
2009-12-21,18799.002766090656,65947.42380951966,50381.32741312296,23081598.33333188,84709465.88332799
2009-12-22,18861.434634694404,71452.51441293104,50548.644820981004,25008380.04452586,91780754.76340991
2009-12-23,16176.239806985022,73589.09178505503,43352.32268271986,25756182.12476926,94525188.39790317
2009-12-24,19248.70434927366,77030.29186681434,51586.52765605341,26960602.15338502,98945409.90292302
2009-12-25,16838.8577565505,74030.77854325347,45128.13878755534,25910772.490138713,95092535.03880908
2009-12-26,20507.389400718366,69055.30546196288,54959.80359392522,24169356.911687005,88701539.86589131
2009-12-27,19640.276894681185,70515.40665036482,52635.94207774558,24680392.327627685,90577039.8423936
2009-12-28,18220.172527792147,66968.66261603206,48830.06237448296,23439031.91561122,86021247.13029318
2009-12-29,20772.68694804439,67516.94038028787,55670.80102075897,23630929.13310075,86725509.91847976
2009-12-30,20400.813560271148,68325.14605006999,54674.18034152668,23913801.117524493,87763650.10131489
2009-12-31,20411.885809939173,76361.54314382814,54703.853970636985,26726540.10033985,98086402.16824724
2010-01-01,18597.274985117772,64678.50068151692,49840.69696011563,22637475.23853092,83079534.12540847
2010-01-02,19564.099849083563,59994.058253286334,52431.78759554395,20997920.388650216,77062367.8263463
2010-01-03,19375.965478364087,71365.29947396237,51927.587482015755,24977854.815886825,91668727.17430465
2010-01-04,18102.20493302612,75762.61492917761,48513.90922051001,26516915.225212164,97317078.87652864
2010-01-05,19965.129522040857,70853.0375085561,53506.5471190695,24798563.127994634,91010726.67974031
2010-01-06,19952.704670233874,65893.68072447352,53473.248516226784,23062788.253565732,84640432.89058624
2010-01-07,23460.278511019125,64379.92872791519,62873.546409531256,22532975.054770317,82696018.45100707
2010-01-08,26299.36336064393,80161.60289808472,70482.29380652573,28056561.01432965,102967578.92258981
2010-01-09,20131.2879538525,66642.02125220369,53951.85171632471,23324707.438271288,85601676.29845563
2010-01-10,18671.090591360015,74723.05214249271,50038.52278484484,26153068.249872446,95981760.47703187
2010-01-11,23993.04677005451,61651.45643396834,64301.36534374609,21578009.75188892,79191295.78943233
2010-01-12,23973.221012936207,69029.98280843886,64248.23231466904,24160493.982953597,88669012.9174397
2010-01-13,26368.561563888343,72622.74368735618,70667.74499122077,25417960.290574666,93283914.26640902
2010-01-14,22739.49969883122,64030.960827174036,60941.85919286767,22410836.289510913,82247769.18250506
2010-01-15,21267.50992340572,61606.76879534342,56996.92659472733,21562369.078370195,79133894.51761861
2010-01-16,21179.109578024094,54480.51824708133,56760.01366910458,19068181.386478465,69980225.68837596
2010-01-17,23690.50823852348,59919.43828378834,63490.562079242925,20971803.39932592,76966518.47552612
2010-01-18,21731.837246946783,60923.53477597322,58241.32382181738,21323237.171590623,78256280.41973758
2010-01-19,20712.928502979434,48308.51457944719,55510.64838798488,16907980.102806516,62052286.977299914
2010-01-20,21716.51446994825,59715.55323418982,58200.25877946132,20900443.63196644,76704628.12931682
2010-01-21,25795.625209544552,64309.92055062105,69132.2755615794,22508472.192717366,82606092.94727273
2010-01-22,23414.79093511437,57143.64669368496,62751.63970610652,20000276.342789736,73401014.17803833
2010-01-23,24477.284797563065,64454.0619497542,65599.12325746902,22558921.68241397,82791242.57445927
2010-01-24,25142.788592232082,66979.08546075739,67382.67342718199,23442679.911265083,86034635.27434285
2010-01-25,24347.847438781613,53932.99253444481,65252.23113593473,18876547.387055684,69276928.91049436
2010-01-26,24841.596427895038,57031.22937444619,66575.47842675871,19960930.281056166,73256614.13147613
2010-01-27,24208.96191732812,57521.11223404453,64880.01793843937,20132389.281915583,73885868.66463019
2010-01-28,27000.3570019818,59348.68388566991,72360.95676531123,20772039.35998447,76233384.451143
2010-01-29,24567.73704796567,52005.26026953901,65841.535288548,18201841.09433865,66800756.816222854
2010-01-30,29608.000965862193,49932.18038020115,79349.44258851068,17476263.1330704,64137885.69836837
2010-01-31,25226.248885130077,40356.70820309073,67606.34701214862,14124847.871081756,51838191.686870046
2010-02-01,28621.151008116325,58418.220687202826,76704.68470175176,20446377.240520988,75038204.47271203
2010-02-02,29047.804068804777,46619.825037705275,77848.1149043968,16316938.763196845,59883165.260932416
2010-02-03,24058.861296867348,46707.70345286558,64477.7482756045,16347696.208502952,59996045.08520583
2010-02-04,26755.397387634126,42405.501277272335,71704.46499885946,14841925.447045317,54469866.390656315
2010-02-05,28203.32620019763,52412.528635223694,75584.91421652965,18344385.02232829,67323893.03194483
2010-02-06,25519.959554874327,50918.25383812101,68393.4916070632,17821388.843342353,65404497.05506644
2010-02-07,27724.631905040187,40513.63287575913,74302.01350550771,14179771.506515695,52039761.4289126
2010-02-08,26063.470960353534,52544.38242782935,69850.10217374748,18390533.84974027,67493259.2285468
2010-02-09,27487.95819447892,51357.01684324695,73667.7279612035,17974955.89513643,65968088.1351507
2010-02-10,25603.830371360575,45754.58482450349,68618.26539524634,16014104.68857622,58771764.207074724
2010-02-11,26481.81999259794,40861.88556054762,70971.27758016248,14301659.946191667,52487092.002523415
2010-02-12,27323.603423952343,39284.65696993183,73227.25717619229,13749629.939476138,50461141.87787743
2010-02-13,24275.964288243842,44352.35321512929,65059.5842924935,15523323.62529525,56970597.70483357
2010-02-14,24698.587311094874,47003.07947816227,66192.21399373427,16451077.817356791,60375455.589699425
2010-02-15,28058.562665359244,43138.847367855,75196.94794316278,15098596.578749249,55411849.44400974
2010-02-16,26562.13023220624,48207.47178338461,71186.50902231273,16872615.124184612,61922497.505757526
2010-02-17,24845.8221292351,42174.05155984204,66586.80330635008,14760918.045944711,54172569.22861709
2010-02-18,26921.443145905254,39844.080772149784,72149.46763102608,13945428.270252425,51179721.7518264
2010-02-19,32660.680779948532,43470.9724223449,87530.62449026207,15214840.347820714,55838464.07650202
2010-02-20,26771.569451293075,45670.89606976978,71747.80612946545,15984813.624419421,58664266.00161927
2010-02-21,28769.96195786045,47919.5327031504,77103.49804706601,16771836.446102638,61552639.75719668
2010-02-22,24996.68545125735,35320.0462324104,66991.1170093697,12362016.18134364,45368599.38553116
2010-02-23,28749.99234062067,35978.251724099646,77049.9794728634,12592388.103434874,46214064.33960599
2010-02-24,27384.823096246946,38606.82466023655,73391.32589794182,13512388.63108279,49590466.276073836
2010-02-25,27162.4272120649,39315.896799935115,72795.30492833394,13760563.87997729,50501269.43951665
2010-02-26,27958.806015326027,44465.765014569435,74929.60012107376,15563017.7550993,57116275.16121443
2010-02-27,25862.034678882643,35294.365700408474,69310.25293940549,12353027.995142965,45335612.74217468
2010-02-28,28585.65606251864,35645.495420650535,76609.55824754995,12475923.397227686,45786638.867825605
2010-03-01,27724.205218950847,29963.215196782025,74300.86998678827,10487125.318873707,38487749.9202665
2010-03-02,30700.145644473618,33145.20407980807,82276.3903271893,11600821.427932825,42575014.640513465
2010-03-03,29088.557724170252,40924.88717353868,77957.33470077628,14323710.510738537,52568017.57441043
2010-03-04,23933.638442247706,39563.650454593466,64142.15102522386,13847277.659107711,50819509.0089253
2010-03-05,29483.781494865936,37197.4489725686,79016.53440624071,13019107.140399009,47780123.20526436
2010-03-06,26928.11873959942,24509.414834861967,72167.35822212645,8578295.192201689,31482343.355380196
2010-03-07,27455.24638393562,45369.98213861718,73580.06030894746,15879493.748516012,58277742.05705376
2010-03-08,28325.77297128097,40081.27589379238,75913.07156303301,14028446.56282733,51484398.8855763
2010-03-09,31360.773561825496,37899.90405881824,84046.87314569233,13264966.420586381,48682426.76355202
2010-03-10,29578.923709433744,27924.14394388988,79271.51554128244,9773450.380361458,35868562.89592655
2010-03-11,29834.582462759703,29767.948098634806,79956.68100019601,10418781.834522182,38236929.33269641
2010-03-12,27978.729681478562,29249.300668261436,74982.99554636255,10237255.233891502,37570726.70838181
2010-03-13,31894.135686605878,30678.801146857415,85476.28364010376,10737580.401400095,39406920.07313835
2010-03-14,30126.37140352781,24840.13598522415,80738.67536145453,8694047.594828453,31907154.673020422
2010-03-15,32678.852904183994,23589.570923029678,87579.3257832131,8256349.823060386,30300803.850631617
2010-03-16,27854.764252929574,33349.68390733416,74650.76819785126,11672389.367566956,42837668.97897073
2010-03-17,31588.25713273283,25268.48817097908,84656.52911572398,8843970.859842677,32457373.055622622
2010-03-18,29824.437058707248,29605.316152123254,79929.49131733543,10361860.653243138,38028028.59740231
2010-03-19,25951.1833021182,42230.773133649265,69549.17124967677,14780770.596777242,54245428.09017248
2010-03-20,29617.477740772883,27602.96953034423,79374.84034527134,9661039.335620482,35456014.36172716
2010-03-21,28507.694282659562,28815.569846849274,76400.62067752764,10085449.446397245,37013599.46827789
2010-03-22,33603.984827338674,29071.374296357466,90058.67933726765,10174981.003725113,37342180.28367116
2010-03-23,28742.496591746403,31155.932705807576,77029.89086588037,10904576.447032651,40019795.560609825
2010-03-24,27440.759284248095,32069.508800276042,73541.2348817849,11224328.080096614,41193284.05395457
2010-03-25,29856.099893497234,27243.451786179838,80014.34771457259,9535208.125162942,34994213.819348
2010-03-26,28967.933090322615,31023.31252281325,77634.0606820646,10858159.382984636,39849444.93555362
2010-03-27,29671.95288884748,30555.985608651783,79520.83374211125,10694594.963028124,39249163.51431321
2010-03-28,29036.379573812406,40431.980448811715,77817.49725781726,14151193.1570841,51934878.886498645
2010-03-29,33941.782209680445,21521.83126954863,90963.9763219436,7532640.944342021,27644792.265735216
2010-03-30,31024.194975732564,24363.889027445,83144.84253496327,8527361.159605749,31295415.4557531
2010-03-31,29932.92255059315,31449.414738701147,80220.23243558964,11007295.158545401,40396773.23186162
2010-04-01,29544.104335195352,22233.99779745096,79178.19961832355,7781899.229107835,28559570.170825753
2010-04-02,32640.9226055266,26140.33575074024,87477.6725828113,9149117.512759084,33577261.271825835
2010-04-03,31907.30756771137,26754.870269723055,85511.58428146648,9364204.594403068,34366630.861459255
2010-04-04,29290.26346676752,22590.547078741027,78497.90609093696,7906691.477559358,29017557.722642843
2010-04-05,31442.13122508485,31230.19993739116,84264.9116832274,10930569.978086906,40115191.819578946
2010-04-06,33856.75690474743,32844.263253795136,90736.10850472312,11495492.138828296,42188456.14949985
2010-04-07,27837.232831735524,42261.532481357215,74603.78398905121,14791536.368475026,54284938.472303346
2010-04-08,27960.078304231687,36429.97200159718,74933.00985534092,12750490.200559013,46794299.03605158
2010-04-09,30652.673514576796,28955.547919287786,82149.16501906583,10134441.771750724,37193401.30232516
2010-04-10,29303.059923165478,36173.29907230668,78532.20059408348,12660654.675307339,46464602.65837793
2010-04-11,30736.12836925293,30219.675414559402,82372.82402959785,10576886.39509579,38817173.07000155
2010-04-12,28421.273870131135,33084.47934516035,76169.01397195144,11579567.77080612,42497013.718858466
2010-04-13,29547.50980895996,34532.215011956985,79187.3262880127,12086275.254184943,44356630.182858735
2010-04-14,26728.184291723395,41741.19010050405,71631.53390181871,14609416.535176417,53616558.68409745
2010-04-15,30995.184202388722,32361.991166285392,83067.09366240178,11326696.908199886,41568977.653093584
2010-04-16,27523.605958054533,39688.943546328446,73763.26396758616,13891130.241214955,50980447.985258885
2010-04-17,30497.24701998555,37107.07608435544,81732.62201356128,12987476.629524402,47664039.230354555
2010-04-18,27229.91465711174,36213.796214685775,72976.17128105948,12674828.675140021,46516621.237763874
2010-04-19,31630.853071802067,40690.5491394588,84770.68623242954,14241692.198810581,52267010.36963483
2010-04-20,27917.013168329413,44332.965568141015,74817.59529112284,15516537.948849354,56945694.272277124
2010-04-21,27576.010246373327,41066.64873155869,73903.70746028052,14373327.056045543,52750110.29568715
2010-04-22,30522.259243333607,41047.210109984226,81799.65477213408,14366523.538494479,52725141.38627474
2010-04-23,27541.418051705918,27947.696098092303,73811.00037857186,9781693.634332305,35898815.63799956
2010-04-24,28408.627895473397,35662.58806520183,76135.12275986871,12481905.822820641,45808594.36975175
2010-04-25,27278.983310052343,41612.29934131375,73107.67527094028,14564304.769459812,53450998.50391751
2010-04-26,30643.900590362795,38627.09974752244,82125.6535821723,13519484.911632854,49616509.625692576
2010-04-27,28471.311392697924,44226.18577921118,76303.11453243044,15479165.022723911,56808535.63339675
2010-04-28,26425.33193155435,36932.7552077431,70819.88957656566,12926464.322710084,47440124.06434601
2010-04-29,28337.46756369975,42635.41641735432,75944.41307071534,14922395.74607401,54765192.38809162
2010-04-30,24200.801820570225,47326.7918633361,64858.1488791282,16564377.152167631,60791264.1484552
2010-05-01,30080.308137734035,41758.236139971654,80615.22580912722,14615382.648990078,53638454.321793586
2010-05-02,30306.17898802715,36965.36048754229,81220.55968791277,12937876.1706398,47482005.54624806
2010-05-03,26866.81686827771,38044.89172447769,72003.06920698426,13315712.103567189,48868663.420091584
2010-05-04,30697.95874294297,50523.51304875066,82270.52943108717,17683229.56706273,64897452.51112022
2010-05-05,28255.699527278906,44734.602680272306,75725.27473310748,15657110.938095305,57461597.14280977
2010-05-06,27535.153108717677,45192.320583407796,73794.21033136339,15817312.204192728,58049535.78938731
2010-05-07,27210.26733160169,42982.20117835447,72923.51644869254,15043770.412424063,55210637.41359631
2010-05-08,28816.6570250933,50124.16083691245,77228.64082725006,17543456.292919356,64384484.595014036
2010-05-09,25689.449862279966,45617.090181537336,68847.72563091031,15965981.563538067,58595152.33818471
2010-05-10,27943.407150835243,56939.554558544,74888.33116423845,19928844.095490396,73138857.83044975
2010-05-11,24629.79480033068,55133.46585611827,66007.85006488622,19296713.049641397,70818936.89218393
2010-05-12,32231.671275950503,51083.515279515435,86380.87901954736,17879230.347830404,65616775.37653758
2010-05-13,25986.638846006837,58058.370804932274,69644.19210729832,20320429.781726293,74575977.29893549
2010-05-14,27610.570734148634,43983.19889925909,73996.32956751835,15394119.61474068,56496418.9860983
2010-05-15,28212.069442667093,51108.20348973508,75608.34610634782,17887871.221407276,65648487.3825647
2010-05-16,27100.119553873737,59526.08027053832,72628.32040438162,20834128.094688408,76461250.10750645
2010-05-17,26231.310699432,61425.76373534005,70299.91267447776,21499017.307369016,78901393.5180443
2010-05-18,25905.316527437895,57912.09819551389,69426.24829353356,20269234.36842986,74388090.13213758
2010-05-19,27812.158928831752,58342.82395351793,74536.5859292691,20419988.383731272,74941357.36829376
2010-05-20,24830.287364705397,55851.7964739365,66545.17013741047,19548128.765877772,71741632.57077143
2010-05-21,28396.460329402915,67348.43897896155,76102.51368279982,23571953.642636545,86509069.86847612
2010-05-22,25693.89549112996,52777.65187246545,68859.63991622829,18472178.155362908,67792893.83018187
2010-05-23,27118.22310560557,59430.828175806746,72676.83792302293,20800789.86153236,76338898.79182376
2010-05-24,23022.26087019112,57304.380875069204,61699.6591321122,20056533.30627422,73607477.23402639
2010-05-25,27306.508700785933,71503.86310587973,73181.4433181063,25026352.087057907,91846712.15950252
2010-05-26,27556.363723937364,59143.93959918045,73851.05478015215,20700378.859713156,75970390.41514727
2010-05-27,23933.05372395611,63884.81795071223,64140.58398020238,22359686.28274928,82060048.65768985
2010-05-28,29233.71947901965,63863.36861599752,78346.36820377267,22352179.015599128,82032496.9872488
2010-05-29,26663.062047199233,58821.036610002724,71457.00628649395,20587362.813500952,75555621.52554849
2010-05-30,26229.61522590331,59910.126078529494,70295.36880542088,20968544.12748532,76954556.94787112
2010-05-31,27116.552741070296,63512.54628591937,72672.3613460684,22229391.200071782,81581865.70426343
2010-06-01,24379.320299001407,65070.715948636556,65336.57840132377,22774750.582022794,83583334.63602366
2010-06-02,21549.34314508085,60957.20067842773,57752.23962881668,21335020.237449706,78299524.27144042
2010-06-03,20649.080563402076,72545.12045926039,55339.53590991757,25390792.160741135,93184207.22991997
2010-06-04,24729.59696362208,67522.101048071,66275.31986250718,23632735.366824847,86732138.79624718
2010-06-05,23420.03384464487,56967.547632169124,62765.69070364825,19938641.671259195,73174814.93352124
2010-06-06,22763.13284041262,66954.04583447517,61005.19601230583,23433916.042066306,86002471.87438335
2010-06-07,22371.076325508588,66582.31215597213,59954.48455236302,23303809.254590243,85524979.96434619
2010-06-08,27712.081479132135,71710.81423563708,74268.37836407413,25098784.98247298,92112540.88567583
2010-06-09,24255.975464085303,72582.59007236271,65006.014243748614,25403906.525326945,93232336.94794989
2010-06-10,21432.486945076667,72043.07514542252,57439.06501280547,25215076.30089788,92539330.02429523
2010-06-11,20616.089393176913,70292.38245399728,55251.11957371413,24602333.85889905,90290565.26215951
2010-06-12,25437.434494378704,61655.050225337305,68172.32444493493,21579267.578868054,79195912.01444575
2010-06-13,19952.925863270346,72495.72369037919,53473.84131356453,25373503.291632716,93120757.08029206
2010-06-14,20742.899346467977,68565.96614287441,55590.970248534184,23998088.150006045,88072983.51052219
2010-06-15,21570.810735605908,75225.6877509008,57809.772771423835,26328990.71281528,96627395.91603208
2010-06-16,24945.185356487626,67702.2980931914,66853.09675538684,23695804.33261699,86963601.90070434
2010-06-17,22399.76016163996,61322.25611654955,60031.35723319509,21462789.64079234,78768437.98170789
2010-06-18,20739.905088001753,74544.41433241677,55582.9456358447,26090545.01634587,95752300.20998934
2010-06-19,19582.603558849092,68578.1233856681,52481.37753771557,24002343.18498384,88088599.48889068
2010-06-20,20211.258168287644,71506.45158954205,54166.17189101089,25027258.056339715,91850037.06676675
2010-06-21,24686.27890338739,74594.25284453853,66159.2274610782,26107988.49558848,95816317.77880973
2010-06-22,26139.43714214947,71051.59233156525,70053.69154096059,24868057.316047836,91265770.34989555
2010-06-23,21229.191090383752,75438.99585292497,56894.23212222846,26403648.54852374,96901390.17308211
2010-06-24,20201.363763208796,71496.67746848421,54139.65488539958,25023837.11396947,91837482.20826796
2010-06-25,22939.554010656087,67292.98055691014,61478.00474855832,23552543.194918547,86437833.52535106
2010-06-26,18296.807715996,68848.56753626939,49035.44467886929,24096998.63769428,88435985.000338
2010-06-27,20753.81354756333,71897.79194121186,55620.22030746973,25164227.17942415,92352713.74848664
2010-06-28,18753.041182749414,71480.00731103061,50258.15036976843,25018002.55886071,91816069.39101881
2010-06-29,19489.016334580956,69002.3657151009,52230.563776676965,24150828.000285313,88633538.7610471
2010-06-30,20559.94879035273,66172.44534026217,55100.66275814532,23160355.86909176,84998506.03956676
2010-07-01,22317.899962322965,76042.28353121389,59811.97189902555,26614799.235924862,97676313.19584425
2010-07-02,15796.967282660104,71127.1768106319,42335.87231752908,24894511.883721165,91362858.61325668
2010-07-03,20119.268067710713,67603.88558597177,53919.63842146471,23661359.95509012,86837191.03518075
2010-07-04,17437.049217771124,72566.51561431657,46731.29190362662,25398280.465010796,93211689.30658962
2010-07-05,17392.924027353045,73036.29457719022,46613.03639330616,25562703.102016576,93815120.38440083
2010-07-06,19175.2144305993,68356.6119753654,51389.57467400612,23924814.19137789,87804068.08235686
2010-07-07,17073.661318839768,67783.93702887831,45757.41233449058,23724377.96010741,87068467.11359419
2010-07-08,18126.59535462493,70076.98945892931,48579.275550394814,24526946.31062526,90013892.9599947
2010-07-09,15552.47144287214,69834.66117984103,41680.62346689734,24442131.412944358,89702622.28550579
2010-07-10,16738.42153538669,58165.64565431493,44858.96971483633,20357975.979010224,74713771.84296753
2010-07-11,18514.23689085902,62150.48441757121,49618.154867502184,21752669.546149924,79832297.23437022
2010-07-12,16842.09357781015,66128.34453607792,45136.8107885312,23144920.58762727,84941858.55659208
2010-07-13,16342.144423750633,65081.99832530658,43796.9470556517,22778699.4138573,83597826.84885629
2010-07-14,18128.00134420151,55879.14188817717,48583.04360246006,19557699.66086201,71776757.75536357
2010-07-15,19462.334319109148,60844.10578504005,52159.05597521252,21295437.024764013,78154253.88088392
2010-07-16,14410.217928916742,70094.02492464948,38619.38404949687,24532908.723627314,90035775.01571225
2010-07-17,20037.524113320076,56785.53801389367,53700.56462369781,19874938.304862782,72941023.57884641
2010-07-18,13927.557572518504,67786.2393322732,37325.85429434959,23725183.76629562,87071424.42230493
2010-07-19,18849.04637535878,58879.839215205655,50515.44428596153,20607943.72532198,75631153.47193167
2010-07-20,15134.344541812598,65092.76621533379,40560.043372057764,22782468.175366826,83611658.20359625
2010-07-21,15909.875484102588,67897.35073185388,42638.46629739494,23764072.756148852,87214147.01506628
2010-07-22,14842.217058504422,70161.69125227389,39777.141716791855,24556591.93829586,90122692.4135458
2010-07-23,16479.60496679867,59525.291840175894,44165.341311020435,20833852.14406156,76460237.36870593
2010-07-24,18159.913437578507,56857.394375904216,48668.5680127104,19900088.031566475,73033323.07584897
2010-07-25,13024.53134853265,59051.56343226554,34905.7440140675,20668047.201292936,75851733.22874507
2010-07-26,12536.44164094982,52241.8216187282,33597.66359774552,18284637.566554867,67104619.86925636
2010-07-27,15644.10046710773,65021.48983732621,41926.18925184872,22757521.44306417,83520103.6960455
2010-07-28,12173.602419770505,55209.315847815684,32625.254484984955,19323260.546735488,70916366.20651925
2010-07-29,17358.886657236315,63006.82723894873,46521.816241393324,22052389.533632055,80932269.58842964
2010-07-30,15624.832780156059,48441.374851954235,41874.55185081824,16954481.198183984,62222945.99733522
2010-07-31,15995.047854204495,54976.511495891515,42866.728249268046,19241779.02356203,70617329.01647264
2010-08-01,11311.547134260461,55741.69755565923,30314.94631981804,19509594.144480728,71600210.51024427
2010-08-02,14281.829260786746,52695.3377834853,38275.30241890848,18443368.224219855,67687161.38288687
2010-08-03,14320.309875522906,54043.27729227496,38378.43046640139,18915147.052296236,69418589.68192719
2010-08-04,12702.835318612737,50523.27757904805,34043.59865388214,17683147.15266682,64897150.050287224
2010-08-05,13692.569962128433,47572.47552412099,36696.0874985042,16650366.433442347,61106844.81073341
2010-08-06,14228.02866684642,44668.86249588402,38131.116827148406,15634101.873559408,57377153.875963025
2010-08-07,15354.118837286704,51441.63434922856,41149.038483928365,18004572.022229996,66076779.32158408
2010-08-08,13589.418651216143,52881.814757204236,36419.641985259266,18508635.16502148,67926691.05562882
2010-08-09,13562.699517513618,44028.09541610984,36348.0347069365,15409833.395638445,56554088.56199309
2010-08-10,13762.139355730422,44503.18070649606,36882.53347335753,15576113.24727362,57164335.61749419
2010-08-11,15815.98199802721,45187.19059340426,42386.831754712926,15815516.707691489,58042946.317227766
2010-08-12,13315.894649690545,39598.767406339844,35686.597661170665,13859568.592218945,50864616.73344353
2010-08-13,13519.56190708322,40053.59576793488,36232.42591098303,14018758.518777208,51448843.76391236
2010-08-14,14391.230778446408,44699.29315358955,38568.49848623638,15644752.60375634,57416242.05578577
2010-08-15,12699.041292263682,44228.22252311405,34033.43066326667,15479877.883089915,56811151.830939986
2010-08-16,13126.008405630902,38066.754049930416,35177.70252709082,13323363.917475644,48896745.577135615
2010-08-17,13844.614233104317,41007.68350324316,37103.566144719574,14352689.226135107,52674369.45991584
2010-08-18,13164.930905009754,37451.175591656975,35282.014825426144,13107911.457079941,48106035.047483385
2010-08-19,13400.72821150626,32475.90476751115,35913.95160683678,11366566.668628903,41715299.673868075
2010-08-20,11896.127684395951,43401.83278964491,31881.622194181153,15190641.476375718,55749654.21829888
2010-08-21,12225.268139647209,41939.731716179085,32763.71861425452,14678906.10066268,53871585.389432035
2010-08-22,13007.63275717393,43871.92955903006,34860.45578922613,15355175.34566052,56353493.51857411
2010-08-23,9408.072750025534,38294.076414723335,25213.634970068433,13402926.745153166,49188741.15471212
2010-08-24,12038.938875848158,33528.86886239674,32264.356187273064,11735104.101838859,43067832.05374861
2010-08-25,10194.324054118137,37651.6154508035,27320.788465036607,13178065.407781225,48363500.04655709
2010-08-26,11572.157559635387,42264.37413400827,31013.38225982284,14792530.946902895,54288588.57513362
2010-08-27,10895.906132736473,40261.94912739574,29201.028435733748,14091682.194588508,51716473.654139824
2010-08-28,10364.505704358377,45027.975556583595,27776.87528768045,15759791.444804259,57838434.602431625
2010-08-29,13448.510787274055,38105.90716693514,36042.00890989447,13337067.508427298,48947037.75592818
2010-08-30,14823.539250883914,33789.4788205077,39727.08519236889,11826317.587177694,43402585.54494213
2010-08-31,11304.48143326969,39097.59121584264,30296.01024116277,13684156.925544923,50220855.916749865
2010-09-01,11614.236065260617,39974.849969811345,31126.152654898455,13991197.489433968,51347694.78622267
2010-09-02,11217.026536910054,32817.193219691944,30061.631118918947,11486017.62689218,42153684.690694295
2010-09-03,9519.410230885002,36932.30814592095,25512.019418771804,12926307.85107233,47439549.81343545
2010-09-04,12706.757645957512,38621.78821205985,34054.11049116613,13517625.874220947,49609686.95839088
2010-09-05,9202.429526409001,39306.19786789454,24662.511130776125,13757169.253763087,50488811.16131053
2010-09-06,8430.679418223262,30835.86401915635,22594.220840838345,10792552.406704722,39608667.33260633
2010-09-07,11268.530808503085,29728.44223785012,30199.66256678827,10404954.783247542,38186184.054518476
2010-09-08,9019.50005667644,27720.117330244568,24172.26015189286,9702041.065585598,35606490.71069915
2010-09-09,10483.474541641328,34124.00583770148,28095.711771598762,11943402.043195516,43832285.49852754
2010-09-10,10321.555318275281,32907.5529630645,27661.768252977756,11517643.537072575,42269751.78105635
2010-09-11,12813.0948588342,32727.129574484192,34339.09422167566,11454495.351069467,42037997.938424945
2010-09-12,9798.858671367494,30766.691811648558,26260.941239264885,10768342.134076996,39519815.63206258
2010-09-13,8763.530130287485,41237.15992066781,23486.260749170462,14433005.972233731,52969131.918097794
2010-09-14,8084.431748612004,42759.23195949926,21666.277086280174,14965731.18582474,54924233.4519768
2010-09-15,8853.262108465395,26327.269974746945,23726.74245068726,9214544.49116143,33817378.28256245
2010-09-16,9508.694976468638,26768.130111954983,25483.30253693595,9368845.539184244,34383663.128806174
2010-09-17,10720.170189096656,34306.671572522304,28730.05610677904,12007335.050382806,44066919.6349049
2010-09-18,11393.173776148948,28225.718959471327,30533.705720079182,9879001.635814963,36255936.00344092
2010-09-19,5632.996377752517,22306.94892471293,15096.430292376746,7807432.1236495245,28653275.893793754
2010-09-20,12217.79267951697,39340.411189538216,32743.684381105482,13769143.916338375,50532758.17296183
2010-09-21,9308.930574712544,27777.813403211458,24947.933940229617,9722234.691124009,35680601.316425115
2010-09-22,10559.950845493742,28432.80962837027,28300.668265923232,9951483.369929593,36521943.96764161
2010-09-23,11219.982040902336,25834.31808905734,30069.551869618263,9042011.331170067,33184181.585394148
2010-09-24,10071.535922222482,32727.515593690136,26991.71627155625,11454630.457791546,42038493.780094974
2010-09-25,8539.930308522647,27530.122676315772,22887.013226840696,9635542.93671052,35362442.57772761
2010-09-26,8470.854543020032,26608.48602999967,22701.890175293687,9312970.110499883,34178600.30553457
2010-09-27,11866.160551080011,25534.716160475073,31801.31027689443,8937150.656166274,32799342.908130225
2010-09-28,10511.075121776568,25222.49169742244,28169.681326361206,8827872.094097855,32398290.585339125
2010-09-29,8707.941311522938,34244.45611122968,23337.282714881476,11985559.638930388,43987003.874874525
2010-09-30,11184.821306411126,25792.255430116587,29975.32110118182,9027289.400540804,33130152.09998475
2010-10-01,10532.882181639196,28200.079001818493,28228.124246793046,9870027.650636472,36223001.47783585
2010-10-02,10028.455113552009,31058.234343107513,26876.259704319385,10870382.02008763,39894302.0137216
2010-10-03,12496.0582291186,31499.190549704756,33489.43605403785,11024716.692396665,40460710.26109576
2010-10-04,8945.375160677799,30278.354968055803,23973.605430616502,10597424.23881953,38892546.95646767
2010-10-05,6946.980747829133,25588.773439964072,18617.90840418208,8956070.703987423,32868779.483633842
2010-10-06,10712.56359393706,27368.27977013457,28709.670431751325,9578897.919547098,35154555.364737846
2010-10-07,9070.405885810003,38084.70473663778,24308.68777397081,13329646.657823222,48919803.23421122
2010-10-08,11205.105425769487,34437.853803320766,30029.682541062226,12053248.831162266,44235423.21036552
2010-10-09,12114.407810551624,27155.09702222042,32466.612932278353,9504283.957777146,34880722.125042126
2010-10-10,9636.767652136437,32961.86631243874,25826.537307725655,11536653.209353557,42339517.278327554
2010-10-11,9455.74529105718,29114.63314845132,25341.397380033242,10190121.601957962,37397746.27918572
2010-10-12,12652.017290879705,31692.523744163922,33907.40633955761,11092383.310457373,40709046.74937856
2010-10-13,12535.85270974677,37382.5489039941,33596.08526212135,13083892.116397936,48017884.067180425
2010-10-14,10717.098941274897,44310.29653600078,28721.825162616726,15508603.787600271,56916575.900492996
2010-10-15,8718.593417612667,33017.531858671755,23365.830359201947,11556136.150535114,42411019.67246387
2010-10-16,13526.111378696809,25704.74096454584,36249.97849490745,8996659.337591043,33017739.768959127
2010-10-17,11236.619829387466,45054.33352789977,30114.14114275841,15769016.734764919,57872291.41658725
2010-10-18,12239.119656589894,37856.55690745846,32800.84067966092,13249794.917610459,48626747.34763038
2010-10-19,13940.869257784614,38275.115567587265,37361.529610862766,13396290.448655542,49164385.94656584
2010-10-20,7594.922635283247,40496.02464455996,20354.3926625591,14173608.625595987,52017143.65593727
2010-10-21,10069.079017510989,39298.86187860899,26985.13176692945,13754601.657513145,50479388.08307324
2010-10-22,10393.337920029875,41683.51038798729,27854.145625680067,14589228.635795552,53542469.09336968
2010-10-23,11353.182302356494,40686.353533058784,30426.528570315404,14240223.736570574,52261621.11321401
2010-10-24,7889.462897202449,46890.77338163833,21143.760564502565,16411770.683573416,60231198.408714436
2010-10-25,10114.321419688262,40429.32773066144,27106.381404764543,14150264.705731502,51931471.470034614
2010-10-26,9834.470849085597,57983.127057783895,26356.381875549403,20294094.470224362,74479326.7057234
2010-10-27,14046.58669959978,48520.98017074629,37644.85235492741,16982343.0597612,62325199.0293236
2010-10-28,11890.939529004545,45595.51236058866,31867.71793773218,15958429.32620603,58567435.62717613
2010-10-29,9582.169568650776,40499.24188730376,25680.21444398408,14174734.660556316,52021276.20424168
2010-10-30,10532.306188079223,42233.54095305683,28226.58058405232,14781739.333569888,54248983.35420149
2010-10-31,14116.816658907455,51317.15094289639,37833.06864587198,17961002.830013733,65916880.3861504
2010-11-01,9328.84013746516,44608.68088900839,25001.291568406632,15613038.311152937,57299850.601931274
2010-11-02,12516.451731662515,57343.28188712891,33544.090640855546,20070148.660495117,73657445.58401708
2010-11-03,12058.50846101958,54772.41057717228,32316.80267553248,19170343.702010296,70355161.38637778
2010-11-04,9636.411059241655,44321.22938152752,25825.581638767635,15512430.283534631,56930619.14057209
2010-11-05,9663.127015673392,50467.9189154355,25897.18040200469,17663771.620402426,64826041.8468769
2010-11-06,11254.383539153992,48591.53850100616,30161.7478849327,17007038.475352153,62415831.2045424
2010-11-07,8742.967597968978,52231.55304101291,23431.153162556864,18281043.564354517,67091429.881181076
2010-11-08,10839.507776073151,47995.604695591675,29049.880839876045,16798461.643457085,61650354.2314875
2010-11-09,11437.21131131743,47316.12631712146,30651.726314330714,16560644.21099251,60777564.25434251
2010-11-10,13573.507518805769,55449.69771482681,36377.000150399464,19407394.200189386,71225136.71469504
2010-11-11,10112.284591337555,61345.50394685013,27100.92270478465,21470926.381397545,78798299.81972899
2010-11-12,12264.433655619363,55160.197198584,32868.6821970599,19306069.019504398,70853273.30158114
2010-11-13,17186.573963230585,50483.427655870655,46060.01822145797,17669199.679554727,64845962.82396585
2010-11-14,14655.34363373398,54903.323141068424,39276.32093840707,19216163.099373948,70523318.57470238
2010-11-15,13619.20121085305,52816.48319306127,36499.459245086175,18485769.117571443,67842772.66148719
2010-11-16,15510.698466869853,66026.72819448622,41568.67189121121,23109354.868070174,84811332.36581753
2010-11-17,13994.492458425517,59772.16152266267,37505.23978858039,20920256.53293193,76777341.4758602
2010-11-18,13576.576622006667,49545.02658881426,36385.22534697787,17340759.30608499,63640586.65333191
2010-11-19,15023.257104514374,60943.47992796814,40262.32904009853,21330217.97478885,78281899.96747507
2010-11-20,16545.797818081704,53428.760809150815,44342.73815245897,18700066.283202782,68629243.2593542
2010-11-21,14269.876631452027,53300.95973775675,38243.269372291434,18655335.908214863,68465082.78314854
2010-11-22,15333.647215383764,65581.2776525667,41094.17453722849,22953447.178398345,84239151.14472193
2010-11-23,14349.22033720041,64325.6455736084,38455.9105036971,22513975.950762942,82626291.7393
2010-11-24,14221.362772092498,64885.046707620415,38113.252229207894,22709766.347667143,83344842.4959384
2010-11-25,15208.448750736994,66335.43193997533,40758.64265197515,23217401.178991362,85207862.32689829
2010-11-26,16414.510434927193,69854.21396295387,43990.88796560488,24448974.88703385,89727737.83541423
2010-11-27,17038.312397257494,60648.4782905762,45662.677224650084,21226967.401701666,77902970.36424512
2010-11-28,13622.626995501423,65195.471161259564,36508.640347943816,22818414.906440847,83743582.7066379
2010-11-29,14072.448897301145,58974.38372477398,37714.16304476707,20641034.30367089,75752595.89447217
2010-11-30,13893.321833038144,66618.20177847141,37234.10251254223,23316370.622464992,85571080.18444651
2010-12-01,15223.013105028691,63970.58356458472,40797.675121476896,22389704.24760465,82170214.58870906
2010-12-02,16504.299576117133,62733.4431866459,44231.52286399392,21956705.11532606,80581107.77324665
2010-12-03,14275.308290202673,70759.01193115376,38257.82621774317,24765654.175903816,90889950.825567
2010-12-04,19608.042360599808,69285.62398147886,52549.553526407486,24249968.3935176,88997384.00420958
2010-12-05,13731.557138848828,61364.549194440304,36800.57313211486,21477592.218054105,78822763.44025856
2010-12-06,16365.832341164603,64957.74262596497,43860.43067432114,22735209.919087738,83438220.403052
2010-12-07,14552.498468596878,60823.244004689055,39000.695895839635,21288135.401641168,78127456.92402308
2010-12-08,17515.80853129458,62874.85855958462,46942.36686386948,22006200.495854616,80762755.81978644
2010-12-09,15713.487734256672,63069.05450468348,42112.14712780788,22074169.076639216,81012200.51126592
2010-12-10,15124.763967799217,72035.59027019434,40534.367433701904,25212456.594568018,92529715.70206462
2010-12-11,16626.271178220788,69281.354946388,44558.40675763172,24248474.231235802,88991900.42863539
2010-12-12,17977.43805160486,75001.52136117528,48179.53397830102,26250532.476411346,96339454.18842964
2010-12-13,20177.936401576004,66405.6393337357,54076.8695562237,23241973.766807493,85298043.7241835
2010-12-14,12813.878641538071,70604.81704854406,34341.19475932203,24711685.966990422,90691887.49885485
2010-12-15,16960.466887023886,73337.28483085569,45454.05125722402,25668049.690799486,94201742.3652341
2010-12-16,18075.44535144346,80993.47511115263,48442.19354186848,28347716.28890342,104036118.78027554
2010-12-17,16000.12542317935,76342.9004407188,42880.33613412066,26720015.15425158,98062455.61610329
2010-12-18,20611.277195987273,64658.52836900475,55238.222885245894,22630484.92915166,83053879.6899866
2010-12-19,18265.6017872814,74756.45085303347,48951.812789914155,26164757.79856171,96024661.12072147
2010-12-20,19309.026392946766,62642.60421619746,51748.19073309733,21924911.47566911,80464425.11570562
2010-12-21,17337.11659101518,72732.19948552588,46463.47246392068,25456269.819934055,93424510.23915797
2010-12-22,18248.869570945324,75915.30015542779,48906.97045013347,26570355.05439972,97513203.04964697
2010-12-23,21055.375037242175,57695.19821707608,56428.40509980903,20193319.37597663,74109482.10983422
2010-12-24,19572.841249264515,79226.8717673984,52455.214548028904,27729405.11858944,101766916.78522323
2010-12-25,19858.056201525058,69566.58918453769,53219.59062008716,24348306.21458819,89358283.80753866
2010-12-26,16833.6757683082,76455.15453966451,45114.25105906598,26759304.088882577,98206646.00619906
2010-12-27,17490.344998694818,60339.59095847586,46874.124596502115,21118856.835466553,77506204.58616224
2010-12-28,18263.3981956319,59004.88140303285,48945.907164293494,20651708.491061494,75791770.16219568
2010-12-29,19017.38305527825,72895.48607408167,50966.586588145714,25513420.12592858,93634251.8621579
2010-12-30,23269.620800083052,73397.96054774788,62362.58374422258,25689286.191711757,94279680.32358214
2010-12-31,21177.65614730051,72869.82216293577,56756.11847476537,25504437.75702752,93601286.56829101
2011-01-01,23274.929682995367,67482.92698344115,62376.811550427585,23619024.444204405,86681819.71023017
2011-01-02,20595.861644183264,56283.82560834362,55196.90920641115,19699338.962920267,72296573.99391738
2011-01-03,21099.65490305729,62146.48332994364,56547.07514019354,21751269.165480275,79827157.83731261
2011-01-04,18192.701371709147,72612.38483948178,48756.43967618052,25414334.693818618,93270608.32631433
2011-01-05,18356.277745483545,67127.33021735975,49194.8243578959,23494565.57607591,86225055.66419859
2011-01-06,17717.17257917553,64989.184817396184,47482.02251219042,22746214.686088663,83478607.89794539
2011-01-07,20062.708791891062,61312.25142473623,53768.05956226805,21459287.998657677,78755586.95507367
2011-01-08,21345.13970554946,66691.30270703378,57204.97441087256,23341955.94746182,85664978.32718489
2011-01-09,20055.86483434112,62393.21124971273,53749.7177560342,21837623.937399454,80144079.850256
2011-01-10,20706.422261102995,60499.80766292291,55493.21165975603,21174932.68202302,77712002.94302447
2011-01-11,19725.40564215599,62643.21413596172,52864.08712097806,21925124.947586603,80465208.55764283
2011-01-12,21956.645328134713,63945.91448529726,58843.80947940103,22381070.06985404,82138527.15636432
2011-01-13,18152.164670780083,58465.229817496685,48647.801317690624,20462830.43612384,75098587.70057449
2011-01-14,22926.1310366524,66971.08429982915,61442.03117822844,23439879.5049402,86024357.78313054
2011-01-15,27093.900127879795,67079.69642429649,72611.65234271786,23477893.74850377,86163870.05700883
2011-01-16,21250.823648847094,63841.0107559795,56952.207378910214,22344353.764592823,82003778.31605566
2011-01-17,24050.69494657466,60538.34758351679,64455.86245682009,21188421.654230874,77761507.4710273
2011-01-18,21513.490160686128,64031.32562633164,57656.15363063882,22410963.969216075,82248237.767023
2011-01-19,23077.91468546017,61958.29759096914,61848.811357033264,21685404.156839196,79585433.25559984
2011-01-20,23467.487854408213,57556.66504084228,62892.86744981402,20144832.764294796,73931536.2449619
2011-01-21,23956.559678958576,53738.288008685486,64203.579939608986,18808400.80303992,69026830.9471565
2011-01-22,23760.04251938753,59177.54409762663,63676.91395195859,20712140.434169322,76013555.39340141
2011-01-23,22989.426716882135,56867.27011809306,61611.66360124412,19903544.54133257,73046008.46669053
2011-01-24,23432.85783860988,54833.09417940001,62800.05900747448,19191582.96279,70433109.4734393
2011-01-25,25543.391499541867,65035.72638030753,68456.2892187722,22762504.233107634,83538390.53550501
2011-01-26,22776.766340237085,51308.22271825032,61041.733791835395,17957877.95138761,65905412.08159253
2011-01-27,28046.81679433288,52840.83860597465,75165.46900881213,18494293.512091123,67874057.18937442
2011-01-28,23071.033685523227,55684.35554079432,61830.37027720225,19489524.43927801,71526554.6921503
2011-01-29,23231.43414280334,52157.300875983936,62260.243502712954,18255055.306594376,66996052.97520135
2011-01-30,26176.387154090527,47883.494450711696,70152.71757296262,16759223.057749093,61506348.62193917
2011-01-31,23184.166800839597,52836.90544337397,62133.56702625012,18492916.90518089,67869005.04201387
2011-02-01,23344.22798853787,52950.789819318146,62562.5310092815,18532776.43676135,68015289.52291416
2011-02-02,23209.725130984247,55257.52826402188,62202.06335103779,19340134.892407656,70978295.0551361
2011-02-03,26227.141157882674,49494.53478040321,70288.73830312557,17323087.173141122,63575729.92542791
2011-02-04,27926.39727615256,41980.93985994886,74842.74470008886,14693328.950982101,53924517.25010431
2011-02-05,22526.84511371274,48592.973018666715,60371.94490475015,17007540.556533348,62417673.84247739
2011-02-06,27055.444871540756,46993.26767553402,72508.59225572924,16447643.686436908,60362852.329223454
2011-02-07,24294.129786150883,49651.82390932995,65108.26782688437,17378138.368265484,63777767.81153432
2011-02-08,24529.19762831302,34646.25220282215,65738.2496438789,12126188.270987751,44503110.954525046
2011-02-09,27126.8648173765,36035.59439055293,72699.99771056902,12612458.036693525,46287720.994665235
2011-02-10,22829.808306454976,40682.319604861244,61183.88626129934,14238811.861701434,52256439.53244426
2011-02-11,25602.675895181557,40891.4018847019,68615.17139908658,14311990.659645664,52525005.72089958
2011-02-12,25918.613292367863,45606.05821711736,69461.88362354587,15962120.375991076,58580981.77988725
2011-02-13,26806.501328764472,43284.00961479283,71841.42356108878,15149403.365177488,55598310.35020138
2011-02-14,26893.26883587265,32670.684484996644,72073.9604801387,11434739.569748824,41965494.220978186
2011-02-15,30455.370816373696,36304.24309572306,81620.3937878815,12706485.083503071,46632800.25645627
2011-02-16,24176.043970754534,50337.43329431629,64791.79784162215,17618101.6530107,64658433.066549264
2011-02-17,26780.494158570444,38285.26022354525,71771.7243449688,13399841.078240838,49177416.75714388
2011-02-18,29923.442334803673,40420.63019028732,80194.82545727385,14147220.56660056,51920299.47942405
2011-02-19,29767.09125736933,39963.95170845493,79775.80456974982,13987383.097959224,51333695.969510354
2011-02-20,26968.462858020182,32607.041536133118,72275.4804594941,11412464.53764659,41883744.85316298
2011-02-21,22572.756957561614,42372.19090729743,60494.98864626513,14830266.8175541,54427079.22042354
2011-02-22,27736.40826288587,35673.90635480596,74333.57414453414,12485867.224182082,45823132.712748244
2011-02-23,32616.001772870928,27981.071856919494,87410.8847512941,9793375.149921821,35941686.80021308
2011-02-24,28222.533622079885,38401.20477926538,75636.3901071741,13440421.672742883,49326347.53896638
2011-02-25,27961.718580104607,36049.837914315525,74937.40579468035,12617443.270010432,46306016.800938286
2011-02-26,27928.397657822363,32452.26399384654,74848.10572296394,11358292.397846289,41684933.10009588
2011-02-27,26930.90231822633,40734.47671210906,72174.81821284657,14257066.84923817,52323435.33670408
2011-02-28,29067.909526514086,31941.405605939177,77901.99753105776,11179491.962078711,41028735.50082887
2011-03-01,30357.967098901547,28221.35622513489,81359.35182505615,9877474.67879721,36250332.07118576
2011-03-02,29349.81350264329,30367.921962197663,78657.50018708402,10628772.68676918,39007595.76044289
2011-03-03,27801.514933965052,29927.8607103243,74508.06002302635,10474751.248613505,38442337.082411565
2011-03-04,28475.407118017843,32975.351007724144,76314.09107628782,11541372.85270345,42356838.36942166
2011-03-05,27948.67556236182,32967.05738997405,74902.45050712967,11538470.086490916,42346185.21742166
2011-03-06,29671.951904298927,26541.16347837972,79520.83110352112,9289407.217432901,34092124.48797875
2011-03-07,27508.731876367052,34154.49356395176,73723.40142866371,11954072.747383116,43871446.98289604
2011-03-08,29545.411762388398,29884.02627965864,79181.70352320091,10459409.197880523,38386031.75622152
2011-03-09,31110.283412165736,33291.79948195194,83375.55954460418,11652129.818683177,42763316.43456726
2011-03-10,31330.587271920514,29555.425792515165,83965.97388874699,10344399.027380308,37963944.43048573
2011-03-11,27581.594646451682,32922.222343529895,73918.67365249051,11522777.820235463,42288594.60026415
2011-03-12,27433.154502297613,33948.03106518521,73520.85406615761,11881810.872814823,43606245.9032304
2011-03-13,31565.409707934923,27860.866551329276,84595.2980172656,9751303.292965246,35787283.08518245
2011-03-14,31925.566574571316,33343.97770005423,85560.51841985113,11670392.19501898,42830339.355719656
2011-03-15,27088.94651736208,27355.76737990666,72598.37666653038,9574518.582967332,35138483.19949011
2011-03-16,30147.528185639425,21956.949581114404,80795.37553751367,7684932.353390041,28203701.73694145
2011-03-17,31055.536350581056,37251.74736745011,83228.83741955724,13038111.578607539,47849869.49348967
2011-03-18,28660.03296850732,30635.82137379363,76808.88835559961,10722537.480827771,39351712.55463792
2011-03-19,26879.917540169237,27967.273533763728,72038.17900765355,9788545.736817304,35923962.8541195
2011-03-20,30420.82427010956,30152.00339332955,81527.80904389362,10553201.187665341,38730248.3587318
2011-03-21,29339.75696891979,29996.78568008234,78630.54867670505,10498874.988028819,38530871.20606577
2011-03-22,31205.15255668941,27982.632393880584,83629.80885192762,9793921.337858204,35943691.30993961
2011-03-23,29267.946403089147,37500.46691311775,78438.09636027891,13125163.419591213,48169349.74989975
2011-03-24,30024.519407154086,27811.44295268079,80465.71201117296,9734005.033438275,35723798.47271847
2011-03-25,31105.2174130112,28925.48312594428,83361.98266687003,10123919.094080497,37154783.07527542
2011-03-26,29829.324266085725,29226.03072265316,79942.58903310975,10229110.752928605,37540836.46324798
2011-03-27,32869.71287715541,24503.34293887604,88090.8305107765,8576170.028606614,31474544.004986275
2011-03-28,30385.78479269551,37312.173395589496,81433.90324442397,13059260.688456321,47927486.726634696
2011-03-29,32373.932645187477,27565.083639653785,86762.13948910244,9647779.273878824,35407349.93513528
2011-03-30,31224.44702232232,34761.539551173744,83681.51801982382,12166538.842910811,44651197.553482674
2011-03-31,28791.965039456907,28217.23179560823,77162.46630574451,9876031.128462879,36245034.241458766
2011-04-01,33404.91621841244,35106.9239372905,89525.17546534535,12287423.378051674,45094843.79744964
2011-04-02,27474.60618666898,26985.19788143274,73631.94458027287,9444819.258501459,34662486.67870035
2011-04-03,26297.564981764815,25607.761657177212,70477.4741511297,8962716.580012023,32893169.848644126
2011-04-04,30380.659480938568,27250.515140312116,81420.16740891537,9537680.299109241,35003286.697730914
2011-04-05,26868.910456743783,43804.47926212047,72008.68002407334,15331567.741742164,56266853.61219374
2011-04-06,27806.361530434573,35595.42721333398,74521.04890156466,12458399.524666892,45722326.2555275
2011-04-07,31923.759321353475,37441.204376646354,85555.67498122732,13104421.531826224,48093227.02180224
2011-04-08,31923.727434898527,34593.423226931445,85555.58952552806,12107698.129426004,44435252.134993434
2011-04-09,30026.614853526025,32285.511173365696,80471.32780744975,11299928.910677994,41470739.10218824
2011-04-10,29829.71185812347,32414.722471647598,79943.6277797709,11345152.86507666,41636711.01483134
2011-04-11,27899.225494854316,33587.97041823494,74769.92432620957,11755789.646382228,43143748.00222278
2011-04-12,30579.435558194928,31981.487641984237,81952.88729596241,11193520.674694482,41080220.87612875
2011-04-13,27936.734719755405,27826.45788120433,74870.44904894449,9739260.258421514,35743085.14840696
2011-04-14,29814.872456408095,35146.42139771561,79903.8581831737,12301247.489200464,45145578.2853657
2011-04-15,30532.691922921604,38586.62832928501,81827.6143534299,13505319.915249754,49564524.08896659
2011-04-16,29120.1306523595,42819.089707298896,78041.95014832346,14986681.397554614,55001120.72902543
2011-04-17,25038.66334908167,46546.149419086825,67103.61777553888,16291152.296680389,59788528.92881703
2011-04-18,31326.648359949886,40663.50244531443,83955.4176046657,14232225.855860049,52232268.89100638
2011-04-19,30469.04045270395,41613.71554520226,81657.02841324659,14564800.44082079,53452817.6178123
2011-04-20,32149.092848546123,38429.70981641647,86159.56883410361,13450398.435745765,49362962.25918695
2011-04-21,31407.939095750196,42462.13819403604,84173.27677661052,14861748.367912611,54542616.51023928
2011-04-22,31454.070920447135,49381.450914058136,84296.91006679833,17283507.819920346,63430473.69910767
2011-04-23,27476.58850594619,37623.69689455435,73637.25719593579,13168293.913094021,48327638.66105506
2011-04-24,29563.925156204183,40217.70513221168,79231.31941862722,14076196.796274088,51659642.2423259
2011-04-25,31420.65172391655,54209.5900341996,84207.34662009636,18973356.51196986,69632218.39892939
2011-04-26,32482.458467590965,50399.263695434216,87052.9886931438,17639742.29340197,64737854.21678524
2011-04-27,28625.105199813454,41039.19567137227,76715.28193550005,14363718.484980294,52714846.83987768
2011-04-28,27608.244658211377,36823.153516969775,73990.09568400649,12888103.730939422,47299340.69254768
2011-04-29,26642.401134435808,50002.72816470617,71401.63504028798,17500954.85764716,64228504.32756507
2011-04-30,28416.367015228556,43195.5909108552,76155.86360081253,15118456.81879932,55484736.52499351
2011-05-01,26987.953513713175,48726.333032955896,72327.7154167513,17054216.56153456,62588974.780831836
2011-05-02,27527.226911206402,52737.21824759128,73772.96812203317,18458026.386656947,67740956.839031
2011-05-03,26385.48954546024,44084.72171396761,70713.11198183346,15429652.599888662,56626825.04159139
2011-05-04,26652.334436227116,34685.38527206496,71428.25628908868,12139884.845222736,44553377.38196744
2011-05-05,31732.237105016604,57795.86048194888,85042.3954414445,20228551.168682106,74238782.78906332
2011-05-06,29098.781175377433,39029.934770194326,77984.73355001153,13660477.169568015,50133951.21231461
2011-05-07,29571.610517085846,58904.38617844573,79251.91618579008,20616535.162456006,75662684.04621354
2011-05-08,27784.394952868843,50964.09720431226,74462.1784736885,17837434.02150929,65463382.85893909
2011-05-09,26237.53948332795,50437.81083825475,70316.60581531891,17653233.79338916,64787368.02173822
2011-05-10,26356.20196034565,58580.08055032057,70634.62125372635,20503028.1926122,75246113.46688677
2011-05-11,26265.179809855872,58001.012656072715,70390.68189041375,20300354.429625448,74502300.75672539
2011-05-12,26884.49277512696,50496.43558580143,72050.44063734026,17673752.4550305,64862671.50996194
2011-05-13,26045.16793367335,57280.92353052727,69801.05006224458,20048323.23568454,73577346.27496226
2011-05-14,26619.97014241186,50429.85191216628,71341.51998166379,17650448.169258196,64777144.78117758
2011-05-15,28218.694195670087,67668.92692632135,75626.10044439584,23684124.424212474,86920736.63685977
2011-05-16,33465.986921519085,67370.1976073178,89688.84494967115,23579569.162561227,86537018.8265997
2011-05-17,27898.33341998688,67168.0934859664,74767.53356556484,23508832.72008824,86277416.08272384
2011-05-18,25846.986713208673,64446.43828303656,69269.92439139925,22556253.399062794,82781449.97456045
2011-05-19,27383.93132906888,62335.202919545794,73388.9359619046,21817321.021841027,80069568.15015657
2011-05-20,24522.47648922061,51936.34959056924,65720.23699111125,18177722.356699232,66712241.04908618
2011-05-21,28931.120431247135,63980.25824293809,77535.40275574233,22393090.385028332,82182641.71305397
2011-05-22,25863.333518234267,61465.690279357244,69313.73382886784,21512991.597775035,78952679.16383438
2011-05-23,25966.49215039808,61346.75794449288,69590.19896306685,21471365.280572504,78799910.57970108
2011-05-24,26850.439769864406,64716.19268328268,71959.17858323661,22650667.439148936,83127949.50167659
2011-05-25,24469.854757333345,55731.553968030246,65579.21074965337,19506043.888810582,71587181.07193483
2011-05-26,29713.09090121859,62015.51520726377,79631.08361526583,21705430.32254232,79658929.28373031
2011-05-27,28162.207336837044,65243.31452275594,75474.71566272328,22835160.08296458,83805037.50448
2011-05-28,25340.054747019654,64148.06203789051,67911.34672201268,22451821.713261675,82398185.68767035
2011-05-29,24910.058313566635,62454.63021193163,66758.95628035859,21859120.57417607,80222972.50722617
2011-05-30,25862.792480068903,67266.06353528444,69312.28384658466,23543122.237349555,86403258.61107287
2011-05-31,24284.44212929023,67266.3878927124,65082.30490649782,23543235.76244934,86403675.24818908
2011-06-01,25902.955997342753,68380.62621004252,69419.92207287859,23933219.17351488,87834914.36679961
2011-06-02,23962.002891225708,70109.25848509038,64218.1677484849,24538240.46978163,90055342.52409858
2011-06-03,25570.910904666845,66174.8727791944,68530.04122450715,23161205.472718038,85001624.0848752
2011-06-04,27205.717153535843,72536.45409310485,72911.32197147606,25387758.932586696,93173075.28259318
2011-06-05,22752.398216418962,73594.88812118198,60976.42722000282,25758210.84241369,94532633.79165824
2011-06-06,22722.846620697142,66364.79396128593,60897.22894346835,23227677.886450075,85245577.84327178
2011-06-07,24660.18512609879,69245.1907943325,66089.29613794477,24235816.778016374,88945447.5753201
2011-06-08,21858.067911381524,70505.6357390804,58579.62200250249,24676972.50867814,90564489.10684876
2011-06-09,26476.55419889798,58943.81231650935,70957.16525304658,20630334.31077827,75713326.92055625
2011-06-10,24685.26469763661,74760.02478208402,66156.50938966611,26166008.673729405,96029251.83258691
2011-06-11,22232.09976486099,71527.40604903048,59582.027369827454,25034592.117160667,91876953.06997964
2011-06-12,21644.54589172661,74089.20612000949,58007.382989827325,25931222.142003324,95167585.2611522
2011-06-13,21634.921289468333,70159.86866724057,57981.58905577513,24555954.0335342,90120351.30307052
2011-06-14,24435.051574329114,73053.57489547087,65485.93821920203,25568751.213414803,93837316.95323233
2011-06-15,19260.32902815073,67462.00120302236,51617.681795443954,23611700.421057824,86654940.54528221
2011-06-16,21372.084932164656,65760.08869908021,57277.187618201286,23016031.04467807,84468833.93396851
2011-06-17,22039.44003819371,76303.05683037224,59065.69930235914,26706069.890630282,98011276.49861313
2011-06-18,18253.706992951247,64695.24475194649,48919.93474110935,22643335.66318127,83101041.88387527
2011-06-19,24273.551419786247,65486.39044128432,65053.11780502715,22920236.65444951,84117268.52182971
2011-06-20,22690.09706816671,64862.28895111776,60809.46014268679,22701801.13289121,83315610.15771075
2011-06-21,25602.52179417518,71504.99860734092,68614.75840838949,25026749.51256932,91848170.7111294
2011-06-22,23439.608797906883,73573.05390207955,62818.151578390454,25750568.86572784,94504587.73722118
2011-06-23,22085.6693561366,70213.29200798814,59189.593874446095,24574652.20279585,90188973.58426076
2011-06-24,18698.03287469251,73267.58763495654,50110.728104175934,25643655.67223479,94112216.31710167
2011-06-25,19011.494816111295,69285.52638447017,50950.80610717827,24249934.234564558,88997258.64085193
2011-06-26,18593.12255361645,63864.23274846403,49829.568443692086,22352481.46196241,82033606.96540204
2011-06-27,23353.288261361162,72798.06454276868,62586.812540447914,25479322.58996904,93509113.90518637
2011-06-28,22235.260401621017,62185.280189956386,59590.49787634433,21764848.06648473,79876992.40399896
2011-06-29,19191.229839658405,70183.98554676416,51432.49597028453,24564394.941367455,90151329.43481855
2011-06-30,20453.03626864517,67724.67163505021,54814.13719996906,23703635.07226757,86992340.71522199
2011-07-01,20275.31146127605,56678.78318020595,54337.83471621982,19837574.113072082,72803896.99497454
2011-07-02,19407.443695109112,68627.28733488184,52011.949102892424,24019550.567208644,88151750.58165573
2011-07-03,19351.948034915833,63528.21329914239,51863.22073357444,22234874.654699836,81601989.98274839
2011-07-04,20592.931400657922,64111.490059045136,55189.05615376324,22439021.520665795,82351208.98084347
2011-07-05,18751.360799941238,72103.89143633298,50253.64694384252,25236362.002716545,92617448.54996972
2011-07-06,19156.471387668655,70874.62532028687,51339.343318952,24806118.862100404,91038456.22390848
2011-07-07,16271.840238730883,73591.6932906872,43608.53183979877,25757092.651740514,94528530.03188768
2011-07-08,20491.438702458807,69967.61809421793,54917.055722589605,24488666.332976278,89873405.44202293
2011-07-09,18627.384054653616,67181.02255725392,49921.38926647169,23513357.895038873,86294023.47479266
2011-07-10,16701.76004488872,71022.76368943226,44760.71692030178,24857967.29130129,91228739.95907573
2011-07-11,19906.744846483754,64101.262525511236,53350.076188576466,22435441.883928932,82338071.71401918
2011-07-12,18980.17754023057,70396.23711777345,50866.87580781792,24638682.991220705,90423966.57778
2011-07-13,18032.59853915483,60046.09452274463,48327.36408493495,21016133.082960617,77129208.41446546
2011-07-14,18116.949436738843,69449.64433213873,48553.4244904601,24307375.516248554,89208068.14463219
2011-07-15,18576.55477041979,63683.149593340844,49785.166784725036,22289102.357669294,81801005.6526463
2011-07-16,15706.600159295605,57822.86286211962,42093.688426912224,20238002.001741864,74273467.34639263
2011-07-17,15266.133840624188,65923.09231980563,40913.23869287283,23073082.311931968,84678212.08479032
2011-07-18,16330.532485996613,65486.52592187133,43765.827062470926,22920284.072654966,84117442.54664372
2011-07-19,14569.2191683573,51620.91686962309,39045.507371197564,18067320.90436808,66307067.71903085
2011-07-20,20929.82545585367,60292.317174950986,56091.932221687835,21102311.011232845,77445481.41122454
2011-07-21,16692.417501374417,52209.00681388177,44735.67890368344,18273152.38485862,67062469.25243113
2011-07-22,15419.378879134143,52883.68808465806,41323.935396079505,18509290.829630323,67929097.34474328
2011-07-23,16060.946886432288,50092.68232986414,43043.337655638534,17532438.815452445,64344050.45271047
2011-07-24,12836.218958003807,57668.53457659305,34401.0668074502,20183987.101807564,74075232.66363376
2011-07-25,13467.47172877554,57512.91615435135,36092.824233118445,20129520.65402297,73875340.8002643
2011-07-26,18416.552407527797,57781.35243013498,49356.3604521745,20223473.350547243,74220147.19650838
2011-07-27,18789.149374941047,54486.42515833241,50354.92032484201,19070248.805416342,69987813.11587797
2011-07-28,14798.548171875535,46737.868532975255,39660.10910062643,16358253.986541338,60034792.13060671
2011-07-29,13979.504583441683,45306.833610875336,37465.07228362371,15857391.763806367,58196627.77316937
2011-07-30,15912.359974175628,52042.66661838679,42645.12473079069,18214933.316435374,66848805.271317825
2011-07-31,15185.948290206225,45317.49117241318,40698.34141775269,15861121.910344614,58210317.410964735
2011-08-01,13129.705093060094,50551.36319483017,35187.609649401056,17692977.11819056,64933226.02375936
2011-08-02,13917.336444521194,53191.4647139667,37298.4616713168,18617012.649888344,68324436.42509022
2011-08-03,18848.07562837729,55474.38269615451,50512.84268405114,19416033.94365408,71256844.57321046
2011-08-04,15926.52941629607,46332.529336637555,42683.098835673474,16216385.267823143,59514133.932910934
2011-08-05,10445.577372605136,47988.1391754437,27994.147358581766,16795848.711405296,61640764.77085743
2011-08-06,14919.788646878413,48928.062961435506,39985.03357363415,17124822.036502425,62848096.8739639
2011-08-07,16746.503592934205,42145.336790459914,44880.629629063675,14750867.87666097,54135685.10734575
2011-08-08,10502.076423646522,46851.55442654473,28145.56481537268,16398044.049290655,60180821.6608967
2011-08-09,12384.426910324268,35611.331153028164,33190.26411966904,12463965.903559858,45742754.866064675
2011-08-10,13578.325848192924,39875.667619537504,36389.91327315704,13956483.666838124,51220295.05729592
2011-08-11,13514.506798294202,43185.52460780151,36218.878219428465,15114933.612730527,55471806.35872103
2011-08-12,16305.02818866782,43116.28979199288,43697.475545629764,15090701.427197507,55382874.23781485
2011-08-13,14525.319749785484,37425.13031149936,38927.8569294251,13098795.609024774,48072579.88512092
2011-08-14,11318.001365030044,30295.781071091224,30332.24365828052,10603523.374881927,38914930.78581667
2011-08-15,16112.523634010427,43425.376092205384,43181.56333914795,15198881.632271882,55779895.59043781
2011-08-16,12488.391871130805,40354.680660746235,33468.89021463056,14124138.23126118,51835587.30872853
2011-08-17,11316.802975787816,33979.01859782283,30329.03197511135,11892656.50923799,43646049.388903424
2011-08-18,12731.50695833347,29127.518743147964,34120.4386483337,10194631.560101787,37414297.825573556
2011-08-19,12472.40370551173,29985.171311079626,33426.04193077144,10494809.958877869,38515952.54908178
2011-08-20,7025.115439182097,43404.11572047693,18827.309377008023,15191440.502166925,55752586.64295261
2011-08-21,11458.99340147337,36040.44331482685,30710.102315948632,12614155.160189398,46293949.43789509
2011-08-22,7382.828694308401,39660.70702967228,19785.980900746516,13881247.460385296,50944178.17961404
2011-08-23,10412.701826847604,33275.147232261275,27906.04089595158,11646301.531291446,42741926.61983961
2011-08-24,10008.641505555672,39325.192927724216,26823.1592348892,13763817.524703473,50513210.31566174
2011-08-25,14717.676967343103,32880.23615554876,39443.374272479516,11508082.654442064,42234663.34180237
2011-08-26,7118.926201486248,35853.003518647536,19078.722219983145,12548551.231526637,46053183.019702755
2011-08-27,8188.912805506283,23138.105413872698,21946.28631875684,8098336.894855443,29720896.404119477
2011-08-28,10468.394201480634,40422.14710621694,28055.296459968104,14147751.487175927,51922247.957935646
2011-08-29,8610.770748950628,34494.41958679586,23076.865607187687,12073046.85537855,44308081.959239274
2011-08-30,12944.452390978302,30470.916158097385,34691.13240782185,10664820.655334085,39139891.80507609
2011-08-31,12090.494089975462,42733.71646032178,32402.52416113424,14956800.761112623,54891458.79328333
2011-09-01,11980.336428955296,43724.6008337171,32107.301629600195,15303610.291800983,56164249.77090961
2011-09-02,11793.559939921879,38142.31025202222,31606.74063899064,13349808.588207774,48993797.51872253
2011-09-03,14770.901892310138,27671.01994814639,39586.01707139117,9684856.981851235,35543425.123394035
2011-09-04,8643.911328146245,23818.634039118704,23165.68235943194,8336521.913691546,30595035.423247974
2011-09-05,9562.010092889934,29205.742214135007,25626.187048945023,10222009.774947252,37514775.874056414
2011-09-06,14533.525793684596,19482.75029469777,38949.84912707472,6818962.603144219,25025592.753539283
2011-09-07,13970.037098200042,30956.877981310587,37439.69942317611,10834907.293458706,39764109.76699345
2011-09-08,7734.8370233507085,31614.94343846466,20729.3632225799,11065230.20346263,40609394.84670785
2011-09-09,10025.719549474621,26401.441296599012,26868.928392591984,9240504.453809654,33912651.34548143
2011-09-10,8165.309843982551,25230.731296267186,21883.03038187324,8830755.953693515,32408874.3500552
2011-09-11,8660.023813423506,35096.04703883098,23208.863819975,12283616.46359084,45080872.42137838
2011-09-12,10590.754552344519,29273.13363064416,28383.22220028331,10245596.770725455,37601340.14856242
2011-09-13,11555.537947983814,22538.119138892223,30968.841700596622,7888341.698612277,28950214.033907056
2011-09-14,13644.426461622856,28511.198352943586,36567.062917149255,9978919.423530255,36622634.284356035
2011-09-15,12874.058783660574,24951.71044561485,34502.47754021034,8733098.655965198,32050472.067392275
2011-09-16,10238.783908770498,29009.472755351057,27439.940875504937,10153315.46437287,37262667.75424843
2011-09-17,10932.068722114262,27976.789255327243,29297.944175266224,9791876.239364535,35936185.798467845
2011-09-18,9148.503727346175,29859.005192871045,24517.98998928775,10450651.817504866,38353892.17024286
2011-09-19,10010.656843553588,31315.228220780176,26828.56034072362,10960329.87727306,40224410.64959213
2011-09-20,8595.776395071258,28917.362212574917,23036.680738790972,10121076.774401221,37144351.762052484
2011-09-21,8750.932960894503,30184.804905239234,23452.50033519727,10564681.716833731,38772381.90077979
2011-09-22,12070.225147466941,37680.73855569356,32348.203395211403,13188258.494492745,48400908.67478837
2011-09-23,11030.016993459662,36975.780318042525,29560.445542471894,12941523.111314883,47495389.81852562
2011-09-24,8178.864937161405,30663.10201864426,21919.358031592565,10732085.70652549,39386754.542948544
2011-09-25,5257.243919471234,37272.65397874682,14089.413704182909,13045428.892561387,47876724.03570029
2011-09-26,6405.194909590284,31170.291537915873,17165.922357701962,10909602.038270555,40038239.48045294
2011-09-27,13903.066210034129,34572.184437807846,37260.217442891466,12100264.553232744,44407970.91036417
2011-09-28,10203.231797348613,29574.353565731402,27344.661216894285,10351023.74800599,37988257.15518198
2011-09-29,13055.431805574048,44024.82897692786,34988.55723893845,15408690.14192475,56549892.82086383
2011-09-30,8944.329096229252,33656.94301327157,23970.801977894396,11779930.054645048,43232343.300547324
2011-10-01,8505.721938495974,25997.102246328912,22795.334795169212,9098985.786215119,33393277.835409485
2011-10-02,11779.481977665233,32972.99425769899,31569.011700142826,11540547.990194647,42353811.124014355
2011-10-03,9856.55646714199,41418.44396754637,26415.571331940537,14496455.38864123,53201991.27631331
2011-10-04,13338.78081959226,36387.1347579777,35747.932596507264,12735497.165292194,46739274.59662235
2011-10-05,7496.330688972079,33961.544881489855,20090.166246445173,11886540.70852145,43623604.40027372
2011-10-06,10258.988979002237,31870.80021838667,27494.090463725996,11154780.076435333,40938042.88051767
2011-10-07,7739.412911775165,30935.216093111423,20741.626603557444,10827325.632588997,39736285.07160162
2011-10-08,7489.833594008346,39042.79403000126,20072.754031942368,13664977.91050044,50150468.931536615
2011-10-09,9743.494089235814,43715.52976298586,26112.56415915198,15300435.417045051,56152597.98055534
2011-10-10,12433.416430922849,31947.00829464665,33321.55603487324,11181452.903126327,41035932.15447362
2011-10-11,11127.782917298351,34812.04713509361,29822.45821835958,12184216.497282764,44716074.54502774
2011-10-12,9682.363071715212,40751.23956753317,25948.73303219677,14262933.84863661,52344967.22449636
2011-10-13,10823.783118568992,36794.73393331986,29007.7387577649,12878156.87666195,47262835.73734936
2011-10-14,10203.352205805486,36419.75355489517,27344.983911558706,12746913.74421331,46781173.44126284
2011-10-15,11611.724725666925,33709.84534581014,31119.42226478736,11798445.87103355,43300296.34669313
2011-10-16,8892.683556849177,57512.19936741184,23832.391932355797,20129269.778594144,73874420.0874405
2011-10-17,12314.33329312708,33567.57247531392,33002.413225580574,11748650.366359873,43117546.84454073
2011-10-18,12579.871060144294,44436.48379974684,33714.05444118671,15552769.329911394,57078663.44077481
2011-10-19,6869.95623065506,42810.77820261573,18411.48269815556,14983772.370915504,54990444.6012599
2011-10-20,13144.92629228691,52399.29375613742,35228.402463328915,18339752.814648096,67306892.82975851
2011-10-21,7353.863659394543,41524.35085741108,19708.354607177378,14533522.800093876,53338028.67634452
2011-10-22,8788.646173421113,46253.16795044169,23553.571744768586,16188608.782654589,59412194.23234234
2011-10-23,10207.339501773144,45990.209448673035,27355.669864752028,16096573.30703556,59074424.0368205
2011-10-24,11636.280178420222,48797.431738656946,31185.230878166196,17079101.10852993,62680301.06830484
2011-10-25,12048.962944336678,49454.09691269965,32291.220690822298,17308933.919444874,63523787.484362684
2011-10-26,12881.33531416672,54018.42335047016,34521.97864196681,18906448.172664557,69386664.79367892
2011-10-27,12289.754176223956,49880.597906381234,32936.5411922802,17458209.26723343,64071628.010746695
2011-10-28,7588.318611667276,58197.96482008274,20336.6938792683,20369287.68702896,74755285.81139629
2011-10-29,10759.91517346185,43167.16373156307,28836.57266487776,15108507.306047073,55448221.813192755
2011-10-30,13061.438323187242,47394.770167211405,35004.65470614181,16588169.55852399,60878582.27978304
2011-10-31,14622.547517830964,54829.559343441564,39188.42734778699,19190345.770204544,70428568.97665067
2011-11-01,10355.383299349687,54838.405398014314,27752.427242257163,19193441.88930501,70439931.73374939
2011-11-02,12477.565683403845,43900.81880995287,33439.876031522304,15365286.583483504,56390601.76138446
2011-11-03,14957.527167094406,53842.180122240214,40086.17280781301,18844763.042784072,69160280.36701754
2011-11-04,12436.430047350223,58663.97577127545,33329.6325268986,20532391.519946408,75353876.87820332
2011-11-05,16113.540796603844,54621.29227720999,43184.289334898305,19117452.297023494,70161049.93007623
2011-11-06,11813.597354757812,47321.493724357446,31660.44091075094,16562522.803525105,60784458.688937135
2011-11-07,11543.969181397426,67332.41365931356,30937.837406145103,23566344.780759744,86488485.34538826
2011-11-08,14582.62718482839,50595.455052761994,39081.440855340086,17708409.268466696,64989862.015272774
2011-11-09,13651.39144812397,52475.32968740101,36585.72908097224,18366365.39059035,67404560.98346658
2011-11-10,12876.000337465952,53783.45573983853,34507.68090440875,18824209.508943487,69084848.89782259
2011-11-11,11123.697516953387,58632.48191144551,29811.50934543508,20521368.669005927,75313423.01525176
2011-11-12,12403.957169977348,59512.62267575854,33242.6052155393,20829417.936515488,76443963.82701184
2011-11-13,12725.350729713044,63470.33216920042,34103.93995563096,22214616.259220146,81527641.67133793
2011-11-14,8356.51704534757,58331.247266316,22395.46568153149,20415936.5432106,74926487.1135829
2011-11-15,13611.960777629056,61805.774864297586,36480.05488404587,21632021.202504154,79389517.81319025
2011-11-16,13823.567029260688,49850.489764096266,37047.15963841865,17447671.417433694,64032954.101981655
2011-11-17,14891.832876394068,60147.424940935685,39910.1121087361,21051598.72932749,77259367.33663188
2011-11-18,11156.946160351803,65627.01289620361,29900.615709742833,22969454.51367126,84297898.06517352
2011-11-19,13380.448060984685,60257.352819435764,35859.60080343896,21090073.486802515,77400569.69656523
2011-11-20,13067.363964129881,57787.909590580006,35020.53542386808,20225768.356703002,74228569.86910002
2011-11-21,11391.974459564397,66627.26818596706,30530.491551632585,23319543.86508847,85582725.98487468
2011-11-22,12289.477049656498,62464.464083807004,32935.79849307942,21862562.42933245,80235604.11565009
2011-11-23,13166.95034891628,67033.74908486471,35287.42693509563,23461812.179702647,86104850.69950871
2011-11-24,13547.965855859864,65919.21709743416,36308.54849370444,23071725.984101955,84673234.36165418
2011-11-25,13582.564563944596,72511.3416546149,36401.27303137152,25378969.579115212,93140818.35535282
2011-11-26,15065.706401429825,68715.73809337585,40376.093155831935,24050508.332681544,88265365.58094126
2011-11-27,15711.780880148857,53729.72344985993,42107.57275879894,18805403.20745097,69015829.77134506
2011-11-28,17771.444630514805,56879.72385923094,47627.47160977968,19907903.350730825,73062005.29718213
2011-11-29,14386.683156137486,67535.56380166147,38556.310858448465,23637447.33058151,86749431.70323414
2011-11-30,14444.864440563191,61422.16165330384,38712.236700709356,21497756.578656342,78896766.64366877
2011-12-01,15256.97816229825,66617.84208352992,40888.701474959315,23316244.72923547,85570618.15629417
2011-12-02,18374.26915026966,67600.83936359468,49243.041322722696,23660293.777258135,86833278.16253735
2011-12-03,16921.31023259956,73714.7369038746,45349.11142336683,25800157.916356105,94686579.5530269
2011-12-04,16253.119647866704,61224.516178859296,43558.36065628277,21428580.662600752,78642891.03174476
2011-12-05,15140.495533516128,73761.6670418711,40576.528029823225,25816583.464654885,94746861.31528343
2011-12-06,15648.315255822907,73217.90006699752,41937.484885605394,25626265.023449134,94048392.63605832
2011-12-07,13977.419900889341,62823.23706389009,37459.48533438343,21988132.97236153,80696448.00856681
2011-12-08,16193.980721655833,64987.72147727766,43399.86833403764,22745702.517047178,83476728.23756315
2011-12-09,14757.764779559217,64574.58694836162,39550.809609218704,22601105.431926567,82946056.9351705
2011-12-10,16557.689229847405,78065.14745701908,44374.60713599105,27322801.609956674,100274681.908541
2011-12-11,19112.80524855365,68138.54705445985,51222.318066123786,23848491.469060946,87523963.69145367
2011-12-12,19141.157079511962,74365.41030893948,51298.30097309206,26027893.608128812,95522369.54183275
2011-12-13,15018.847795461941,80032.95431663771,40250.512091838005,28011534.010823198,102802329.81972113
2011-12-14,13828.687013781857,76647.71261680638,37060.88119693538,26826699.415882234,98453986.85628779
2011-12-15,18118.428331901883,71742.37939539844,48557.38792949705,25109832.78838945,92153086.33338928
2011-12-16,16815.844635622103,65401.26453544268,45066.463623467236,22890442.587404937,84007924.29577611
2011-12-17,18199.258296924516,69609.42366228784,48774.012235757706,24363298.28180074,89413304.69420871
2011-12-18,16679.044002517785,73138.33832184527,44699.83792674766,25598418.41264584,93946195.57441023
2011-12-19,20508.900542298827,72930.75334553546,54963.85345336086,25525763.670937408,93679552.67234029
2011-12-20,21024.437107954916,77701.77682892187,56345.49144931918,27195621.890122652,99807932.33675013
2011-12-21,22269.725833290773,69554.61922211417,59682.86523321927,24344116.72773996,89342908.39080565
2011-12-22,19272.696103684546,62067.70753486671,51650.82555787459,21723697.637203347,79725970.32853629
2011-12-23,17981.02859602919,61390.920807564704,48189.15663735823,21486822.282647647,78856637.77731687
2011-12-24,20592.178406561223,63956.068177471265,55187.03812958408,22384623.86211494,82151569.57396182
2011-12-25,19838.112883689468,71067.79004425179,53166.142528287775,24873726.51548812,91286576.3118414
2011-12-26,16560.474559100658,70194.67056752503,44382.07181838976,24568134.69863376,90165054.3439859
2011-12-27,17673.04025353524,67061.39767129264,47363.747879474446,23471489.184952423,86140365.3087754
2011-12-28,19374.29052467296,69021.65095925356,51923.09860612354,24157577.835738745,88658310.65716119
2011-12-29,20889.48253127281,65544.99316973383,55983.81318381114,22940747.60940684,84192543.7265231
2011-12-30,22275.296377112274,63043.00605832896,59697.794290660895,22065052.120415132,80978741.28192353
2011-12-31,25646.090460295203,71512.79536831715,68731.52243359115,25029478.378911003,91858185.65060338
2012-01-01,20717.822687728894,65388.26399649338,55523.76480311344,22885892.39877268,83991225.10349573
2012-01-02,19114.14494713882,66504.24305975421,51225.90845833204,23276485.070913974,85424700.21025428
2012-01-03,18577.218236386532,69729.07778145366,49786.94487351591,24405177.22350878,89567000.41027722
2012-01-04,23649.897650746978,60739.50418718853,63381.7257040019,21258826.465515986,78019893.12844367
2012-01-05,22800.73713056329,73229.21714088501,61105.97550990962,25630225.999309752,94062929.41746679
2012-01-06,23604.530678448602,57549.257588648004,63260.142218242254,20142240.1560268,73922021.37261835
2012-01-07,21889.16588626063,58065.066142166615,58662.96457517849,20322773.149758313,74584577.45961301
2012-01-08,24211.467192503707,58240.211236855255,64886.73207590994,20384073.932899337,74809551.33374056
2012-01-09,19956.950066856512,68741.35317293483,53484.62617917546,24059473.610527188,88298268.15063478
2012-01-10,18520.06057905201,59034.92196908768,49633.76235185939,20662222.689180683,75830357.2692931
2012-01-11,19767.9072800974,59042.74274072712,52977.991510661035,20664959.959254492,75840403.05046399
2012-01-12,25800.229387876272,55973.05174767519,69144.61475950842,19590568.111686315,71897384.96988878
2012-01-13,21932.75828981873,58058.11367016115,58779.792216714195,20320339.7845564,74575647.00932199
2012-01-14,20119.75781144995,59119.49184583773,53920.95093468586,20691822.146043204,75938987.27597855
2012-01-15,25392.619250145264,58765.943458216316,68052.21959038932,20568080.21037571,75484854.37207887
2012-01-16,22628.343457054336,57963.452377325055,60643.96046490563,20287208.332063768,74454054.57867403
2012-01-17,22895.379099235342,61642.61777294014,61359.615985950724,21574916.220529046,79179942.5293416
2012-01-18,24174.7425673702,57818.44304325132,64788.31008055213,20236455.06513796,74267790.08905631
2012-01-19,23891.474083686753,51223.012362854184,64029.1505442805,17928054.326998964,65795959.3800862
2012-01-20,21181.025415436656,46996.04738764066,56765.14811337024,16448616.58567423,60366422.869424425
2012-01-21,26966.848175869272,58006.798334630854,72271.15311132965,20302379.4171208,74509732.46083333
2012-01-22,22456.861997112508,52040.73240728548,60184.39015226153,18214256.342549916,66846320.77715819
2012-01-23,25885.894863547153,51652.4169391154,69374.19823430637,18078345.92869039,66347529.55829372
2012-01-24,21213.37911918329,48755.39963752104,56851.85603941122,17064389.873132363,62626310.83439577
2012-01-25,25535.388559044004,48794.248403426645,68434.84133823794,17077986.941199325,62676212.074201524
2012-01-26,23555.99921947124,57115.1101586303,63130.077908182924,19990288.5555206,73364358.99876061
2012-01-27,27237.5467167897,53026.69679456744,72996.62520099641,18559343.878098603,68112792.03262188
2012-01-28,26398.475410103645,56190.1629225156,70747.91409907777,19666557.022880457,72176264.27397127
2012-01-29,24403.19709371841,45382.43410513389,65400.56821116534,15883851.93679686,58293736.608044475
2012-01-30,25930.17289739099,54472.007815708515,69492.86336500786,19065202.73549798,69969294.03927758
2012-01-31,26022.47046957561,43989.736489181465,69740.22085846265,15396407.771213513,56504816.52035359
2012-02-01,28550.370998853166,55813.835100203556,76514.99427692649,19534842.285071243,71692871.18621145
2012-02-02,26599.435745869912,51181.26437111069,71286.48779893137,17913442.529888738,65742334.084691666
2012-02-03,27704.99704791909,47125.31269145634,74249.39208842316,16493859.442009717,60532464.15217566
2012-02-04,23592.38793400881,51657.03437258552,63227.599663143614,18079962.03040493,66353460.651586086
2012-02-05,25225.017632454128,35924.65355760807,67603.04725497706,12573628.745162822,46145217.49474756
2012-02-06,22176.763654458056,37990.82472376099,59433.7265939476,13296788.653316347,48799214.35767099
2012-02-07,19348.647191346936,45656.87584718152,51854.37447280979,15979906.546513531,58646257.02570466
2012-02-08,26531.148523479944,48978.804596848575,71103.47804292626,17142581.608897,62913274.50465199
2012-02-09,24127.0303565697,44648.984515125005,64660.441355606796,15627144.58029375,57351620.60967806
2012-02-10,27540.67803822162,37722.11728759191,73809.01714243395,13202741.050657166,48454059.655911796
2012-02-11,26356.781227430198,32739.39857627442,70636.17368951293,11458789.501696046,42053757.47122449
2012-02-12,26041.744996339516,36671.26420947047,69791.8765901899,12834942.473314665,47104238.877064824
2012-02-13,28011.9836449181,31671.47837915821,75072.11616838051,11085017.432705373,40682013.978028715
2012-02-14,26012.42727690645,33557.54080236611,69713.30510210928,11745139.280828137,43104661.16063926
2012-02-15,27918.29997180868,35207.70542127608,74821.04392444727,12322696.897446627,45224297.61362912
2012-02-16,26515.20090474012,37223.2084678362,71060.73842470352,13028122.96374267,47813211.2769356
2012-02-17,29816.166810823554,41319.879814148386,79907.32705300713,14461957.934951935,53075385.6212736
2012-02-18,31765.861162608635,36164.417193758025,85132.50791579115,12657546.017815309,46453193.88538218
2012-02-19,28166.719690216574,38557.27449535134,75486.80876978043,13495046.073372968,49526819.08927879
2012-02-20,26242.46016727571,31918.710488959776,70329.7932482989,11171548.671135921,40999583.62306883
2012-02-21,25908.95294366666,27576.62125554218,69435.99388902665,9651817.439439762,35422170.00274393
2012-02-22,30320.07747524471,36006.68259724877,81257.80763365583,12602338.909037068,46250583.79616604
2012-02-23,28514.083835007375,41098.69810691784,76417.74467781978,14384544.337421242,52791277.71833596
2012-02-24,29021.24786955752,36727.95465300098,77776.94429041416,12854784.128550343,47177057.75177976
2012-02-25,32408.991169407895,39671.35679295851,86856.09633401316,13884974.87753548,50957857.80055521
2012-02-26,31474.041806443955,35518.633874256484,84350.4320412698,12431521.85598977,45623685.21148245
2012-02-27,27354.577184496073,34300.333975441725,73310.26685444948,12005116.891404603,44058778.99145489
2012-02-28,27999.681273694434,31704.38756550417,75039.14581350109,11096535.64792646,40724285.827890106
2012-02-29,29872.892586913964,32641.14564099797,80059.35213292943,11424400.974349288,41927551.575861886
2012-03-01,29825.419211589717,34137.38764079003,79932.12348706044,11948085.67427651,43849474.42459479
2012-03-02,24328.824624326553,30096.775883087095,65201.24999319517,10533871.559080483,38659308.621825375
2012-03-03,32299.500082466308,29633.980190803504,86562.6602210097,10371893.066781227,38064847.5550871
2012-03-04,27976.890320176393,36422.452084048105,74978.06605807274,12747858.229416836,46784639.70195979
2012-03-05,28149.44881311846,37812.37860768662,75440.52281915747,13234332.512690317,48570000.32157346
2012-03-06,30905.527475665975,28945.953989210615,82826.81363478482,10131083.896223715,37181077.89914103
2012-03-07,29406.407554926223,40035.67027753371,78809.17224720228,14012484.597136797,51425818.471492045
2012-03-08,29163.681092588733,27825.308046209957,78158.66532813781,9738857.816173485,35741608.185356684
2012-03-09,30277.85575091905,20483.080898471846,81144.65341246306,7169078.3144651465,26310517.414087087
2012-03-10,26689.06155653295,30356.759557464884,71526.68497150831,10624865.845112707,38993257.65156364
2012-03-11,24446.862992353817,30429.632164657258,65517.59281950824,10650371.257630039,39086862.515502244
2012-03-12,28460.66866599238,32371.270405631527,76274.59202485958,11329944.641971033,41580896.83603369
2012-03-13,31111.33801678235,26559.422408620358,83378.3858849767,9295797.843017124,34115578.08387284
2012-03-14,34541.98365313462,26306.576619883268,92572.5161904008,9207301.816959143,33790797.668240055
2012-03-15,32115.61348308542,25865.809579446533,86069.84413466894,9053033.352806285,33224632.404799066
2012-03-16,30893.404957501498,23132.43388575914,82794.32528610402,8096351.860015698,29713611.32625761
2012-03-17,26820.82184826191,29213.165113187515,71879.80255334191,10224607.78961563,37524310.58788936
2012-03-18,28993.77731524964,29871.567045778127,77703.32320486904,10455048.466022342,38370027.870302
2012-03-19,30105.816659535387,32770.30609990317,80683.58864755485,11469607.13496611,42093458.18532562
2012-03-20,31720.876146380684,24287.406742926698,85011.94807230023,8500592.360024344,31197173.961289342
2012-03-21,27915.856916707642,36452.79586535769,74814.49653677648,12758478.552875193,46823616.28905196
2012-03-22,28081.51486098658,30029.992459907444,75258.45982744404,10510497.360967604,38573525.31475111
2012-03-23,27365.45772702012,23568.699822251772,73339.42670841393,8249044.93778812,30273994.9216824
2012-03-24,29867.532280498006,29337.579140498976,80044.98651173466,10268152.69917464,37684120.40597093
2012-03-25,27797.76133164191,28361.915226400248,74498.00036880032,9926670.329240086,36430880.10831112
2012-03-26,30854.0546169387,30966.512589148682,82688.86637339572,10838279.406202039,39776485.42076148
2012-03-27,32070.55619852964,34454.86354060876,85949.09061205944,12059202.239213066,44257272.21791195
2012-03-28,28626.411595837355,36034.640004282686,76718.78307684412,12612124.001498938,46286495.0855011
2012-03-29,26936.074666946046,28443.841253673054,72188.6801074154,9955344.438785568,36536114.090343036
2012-03-30,30309.238501840526,33224.495681189714,81228.75918493261,11628573.488416398,42676864.70248818
2012-03-31,28568.545866332188,27737.187462259724,76563.70292177027,9708015.611790903,35628417.29527261
2012-04-01,28698.696394915034,38142.58540871278,76912.5063383723,13349904.893049473,48994150.95749156
2012-04-02,26816.877150639506,41868.4464645621,71869.23076371389,14653956.262596732,53780019.48373
2012-04-03,27811.637569555533,25068.036302562192,74535.18868640883,8773812.705896767,32199892.630641133
2012-04-04,30914.843498158258,36232.472590979756,82851.78057506414,12681365.406842913,46540611.04311349
2012-04-05,31641.894918110425,37109.63384913818,84800.27838053595,12988371.847198363,47667324.679217994
2012-04-06,28398.02187900763,39620.033402597255,76106.69863574045,13867011.69090904,50891932.90563618
2012-04-07,26259.443043250194,27973.617728037156,70375.30735591053,9790766.204813004,35932111.97166372
2012-04-08,31098.57071091897,43634.41705239414,83344.16950526285,15272045.96833795,56048408.703800276
2012-04-09,30312.618675088597,50657.59784842235,81237.81804923745,17730159.246947825,65069684.43629852
2012-04-10,29831.744523593574,32747.736191105087,79949.07532323078,11461707.66688678,42064467.137474485
2012-04-11,30901.600042928574,38531.68648765888,82816.28811504858,13486090.270680608,49493951.29339783
2012-04-12,29532.12150188807,44439.09487639057,79146.08562506003,15553683.206736699,57082017.36872368
2012-04-13,35107.00078136621,39339.01805141462,94086.76209406144,13768656.317995114,50530968.687042065
2012-04-14,29833.196587636896,43524.036147452076,79952.96685486689,15233412.651608227,55906624.43140219
2012-04-15,27354.82945379291,41498.22298084646,73310.94293616501,14524378.043296263,53304467.418897286
2012-04-16,30323.272119583533,49810.59215605943,81266.36928048388,17433707.254620798,63981705.62445833
2012-04-17,30903.41722430319,41538.14493455029,82821.15816113255,14538350.727092601,53355747.168429844
2012-04-18,27541.717436773703,44141.15182975658,73811.80273055352,15449403.140414802,56699309.525322326
2012-04-19,28610.12135603607,49727.40065011578,76675.12523417667,17404590.227540523,63874846.135073714
2012-04-20,29784.989802058673,40151.32296008172,79823.77266951725,14052963.036028601,51574374.34222496
2012-04-21,30798.640806367974,52318.96434909334,82540.35736106617,18311637.52218267,67203709.7064104
2012-04-22,31002.45725618411,53340.661716839706,83086.58544657342,18669231.600893896,68516079.9752806
2012-04-23,30607.823267909986,40766.20890568745,82028.96635799877,14268173.116990605,52364195.33935552
2012-04-24,32431.624790292914,53180.86515414164,86916.75443798502,18613302.803949572,68310821.29049493
2012-04-25,29524.40848543199,59963.373672838956,79125.41474095774,20987180.785493635,77022953.48276164
2012-04-26,27875.372122796485,44134.30789178173,74705.99728909458,15447007.762123605,56690518.48699363
2012-04-27,29674.353936880703,43424.92853199853,79527.2685508403,15198724.986199485,55779320.69935211
2012-04-28,31384.531072631904,52555.15334345647,84110.54327465351,18394303.67020976,67507094.46966982
2012-04-29,30039.01745823837,51548.711727867594,80504.56678807884,18042049.10475366,66214320.214445926
2012-04-30,30421.538760557803,45518.92858421389,81529.72387829491,15931625.00447486,58469063.76642273
2012-05-01,26407.870529958876,56844.182411454036,70773.09302028979,19895463.84400891,73016352.3075127
2012-05-02,27693.08346959955,50536.81905305657,74217.4636985268,17687886.668569796,64914544.07365115
2012-05-03,25089.76062557011,47883.115192512014,67240.5584765279,16759090.317379203,61505861.46478167
2012-05-04,31069.964345351626,62267.95930289343,83267.50444554236,21793785.7560127,79983193.72456661
2012-05-05,25625.291305173614,59939.88140723079,68675.7806978653,20978958.492530774,76992777.66758794
2012-05-06,27221.31521136824,48371.320656229065,72953.12476646689,16929962.229680173,62132961.38292623
2012-05-07,28017.979926408152,56434.90913243351,75088.18620277385,19752218.19635173,72490640.78061084
2012-05-08,28260.759534936158,44704.39308130369,75738.8355536289,15646537.578456292,57422792.912934594
2012-05-09,28110.085963815338,63116.489069918214,75335.0303830251,22090771.174471375,81073130.21030994
2012-05-10,26517.350371960958,60261.326422542414,71066.49899685537,21091464.247889843,77405673.78975572
2012-05-11,28736.869175201904,59982.26976717652,77014.8093895411,20993794.418511778,77047225.51593822
2012-05-12,25177.18854774523,62476.1199294393,67474.86530795723,21866641.975303754,80250576.04936478
2012-05-13,27706.262837929913,65341.72827341473,74252.78440565217,22869604.895695154,83931449.96720122
2012-05-14,27468.791578282806,61914.0989482775,73616.36142979792,21669934.63189712,79528660.09906243
2012-05-15,24995.31851325622,57878.329053732385,66987.45361552668,20257415.168806333,74344713.66951925
2012-05-16,29458.023901889792,65358.19502247361,78947.50405706465,22875368.25786576,83952601.50636734
2012-05-17,27006.851037764784,64894.29613318018,72378.36078120963,22713003.64661306,83356723.38306993
2012-05-18,22742.211758726968,75829.31054628955,60949.127513388274,26540258.69120134,97402749.39670892
2012-05-19,25027.236594940496,56503.8609728903,67072.99407444053,19776351.340511605,72579209.41967759
2012-05-20,26872.04304514808,65903.96609556704,72017.07536099685,23066388.133448463,84653644.44975586
2012-05-21,25773.270573060472,59383.92607360784,69072.36513580207,20784374.125762742,76278653.04154927
2012-05-22,30046.908797804503,71538.50301349652,80525.71557811607,25038476.05472378,91891207.12083627
2012-05-23,27390.08798967856,61087.761425202276,73405.43581233855,21380716.498820793,78467229.55067231
2012-05-24,21485.671204279344,69297.34832960503,57581.598827468646,24254071.91536176,89012443.92937765
2012-05-25,27085.769462362547,67350.10887778173,72589.86215913163,23572538.107223604,86511214.85351062
2012-05-26,25402.804825646956,67809.2224911285,68079.51693273385,23733227.871894974,87100946.28985456
2012-05-27,24833.33306956144,70719.60063410626,66553.33262642466,24751860.22193719,90839327.01450948
2012-05-28,23858.75471819103,58615.08075517707,63941.46264475196,20515278.264311973,75291071.23002493
2012-05-29,26071.950163146543,66300.35201310043,69872.82643723274,23205123.20458515,85162802.1608275
2012-05-30,24544.20011540586,63496.69433718992,65778.4563092877,22223843.018016472,81561503.87612045
2012-05-31,27690.9727963691,61775.13995333738,74211.8070942692,21621298.98366808,79350167.27006185
2012-06-01,25312.904585572884,61626.37411264554,67838.58428933533,21569230.939425938,79159077.5476932
2012-06-02,27160.07208889089,66779.9626255466,72788.99319822759,23372986.918941308,85778861.9925146
2012-06-03,25505.024803196073,74978.65470702725,68353.46647256547,26242529.147459537,96310081.9711765
2012-06-04,23865.89290329349,69478.90667300412,63960.59298082656,24317617.33555144,89245655.62147379
2012-06-05,19759.630786108843,72291.26882474057,52955.810506771704,25301944.0886592,92858134.80537927
2012-06-06,24591.00839190358,70235.91959265486,65903.9024903016,24582571.8574292,90218038.71676517
2012-06-07,24861.768133028883,67022.44314113626,66629.5385965174,23457855.09939769,86090328.21478952
2012-06-08,25788.516347073433,65018.63970076914,69113.22381015681,22756523.895269196,83516442.69563796
2012-06-09,22300.625088177807,73689.65788817202,59765.67523631653,25791380.260860205,94654365.55735695
2012-06-10,20448.16332296079,74380.46258466935,54801.077705534924,26033161.90463427,95541704.19000778
2012-06-11,26415.131127393644,62768.51256149426,70792.55142141497,21968979.39652299,80626154.38523938
2012-06-12,23605.051589643826,71711.1070471492,63261.538260245456,25098887.466502216,92112917.00206313
2012-06-13,23729.736105383938,67790.29751422882,63595.69276242896,23726604.129980087,87076637.15702692
2012-06-14,23251.2732027395,81482.14968338673,62313.41218334186,28518752.389185354,104663821.26831025
2012-06-15,21654.95872554041,83136.14613191933,58035.289384448304,29097651.146171767,106788379.70645039
2012-06-16,20397.019493076677,74359.90330222379,54664.012241445496,26025966.155778322,95515295.79170644
2012-06-17,22993.241100356125,73703.09089261031,61621.886148954414,25796081.812413607,94671620.25155793
2012-06-18,17568.121205301086,68276.30514170672,47082.56483020691,23896706.79959735,87700913.95452227
2012-06-19,19677.966304152647,70946.24928344304,52736.9496951291,24831187.249205064,91130457.20458259
2012-06-20,22973.75697839286,65954.73055839294,61569.668702092866,23084155.69543753,84718851.40225573
2012-06-21,20996.436999480637,68020.68979715288,56270.451158608106,23807241.429003507,87372576.04444286
2012-06-22,19480.01686462624,71961.33164298559,52206.44519719832,25186466.075044956,92434330.49541499
2012-06-23,23962.0277704394,66014.22118440425,64218.23442477759,23104977.414541487,84795267.11136726
2012-06-24,18492.13416524997,66084.6940964701,49558.919562869916,23129642.933764536,84885789.56691584
2012-06-25,24482.11046009005,70169.837221718,65612.05603304134,24559443.027601298,90133155.91129676
2012-06-26,20720.511413636832,62994.16546082555,55530.97058854671,22047957.91128894,80916005.5344304
2012-06-27,20926.259128637306,69404.44186813437,56082.37446474798,24291554.653847028,89150005.57961859
2012-06-28,21286.358963597344,73305.118799168,57047.44202244088,25656791.5797088,94160425.09753129
2012-06-29,21376.31149454132,65397.928877125436,57288.514805370745,22889275.106993902,84003639.64266762
2012-06-30,18507.834889229438,64857.060332723755,49600.997503134895,22699971.116453312,83308893.99738365
2012-07-01,21143.109719986594,57574.318638620556,56663.53404956408,20151011.52351719,73954212.29130809
2012-07-02,14975.356564642978,65377.03679947992,40133.95559324318,22881962.879817974,83976803.76893196
2012-07-03,18031.55514044298,70658.31796020643,48324.567776387186,24730411.28607225,90760609.41988516
2012-07-04,18199.619255810867,73636.19081901673,48774.97960557313,25772666.78665585,94585687.10702696
2012-07-05,15797.291344749958,56816.09135409261,42336.74080392989,19885631.97393241,72980269.34433195
2012-07-06,19530.77246160904,64988.84213696265,52342.470197112234,22746094.747936927,83478167.72492851
2012-07-07,19745.56492493796,61694.059950612806,52918.11399883374,21592920.98271448,79246020.00656214
2012-07-08,16530.880437337662,61998.29211938802,44302.75957206494,21699402.241785802,79636806.22735389
2012-07-09,20151.550893655225,61928.65310581274,54006.156394996004,21675028.587034456,79547354.91441645
2012-07-10,18591.158067750235,53741.556162788875,49824.30362157063,18809544.656976104,69031028.8911023
2012-07-11,16633.75489034298,66090.19352232658,44578.46310611919,23131567.7328143,84892853.57942848
2012-07-12,18080.477637273314,61845.421037907116,48455.680067892485,21645897.36326749,79440443.32319169
2012-07-13,15145.70797023207,62146.06438466455,40590.49736022195,21751122.53463259,79826619.7021016
2012-07-14,17521.941630228786,57220.841260089,46958.80356901315,20027294.44103115,73500170.59858432
2012-07-15,14881.426503638997,61207.999229793655,39882.22302975252,21422799.730427776,78621675.01066993
2012-07-16,18148.257228163595,51881.80289492386,48637.32937147844,18158631.01322335,66642175.818529695
2012-07-17,16211.587863278617,50573.44996001789,43447.0554735867,17700707.48600626,64961596.473642975
2012-07-18,17359.093970998063,54283.89325424936,46522.37184227481,18999362.638987273,69727660.88508329
2012-07-19,19341.25450972096,53199.639648843564,51834.562086052174,18619873.877095245,68334937.12893955
2012-07-20,13087.442404637186,66109.78314697837,35074.34564442766,23138424.10144243,84918016.45229372
2012-07-21,15068.688693293538,49771.522574382754,40384.08569802668,17420032.901033964,63931520.74679465
2012-07-22,11444.910398672704,51358.097631262746,30672.359868442847,17975334.17094196,65969476.40735699
2012-07-23,18539.763783714643,57586.54231377969,49686.566940355246,20155289.80982289,73969913.60205
2012-07-24,17475.762581730625,50961.03401956183,46835.043719038076,17836361.90684664,65459448.198127165
2012-07-25,15773.829243781964,39083.74306150575,42273.862373335665,13679310.071527012,50203067.96250413
2012-07-26,13526.766408258887,46100.42129581236,36251.73397413382,16135147.453534326,59215991.15447097
2012-07-27,18748.990249309005,59651.89727846235,50247.29386814814,20878164.047461823,76622862.05418488
2012-07-28,15524.603995741638,55461.35355318514,41605.93870858759,19411473.743614797,71240108.63906631
2012-07-29,13720.57610110634,65949.20223209477,36771.14395096499,23082220.78123317,84711750.26712573
2012-07-30,16327.741019556797,40838.14499365978,43758.345932412216,14293350.747780923,52456597.244355984
2012-07-31,14324.003461475528,42537.888801148554,38388.32927675442,14888261.080401994,54639918.16507532
2012-08-01,17559.592720260218,50946.61740253544,47059.70849029739,17831316.0908874,65440930.05355676
2012-08-02,14806.950325615124,41256.714940009704,39682.626872648536,14439850.229003396,52994250.340442464
2012-08-03,13768.208175453157,43558.95970386926,36898.79791021447,15245635.89635424,55951483.73962006
2012-08-04,11678.85900595934,43500.708574430915,31299.342135971034,15225248.001050819,55876660.16385651
2012-08-05,12874.87649927934,38640.47472922527,34504.669018068635,13524166.155228844,49633689.789689854
2012-08-06,12328.682493842283,46340.73344515079,33040.869083497324,16219256.705802776,59524672.11029619
2012-08-07,15757.5990153529,41069.74471833312,42230.36536114578,14374410.65141659,52754087.09069888
2012-08-08,13301.370542216018,42045.192297926995,35647.67305313893,14715817.304274445,54007049.50668722
2012-08-09,12747.25234272204,39886.951170039865,34162.63627849507,13960432.90951395,51234788.7779162
2012-08-10,11127.060850893537,38756.44848709438,29820.52308039468,13564756.970483033,49782658.08167273
2012-08-11,14574.588270616407,46014.80251625973,39059.89656525197,16105180.880690904,59106013.83213562
2012-08-12,13395.39750949297,36675.14550052229,35899.665325441165,12836300.925182799,47109224.39542087
2012-08-13,12189.757082121412,43881.21213404946,32668.548980085387,15358424.24691731,56365416.98618653
2012-08-14,15139.339202699606,39563.84629706627,40573.429063234944,13847346.203973195,50819760.568581626
2012-08-15,11912.520508791304,30458.036299787535,31925.554963560695,10660312.704925638,39123347.62707709
2012-08-16,13046.72743895675,39520.46372902055,34965.22953640409,13832162.305157192,50764035.65992689
2012-08-17,14450.197949231038,37048.77008349142,38726.53050393918,12967069.529221997,47589145.17224473
2012-08-18,12521.13742429543,24986.529472653994,33556.64829711175,8745285.315428898,32095197.107624054
2012-08-19,9239.693979075022,30277.34179663078,24762.37986392106,10597069.628820771,38891245.53777223
2012-08-20,12751.101133850787,45450.79821459587,34172.95103872011,15907779.375108553,58381550.30664839
2012-08-21,15326.257942937867,35641.13110372573,41074.37128707349,12474395.886304006,45781032.9027357
2012-08-22,10465.771329327581,35251.49123744047,28048.26716259792,12338021.933104163,45280540.49449228
2012-08-23,12967.044387756341,39314.94272267393,34751.678959187,13760229.952935874,50500043.92727466
2012-08-24,12197.336056398704,29391.12296527441,32688.86063114853,10286893.037846044,37752897.44889498
2012-08-25,12159.17143317863,36655.25304128341,32586.57944091873,12829338.564449191,47083672.53152853
2012-08-26,11125.348280741839,27721.377224863423,29815.933392388128,9702482.028702198,35608109.045337066
2012-08-27,11514.285224270425,34331.110782196134,30858.28440104474,12015888.773768647,44098311.799730934
2012-08-28,10817.027962217886,32445.148453472986,28989.634938743937,11355801.958715545,41675793.18848605
2012-08-29,10004.594895310827,41709.90464565538,26812.31431943302,14598466.625979383,53576372.51734433
2012-08-30,10844.944464443088,36123.829099421615,29064.451164707476,12643340.184797565,46401058.47820706
2012-08-31,9154.572703544942,22047.515110133027,24534.254845500447,7716630.2885465585,28320033.15896587
2012-09-01,5796.711116547443,34732.44713478059,15535.185792347149,12156356.497173205,44613828.34462566
2012-09-02,7979.904302908362,30428.352766478918,21386.143531794412,10649923.468267621,39085219.12854217
2012-09-03,8654.761051542362,31752.879708635064,23194.759618133532,11113507.898022272,40786573.985741735
2012-09-04,14405.748225461171,29542.57495862783,38607.40524423594,10339901.235519739,37947437.53435744
2012-09-05,12006.416517668382,29933.799363068912,32177.196267351264,10476829.77707412,38449965.28186201
2012-09-06,10451.910414116053,40590.01512823652,28011.119909831024,14206505.29488278,52137874.4322198
2012-09-07,9818.086685351098,33364.04746754806,26312.472316740943,11677416.613641819,42856118.97206548
2012-09-08,8858.520411941696,31758.150969040544,23740.834704003748,11115352.83916419,40793344.91973258
2012-09-09,9267.56077032919,35252.2086681754,24837.06286448223,12338273.03386139,45281462.0342713
2012-09-10,15454.728967448413,22492.7964693747,41418.67363276175,7872478.764281145,28891997.0649118
2012-09-11,11028.17008843164,35308.31141337631,29555.495836996797,12357908.994681707,45353526.010481864
2012-09-12,7823.840628433509,29038.47125543188,20967.892884201803,10163464.939401157,37299916.327602245
2012-09-13,8473.630127454533,23595.057117477176,22709.32874157815,8258269.991117011,30307850.867399428
2012-09-14,13207.46202938028,31275.75359206636,35395.99823873915,10946513.757223226,40173705.48900924
2012-09-15,7725.335447571653,39291.86546279433,20703.89899949203,13752152.911978016,50470401.18695932
2012-09-16,8341.181767463351,31453.99303678245,22354.367136801782,11008897.562873855,40402654.05574705
2012-09-17,9888.030128076032,31111.03149474793,26499.92074324377,10888861.023161775,39962119.95500371
2012-09-18,12296.669862204999,31238.68853318342,32955.0752307094,10933540.986614196,40126095.4208741
2012-09-19,8699.055313613688,29753.439679851617,23313.468240484686,10413703.887948066,38218293.2687694
2012-09-20,11426.490939215097,35074.60899866771,30622.995717096463,12276113.149533698,45053335.258788675
2012-09-21,11705.815000768285,40707.99466559536,31371.584202059006,14247798.132958375,52289419.147957236
2012-09-22,8665.51024351949,35864.61858209357,23223.567452632233,12552616.50373275,46068102.568699196
2012-09-23,10429.305320933117,38784.150212694934,27950.538260100755,13574452.574443227,49818240.94820664
2012-09-24,9478.315491130612,33630.8192092666,25401.885516230042,11770786.723243311,43198787.27430295
2012-09-25,8037.866970986441,33665.37357989925,21541.483482243664,11782880.752964737,43243172.36338058
2012-09-26,10178.794720188129,31151.81020572165,27279.169850104186,10903133.572002577,40014500.20924946
2012-09-27,7453.219698618904,20985.747648255227,19974.628792298663,7345011.676889328,26956192.854183834
2012-09-28,12091.171182033688,34655.63454478092,32404.338767850284,12129472.090673324,44515162.572771095
2012-09-29,11047.001543479742,39039.938249761726,29605.964136525712,13663978.387416603,50146800.68181893
2012-09-30,7818.507436336287,42381.43685973178,20953.599929381253,14833502.900906121,54438955.64632546
2012-10-01,10766.80349229123,33442.49754337227,28855.033359340498,11704874.140180295,42956888.09446168
2012-10-02,9226.916220389394,37881.30208972039,24728.135470643578,13258455.731402136,48658532.53424584
2012-10-03,10620.114812134409,37145.93533527963,28461.90769652022,13001077.36734787,47713953.938166685
2012-10-04,12133.8221552779,36508.9728755564,32518.643376144773,12778140.50644474,46895775.658652194
2012-10-05,15622.696970617006,37143.119798566426,41868.82788125358,13000091.929498248,47710337.38125857
2012-10-06,11805.541373885997,43004.4363981609,31638.850882014474,15051552.739356313,55239198.553437665
2012-10-07,10479.37889621537,36749.38979511955,28084.735441857196,12862286.42829184,47204591.19183105
2012-10-08,9678.493231235529,41469.55074503654,25938.361859711218,14514342.760762788,53267637.93199943
2012-10-09,9822.684227805927,41625.41355897005,26324.793730519887,14568894.745639516,53467843.71649703
2012-10-10,9667.092347067613,35588.02008932211,25907.807490141207,12455807.031262739,45712811.80473425
2012-10-11,11488.61241831303,37779.45230855618,30789.481281078923,13222808.307994664,48527706.49034041
2012-10-12,11974.038614835987,38366.302949464014,32090.423487760447,13428206.032312404,49281516.13858652
2012-10-13,13138.13582531182,47301.425008156424,35210.20401183568,16555498.752854748,60758680.422976926
2012-10-14,11037.536649365602,41574.56151751686,29580.598220299817,14551096.5311309,53402524.26925041
2012-10-15,7926.436510959689,37113.39198249303,21242.849849371967,12989687.19387256,47672152.0015123
2012-10-16,8552.146108314173,38039.56193384278,22919.751570281984,13313846.676844971,48861817.304021046
2012-10-17,10445.045263377737,45670.724816481896,27992.721305852338,15984753.685768662,58664046.02677099
2012-10-18,8558.12331657431,45352.54454305792,22935.770488419155,15873390.59007027,58255343.46555789
2012-10-19,8484.418763167363,48646.09951954883,22738.242285288536,17026134.831842087,62485914.83286046
2012-10-20,11980.112208449369,45808.39916457908,32106.70071864431,16032939.707602676,58840888.72690182
2012-10-21,13653.834416044667,48931.45482460299,36592.27623499971,17126009.188611045,62852453.72220253
2012-10-22,10163.664411801292,56073.967440485976,27238.620623627463,19625888.60417009,72027011.17730424
2012-10-23,13240.619586771685,50729.683575809926,35484.86049254812,17755389.25153347,65162278.55312784
2012-10-24,10962.55336561138,52843.386603544895,29379.643019838502,18495185.311240714,67877330.09225342
2012-10-25,9262.419102286538,57000.14544658563,24823.283194127922,19950050.90630497,73216686.82613924
2012-10-26,9738.732302844166,57038.293618696465,26099.802571622367,19963402.76654376,73265688.1532156
2012-10-27,13110.06186408969,58233.02227092053,35134.96579576037,20381557.794822183,74800317.10699742
2012-10-28,11269.705845786168,56317.327816371486,30202.81166670693,19711064.73573002,72339607.58012916
2012-10-29,10690.97005469885,50020.18317090374,28651.79974659292,17507064.10981631,64250925.28302585
2012-10-30,12855.838295222999,55277.39536776669,34453.64663119764,19347088.37871834,71003814.3498963
2012-10-31,11756.685742154343,56089.63102717846,31507.917788973642,19631370.85951246,72047131.05441073
2012-11-01,13079.19934533253,53906.517912535106,35052.25424549118,18867281.269387286,69242922.25865135
2012-11-02,14352.675661876137,50698.06313213476,38465.17077382805,17744322.096247163,65121662.09322709
2012-11-03,14675.936365397949,53046.63573978456,39331.509459266505,18566322.508924592,68138403.60775325
2012-11-04,15261.540982214368,56124.82565901555,40900.92983233451,19643688.980655443,72092338.55900547
2012-11-05,12281.540584362983,54350.98600389437,32914.5287660928,19022845.10136303,69813841.52200231
2012-11-06,13985.248538396254,58611.51765964372,37480.46608290196,20514031.1808753,75286494.43381235
2012-11-07,15074.635178123523,63511.673380049906,40400.02227737104,22229085.683017466,81580744.4566741
2012-11-08,11922.580780099535,62349.23379939861,31952.516490666756,21822231.82978951,80087590.81532751
2012-11-09,13175.309858589957,56503.86924544445,35309.830421021084,19776354.235905558,72579220.0457734
2012-11-10,15460.958646243358,70022.79401171843,41435.3691719322,24507977.90410145,89944278.90805233
2012-11-11,14102.099881127964,64174.04383029099,37793.62768142295,22460915.340601843,82431559.30000876
2012-11-12,13489.960766982349,69930.49851689445,36153.094855512696,24475674.480913058,89825725.34495091
2012-11-13,7347.204153004945,64237.4615889164,19690.507130053255,22483111.55612074,82513019.4109631
2012-11-14,11688.602390574055,67095.7583235849,31325.45440673847,23483515.41325471,86184501.56664479
2012-11-15,12296.604065153018,62744.93733537572,32954.898894610094,21960728.0673815,80595872.00729011
2012-11-16,11754.595679323716,66549.5067347567,31502.316420587562,23292327.35716484,85482841.40079497
2012-11-17,9642.77586917131,70436.66723773161,25842.63932937911,24652833.533206064,90475899.06686625
2012-11-18,12739.055689817238,55961.0218546676,34140.6692487102,19586357.649133656,71881932.57232052
2012-11-19,14223.079120974193,70057.21563980562,38117.85204421084,24520025.47393197,89988493.48933032
2012-11-20,17724.30669793594,77563.72703556219,47501.14195046832,27147304.462446764,99630607.37717962
2012-11-21,11897.341951582725,72464.4917149867,31884.876430241704,25362572.10024534,93080639.6079004
2012-11-22,14760.217136419506,59191.85397556032,39557.38192560428,20717148.89144611,76031936.43160722
2012-11-23,15065.555040400362,64847.71660453713,40375.687508272975,22696700.811587993,83296891.97852793
2012-11-24,12235.807357919655,66776.7797697468,32791.96371922468,23371872.91941138,85774773.61423977
2012-11-25,13060.318412796496,71251.51971829231,35001.65334629461,24938031.901402306,91522577.07814646
2012-11-26,13309.371767353156,72395.25411512982,35669.11633650646,25338338.94029544,92991703.91088426
2012-11-27,13431.425742340141,70848.58954646788,35996.22098947158,24797006.341263752,91005013.27243797
2012-11-28,17096.750501866427,71174.70204754654,45819.29134500203,24911145.716641285,91423904.78007351
2012-11-29,16061.318335727256,71417.35871186004,43044.33313974905,24996075.549151015,91735597.26538423
2012-11-30,17495.39783938878,56418.598425001524,46887.66620956194,19746509.448750533,72469689.67691445
2012-12-01,12577.269019622318,72779.16388329596,33707.08097258781,25472707.359153584,93484836.00809366
2012-12-02,16590.83629257384,66318.94225305007,44463.44126409789,23211629.788567524,85186681.32404281
2012-12-03,16910.94720783883,68459.59394708845,45321.33851700807,23960857.881480955,87936348.4250351
2012-12-04,14337.06830024351,69770.18870627048,38423.34304465261,24419566.047194663,89619807.3932044
2012-12-05,14681.177905779701,68191.49657750025,39345.5567874896,23867023.80212509,87591977.35379907
2012-12-06,16522.100998458944,66181.17311214951,44279.23067586997,23163410.589252327,85009716.86255604
2012-12-07,20088.860399126082,71391.72213773214,53838.14586965791,24987102.748206247,91702667.08591692
2012-12-08,17698.423327730678,72400.96200638411,47431.77451831822,25340336.70223444,92999035.69720039
2012-12-09,18512.488700683083,73898.05541257342,49613.46971783067,25864319.394400697,94922052.17745055
2012-12-10,15521.511431484469,71565.47742293574,41597.65063637838,25047917.09802751,91925855.74976096
2012-12-11,17378.572907878442,61417.944500151454,46574.57539311423,21496280.575053006,78891349.71044452
2012-12-12,20978.087500992435,69070.97369763434,56221.274502659726,24174840.79417202,88721665.7146113
2012-12-13,17641.68283512082,71433.29507310611,47279.7099981238,25001653.275587138,91756067.52140479
2012-12-14,20731.569716412916,62597.17555944226,55560.60683998662,21909011.44580479,80406072.00610358
2012-12-15,16572.502709014734,79339.12814087607,44414.30726015949,27768694.849306624,101911110.09695531
2012-12-16,15166.66069408493,65797.77287674187,40646.650660147614,23029220.506859653,84517239.26017493
2012-12-17,17505.263730510513,65688.77350001413,46914.106797768174,22991070.72500494,84377229.56076813
2012-12-18,20073.78688584919,69439.41174958149,53797.74885407583,24303794.11235352,89194924.39233741
2012-12-19,19426.438954562454,76861.18398288448,52062.856398227384,26901414.394009568,98728190.82601511
2012-12-20,17185.617421035862,65796.48331013,46057.454688376114,23028769.158545498,84515582.81186198
2012-12-21,17304.95602466026,70500.81898355883,46377.2821460895,24675286.64424559,90558301.98438132
2012-12-22,17001.41531843206,67305.09566054745,45563.79305339792,23556783.481191605,86453395.3759732
2012-12-23,16912.17277240001,61248.44752202999,45324.623030032024,21436956.632710494,78673630.84204751
2012-12-24,19855.333192649097,62070.146082629646,53212.292956299585,21724551.128920373,79729102.64313777
2012-12-25,21012.495414230405,65731.70489572118,56313.48771013749,23006096.71350241,84432374.93855384
2012-12-26,19025.29691795637,62446.30016968247,50987.795740123074,21856205.059388865,80212272.56795713
2012-12-27,19339.765589693438,68279.11864659259,51830.571780378414,23897691.526307404,87704527.90154818
2012-12-28,19826.038553117058,68418.50143169446,53133.783322353716,23946475.50109306,87883565.08901154
2012-12-29,21285.21847574985,71069.50199620794,57044.385515009606,24874325.698672775,91288775.31412908
2012-12-30,19603.51755836799,59380.4875075308,52537.42705642621,20783170.62763578,76274236.2034233
2012-12-31,19215.29249989252,62816.990014045594,51496.98389971195,21985946.504915956,80688423.67304155
2013-01-01,19254.707147776277,62438.2869456499,51602.615156040425,21853400.430977464,80201979.58168729
2013-01-02,16253.004639447503,62994.48003529444,43558.05243371931,22048068.01235305,80916409.6053357
2013-01-03,18434.990311966874,58183.02999179518,49405.77403607123,20364060.49712831,74736102.0244609
2013-01-04,22598.928580987194,65427.08229828755,60565.12859704568,22899478.80440064,84041087.21215035
2013-01-05,18978.880113928175,59719.754064480745,50863.39870532751,20901913.922568258,76710024.09582551
2013-01-06,18983.14804812221,55012.288053644515,50874.83676896752,19254300.81877558,70663284.00490637
2013-01-07,21817.41115289123,63930.42296128485,58470.661889748495,22375648.036449697,82118628.29377039
2013-01-08,22595.378222145788,49388.956599984755,60555.61363535072,17286134.809994664,63440114.75268041
2013-01-09,20255.387383485606,66356.40616749965,54284.43818774143,23224742.158624876,85234803.72215329
2013-01-10,26722.851756356285,58734.386883461404,71617.24270703485,20557035.40921149,75444319.95180617
2013-01-11,22526.732235686435,63646.71623037961,60371.64239163965,22276350.68063286,81754206.9979226
2013-01-12,23196.686119856302,61476.55343830977,62167.11880121489,21516793.703408416,78966632.89150889
2013-01-13,20509.81521067545,51364.57354695284,54966.304764610206,17977600.74143349,65977794.72106091
2013-01-14,20665.296197997246,58601.09931685351,55382.99381063262,20510384.760898728,75273112.07249834
2013-01-15,21592.560066214286,61100.67836083039,57868.06097745429,21385237.426290635,78483821.35448663
2013-01-16,27731.32633688102,49390.89840131949,74319.95458284114,17286814.44046182,63442608.99649488
2013-01-17,26370.425972372028,62724.37074616591,70672.74160595704,21953529.761158068,80569454.22345011
2013-01-18,24503.0954810119,54603.241657923434,65668.29588911189,19111134.580273204,70137863.90960266
2013-01-19,23318.635642600708,47038.95401613233,62493.9435221699,16463633.905646315,60421536.433721974
2013-01-20,22297.237516296507,57233.46819859561,59756.59654367464,20031713.869508464,73516389.90109606
2013-01-21,23092.29411433789,52844.34056156348,61887.34822642554,18495519.196547214,67878555.45132828
2013-01-22,23510.63623737105,52792.7105943468,63008.50511615442,18477448.70802138,67812236.75843847
2013-01-23,26391.527811337353,44810.34296572497,70729.29453438411,15683620.03800374,57558885.53947373
2013-01-24,22648.317964999544,46727.03449413932,60697.49214619878,16354462.072948761,60020875.80772195
2013-01-25,29274.9278172274,49734.499683191025,78456.80655016944,17407074.889116857,63883964.84305886
2013-01-26,29280.77789527706,41946.61563268483,78472.48475934252,14681315.471439688,53880427.78018365
2013-01-27,26197.607152568475,43428.05148860764,70209.58716888352,15199818.021012675,55783332.137116514
2013-01-28,26694.533353346826,47684.029523802856,71541.3493869695,16689410.333330998,61250135.923324764
2013-01-29,25678.64491561838,42934.36994981338,68818.76837385727,15027029.482434683,55149198.20053528
2013-01-30,25268.17576179317,50452.23712253239,67718.7110416057,17658282.992886335,64805898.583892845
2013-01-31,22989.409961974015,48168.5187193124,61611.618698090366,16858981.55175934,61872462.29495677
2013-02-01,28891.443517279964,44338.88832492585,77429.06862631031,15518610.913724046,56953302.05336725
2013-02-02,21939.878430110093,41125.20749002852,58798.87419269505,14393822.621509982,52825329.02094164
2013-02-03,27082.837309003215,29292.980684793263,72582.00398812862,10252543.239677642,37626833.68961694
2013-02-04,24947.03716539464,35564.95102398299,66858.05960325763,12447732.858394047,45683179.590306155
2013-02-05,25116.85562687973,37594.40237146206,67313.17308003768,13158040.830011722,48290009.846143015
2013-02-06,26026.93541155335,41314.97144424931,69752.18690296297,14460240.005487258,53069080.82013823
2013-02-07,26691.160058785004,29954.610294714428,71532.30895754382,10484113.60315005,38476696.92356068
2013-02-08,28655.541370840525,34039.32793016029,76796.85087385261,11913764.7755561,43723516.72629089
2013-02-09,25210.0101757551,41712.72514199706,67562.82727102366,14599453.799698971,53579995.44489522
2013-02-10,25622.964848596905,37754.47766522923,68669.5457942397,13214067.18283023,48495626.56098694
2013-02-11,29590.975962034216,39864.89710446364,79303.8155782517,13952713.986562274,51206460.330683544
2013-02-12,27534.86177307424,34732.61226465258,73793.42955183897,12156414.292628402,44614040.45394623
2013-02-13,26965.927700527634,39924.6406563568,72268.68623741406,13973624.22972488,51283200.92309031
2013-02-14,31026.28011684536,23643.897346929538,83150.43071314557,8275364.071425338,30370586.14213099
2013-02-15,28276.829038437016,34379.155641732075,75781.90182301121,12032704.474606225,44160025.421804845
2013-02-16,28095.444304610206,36523.57986607003,75295.79073635535,12783252.95312451,46914538.33796695
2013-02-17,26997.729077535918,34404.478860329276,72353.91392779627,12041567.601115247,44192553.096092954
2013-02-18,27106.31406146208,36827.745407958486,72644.92168471837,12889710.89278547,47305238.97652267
2013-02-19,25305.465841939116,32885.68768551722,67818.64845639684,11509990.689931028,42241665.832046874
2013-02-20,27987.785142929457,36522.97301578827,75007.26418305095,12783040.555525895,46913758.83878004
2013-02-21,24984.278161694063,32119.978545807826,66957.86547334009,11241992.491032738,41258112.442090146
2013-02-22,31831.775128558824,27401.95153948589,85309.15734453766,9590683.038820062,35197806.75246963
2013-02-23,25728.83550149598,35218.89261086357,68953.27914400924,12326612.41380225,45238667.558654256
2013-02-24,29236.83270618302,37244.458011191105,78354.7116525705,13035560.303916886,47840506.31537497
2013-02-25,25996.495395247322,33628.512356643405,69670.60765926282,11769979.324825192,43195824.12210845
2013-02-26,30060.31592571108,32995.66720581932,80561.6466809057,11548483.522036761,42382934.52587491
2013-02-27,26697.86249211458,31419.52268771761,71550.27147886707,10996832.940701162,40358376.892373264
2013-02-28,29036.794525054585,39271.165833137486,77818.60932714629,13744908.041598119,50443812.51266509
2013-03-01,29826.955842852298,38940.02373162308,79936.24165884416,13629008.306068076,50018460.48326984
2013-03-02,27919.925502006285,25568.726232501664,74825.40034537685,8949054.181375582,32843028.845648386
2013-03-03,28927.031059619916,32416.732805111897,77524.44323978138,11345856.481789162,41639293.288166225
2013-03-04,28646.96477193157,30561.163548522076,76773.8655887766,10696407.241982726,39255814.57807661
2013-03-05,30126.974910173067,28787.376799599442,80740.29275926383,10075581.879859805,36977385.499085486
2013-03-06,30717.02460966457,32326.25598685695,82321.62595390105,11314189.595399933,41523075.815117754
2013-03-07,29146.268000571617,28808.25092527137,78111.99824153194,10082887.82384498,37004198.31351108
2013-03-08,31316.222055252438,20278.865206639904,83927.47510807654,7097602.822323966,26048202.357928954
2013-03-09,27031.899987297096,18177.067361674446,72445.49196595623,6361973.576586056,23348443.026070822
2013-03-10,30014.52219056494,38886.59860603322,80438.91947071404,13610309.512111627,49949835.90944967
2013-03-11,26057.246456768982,33343.75707811386,69833.42050414087,11670314.977339849,42830055.96683724
2013-03-12,29623.77826880123,29819.98464642513,79391.7257603873,10436994.626248796,38303770.278333075
2013-03-13,28678.442245560884,28467.205048327753,76858.22521810318,9963521.766914712,36566124.88457699
2013-03-14,31019.316739118523,29422.100038696382,83131.76886083765,10297735.013543732,37792687.4997055
2013-03-15,28159.49794433152,34669.236353775355,75467.45449080848,12134232.723821372,44532634.09642443
2013-03-16,29752.411221773746,29539.289463415167,79736.46207435364,10338751.312195309,37943217.31575678
2013-03-17,31149.540086605622,35718.698268680426,83480.76743210308,12501544.394038148,45880667.926120006
2013-03-18,29389.510010492224,27125.005282831724,78763.88682811917,9493751.848991103,34842069.28579735
2013-03-19,27739.719403894607,29053.7922412475,74342.44800243755,10168827.284436624,37319596.13388241
2013-03-20,32808.52012859235,40123.232527803404,87926.83394462749,14043131.384731192,51538292.18196347
2013-03-21,30118.73961275593,35496.44021549506,80718.22216218589,12423754.075423269,45595177.4568034
2013-03-22,33232.799777591994,44240.758420584636,89063.90340394655,15484265.447204622,56827254.19124096
2013-03-23,29674.866613120106,35288.15271575571,79528.64252316189,12350853.450514497,45327632.16338821
2013-03-24,27626.101047145406,34240.82366178634,74037.95080634969,11984288.281625219,43982337.99356455
2013-03-25,29789.595887778603,34458.27660278625,79836.11697924667,12060396.810975187,44261656.29627893
2013-03-26,31542.541649600375,28109.804677813387,84534.01162092901,9838431.637234686,36107044.108651295
2013-03-27,32423.007647244118,40171.07245769752,86893.66049461425,14059875.36019413,51599742.57191245
2013-03-28,28448.945352461877,32495.774121252798,76243.17354459784,11373520.942438478,41740821.85874921
2013-03-29,29868.248937479995,39043.41143114133,80046.9071524464,13665194.000899466,50151261.983301036
2013-03-30,30722.37972138637,37871.72956235417,82335.97765331548,13255105.346823959,48646236.62284393
2013-03-31,29252.493903586925,38829.38412198211,78396.68366161296,13590284.442693738,49876343.90468602
2013-04-01,29767.84820454529,40205.017480741204,79777.83318818138,14071756.11825942,51643344.95401207
2013-04-02,27757.569256538744,40377.36233467825,74390.28560752384,14132076.817137387,51864721.91889421
2013-04-03,33364.36141438701,33057.70101684435,89416.48859055719,11570195.355895523,42462616.95613657
2013-04-04,29449.0718633904,43465.15446901751,78923.51259388628,15212804.064156126,55830990.91545298
2013-04-05,25411.985911797638,45296.11342307123,68104.12224361768,15853639.69807493,58182857.69193499
2013-04-06,29407.485250564805,33864.397079431335,78812.06047151369,11852538.977800965,43498818.04852954
2013-04-07,31694.839154910154,43584.1092206096,84942.16893515922,15254438.227213359,55983788.29387303
2013-04-08,32892.83536980272,33783.163828314755,88152.7987910713,11824107.339910163,43394473.937470295
2013-04-09,29429.0871100118,47999.01481534305,78869.95345483163,16799655.18537007,61654734.53030815
2013-04-10,30340.389381076693,41475.325540918,81312.24354128554,14516363.9393213,53275055.65730917
2013-04-11,28539.334805615035,41282.15009515805,76485.4172790483,14448752.533305319,53026921.79723052
2013-04-12,26672.220082197484,30682.747703074772,71481.54982028926,10738961.69607617,39411989.42459954
2013-04-13,32445.563043823196,43260.146693393035,86954.10895744617,15141051.342687562,55567658.42766335
2013-04-14,29322.767482477884,43184.600195570194,78585.01685304074,15114610.068449566,55470618.95120991
2013-04-15,26564.47998537081,49499.28975473995,71192.80636079378,17324751.41415898,63581837.68996346
2013-04-16,28666.403321529822,47530.035401003894,76825.96090169993,16635512.390351363,61052330.4725895
2013-04-17,31941.83598682205,39573.99155752555,85604.1204446831,13850897.045133943,50832792.15564157
2013-04-18,30492.32659108817,44994.610049178926,81719.4352641163,15748113.517212624,57795576.60817033
2013-04-19,30834.783849012107,52379.83457317541,82637.22071535245,18332942.100611392,67281897.50924382
2013-04-20,25363.8750804267,57638.05527131513,67975.18521554356,20173319.344960295,74036081.99600428
2013-04-21,31169.308429382017,54597.21442179686,83533.74659074382,19109025.0476289,70130121.92479806
2013-04-22,29611.108124193157,45272.905169182726,79357.76977283767,15845516.809213953,58153046.68981521
2013-04-23,28170.93751825505,46713.18634004815,75498.11254892354,16349615.219016852,60003087.85379185
2013-04-24,29196.583148395926,52744.99923194711,78246.84283770109,18460749.73118149,67750951.51343606
2013-04-25,27100.50420915169,52789.0313541867,72629.35128052653,18476160.973965343,67807510.7744528
2013-04-26,28460.71464489015,48799.20865877102,76274.71524830561,17079723.03056986,62682583.52219138
2013-04-27,30592.23239982459,53295.97683705472,81987.1828315299,18653591.89296915,68458682.24719678
2013-04-28,27328.51313186525,55157.72096743612,73240.41519339888,19305202.33860264,70850092.58267169
2013-04-29,31473.14152477762,55581.93065796479,84348.01928640403,19453675.730287675,71394989.93015577
2013-04-30,28844.967692708826,58670.86649891048,77304.51341645965,20534803.274618667,75362728.0178505
2013-05-01,27636.594879252574,57430.889076618856,74066.0742763969,20100811.176816598,73769977.0189169
2013-05-02,28801.249317379374,59074.80036908331,77187.34817057672,20676180.129179157,75881581.0740875
2013-05-03,27330.571058692225,66871.58940491316,73245.93043729517,23405056.291719604,85896556.59061095
2013-05-04,25443.224995289536,66763.92749676152,68187.84298737596,23367374.623866532,85758264.86959018
2013-05-05,29024.20005093289,61434.677374454375,77784.85613650015,21502137.081059027,78912843.08748662
2013-05-06,30603.078112958963,52604.73374086003,82016.24934273002,18411656.809301008,67570780.4901347
2013-05-07,26888.447995850176,54501.21531646061,72061.04062887847,19075425.360761214,70006811.07399365
2013-05-08,29490.46026315154,61208.729915341006,79034.43350524614,21423055.47036935,78622613.57625552
2013-05-09,25319.079765517574,49795.59251923939,67855.1337715871,17428457.381733786,63962438.59096299
2013-05-10,22218.74285822856,57601.109773261116,59546.23086005255,20160388.42064139,73988625.5037539
2013-05-11,24834.23947728445,64963.045149067555,66555.76179912232,22737065.802173644,83445031.49397728
2013-05-12,27148.861418131528,57696.751882996236,72758.9486005925,20193863.159048684,74111477.79370867
2013-05-13,24522.700263883646,67158.67687599015,65720.83670720817,23505536.906596553,86265320.44720934
2013-05-14,28004.579525920646,68233.51429112242,75052.27312946734,23881730.001892846,87645949.10694674
2013-05-15,25905.019819976227,72102.28084130539,69425.4531175363,25235798.294456884,92615379.74065676
2013-05-16,22675.31917006343,71115.96229159828,60769.85537577,24890586.802059393,91348453.56355797
2013-05-17,25708.50376399488,69460.98618174609,68898.79008750628,24311345.163611133,89222636.75045286
2013-05-18,27574.052872052067,65133.05991296262,73898.46169709954,22796570.969536915,83663415.45820048
2013-05-19,26478.98437027574,66522.95862339644,70963.67811233898,23283035.518188752,85448740.35175271
2013-05-20,27782.222270281745,73194.73530164047,74456.35568435508,25618157.35557416,94018637.49495716
2013-05-21,25319.375312845375,64744.22530911168,67855.92583842561,22660478.858189087,83163957.40955395
2013-05-22,25375.375482145362,64285.58707358536,68006.00629214957,22499955.475754876,82574836.59602039
2013-05-23,27883.179395364845,66423.54332015585,74726.92077957779,23248240.162054546,85321041.39474018
2013-05-24,27454.071533966537,64354.527229764295,73576.91171103032,22524084.530417502,82663390.22663224
2013-05-25,26814.06922973756,63551.86103950976,71861.70553569667,22243151.363828413,81632365.50525028
2013-05-26,22887.359936698245,69205.45342555891,61338.1246303513,24221908.698945615,88894404.92513041
2013-05-27,30014.773650067054,70879.4063214974,80439.59338217971,24807792.212524086,91044597.41996339
2013-05-28,23221.50026745531,72844.8257642901,62233.620716780235,25495689.017501533,93569178.69423063
2013-05-29,24441.22088133812,62182.80035948187,65502.471961986164,21763980.125818655,79873807.06175447
2013-05-30,26608.913138757394,67201.79871520208,71311.88721186982,23520629.550320726,86320710.44967707
2013-05-31,27822.440699750347,67607.31729733554,74564.14107533093,23662561.054067437,86841599.06842749
2013-06-01,27283.55411923355,61328.32897430628,73119.92503954592,21464915.141007196,78776238.5674964
2013-06-02,23584.294558734542,76869.25926281912,63205.90941740858,26904240.741986692,98738563.52309115
2013-06-03,25344.451594779515,68188.06652708973,67923.1302740091,23865823.284481402,87587571.45404674
2013-06-04,23234.410165147012,75882.27732116869,62268.219242593994,26558797.06240904,97470785.21904117
2013-06-05,24606.376403621984,72839.3705915607,65945.08876170692,25493779.70704624,93562171.5248597
2013-06-06,22382.749210145474,70043.31493597203,59985.767883189874,24515160.227590207,89970638.03525606
2013-06-07,21681.870326345383,72577.66382309332,58107.412474605626,25402182.338082656,93226009.18076335
2013-06-08,23417.639977093357,63182.01696108543,62759.2751386102,22113705.9363799,81157300.78651422
2013-06-09,24108.108636152057,60915.725153725165,64609.73114488752,21320503.803803805,78246248.95995997
2013-06-10,21740.68922026195,68878.1278103554,58265.047110302025,24107344.73362439,88473955.17240152
2013-06-11,26280.017109774948,64929.087872890566,70430.44585419686,22725180.755511697,83401413.37272793
2013-06-12,26435.374886543246,76120.05010053332,70846.8046959359,26642017.53518666,97776204.35413504
2013-06-13,23053.584463693747,72933.95998182581,61783.60636269925,25526885.993639033,93683671.59665525
2013-06-14,18997.645987921383,68947.97718247156,50913.69124762931,24131792.013865042,88563676.69088471
2013-06-15,22643.54170271503,63440.0427878909,60684.69176327628,22204014.975761816,81488734.96104586
2013-06-16,21774.673556561902,66140.5499768102,58356.1251315859,23149192.49188357,84957536.44521269
2013-06-17,23802.9525238484,69455.06801177822,63791.912763913715,24309273.804122377,89215034.86112912
2013-06-18,26630.384912765574,66252.84402948433,71369.43156621174,23188495.410319515,85101778.15587261
2013-06-19,22980.378211796862,67137.81012704218,61587.41360761559,23498233.54446476,86238517.10818566
2013-06-20,22805.1764971675,76606.89364982415,61117.873012408905,26812412.777438454,98401554.89319913
2013-06-21,24840.44350367364,69005.62252655654,66572.38858984536,24151967.884294793,88637722.1353619
2013-06-22,22478.28346640347,69422.88684062654,60241.799689961306,24298010.394219287,89173698.14678478
2013-06-23,18929.966763229128,69287.40507124538,50732.31092545406,24250591.77493588,88999671.81401467
2013-06-24,21835.1036317783,65470.09805434402,58518.07773316585,22914534.3190204,84096340.95080487
2013-06-25,23288.26519055512,61116.31029349804,62412.55071068773,21390708.602724314,78503900.57199822
2013-06-26,20954.310410657396,63869.578936866834,56157.551900561826,22354352.62790339,82040474.14440544
2013-06-27,19114.165774465786,67455.14386656585,51225.96427556831,23609300.353298046,86646132.29660383
2013-06-28,19254.565561554584,61150.7217694467,51602.23570496629,21402752.619306345,78548102.11285429
2013-06-29,18087.53050364737,74278.52073950636,48474.58174977495,25997482.258827224,95410759.88989592
2013-06-30,18320.810350612333,62444.43322383629,49099.77173964106,21855551.6283427,80209874.4760177
2013-07-01,17255.947128614498,60070.87962147011,46245.93830468686,21024807.867514536,77161044.87377834
2013-07-02,18797.587444200657,59267.53754595277,50377.53435045776,20743638.14108347,76129151.97777633
2013-07-03,19574.87141774764,53209.31165689197,52460.65539956368,18623259.07991219,68347360.82327773
2013-07-04,19430.867414773573,55799.414067068916,52074.724671593176,19529794.923474118,71674347.36915001
2013-07-05,18035.936739324272,57544.7091484274,48336.310461389054,20140648.20194959,73916178.901155
2013-07-06,18569.872643915784,61520.88144375193,49767.2586856943,21532308.505313173,79023572.21449934
2013-07-07,17369.829759493376,61369.00047913018,46551.14375544225,21479150.167695563,78828481.11544272
2013-07-08,20597.46222596791,52059.683328087885,55201.198765594,18220889.16483076,66870663.23492888
2013-07-09,18530.067778099827,55409.22745366766,49660.58164530754,19393229.60878368,71173152.66423611
2013-07-10,20742.31973476971,52398.59959955903,55589.41688918282,18339509.859845657,67306001.18563356
2013-07-11,17688.465247303895,54860.1493986338,47405.08686277444,19201052.28952183,70467861.90254511
2013-07-12,12431.50952431044,62609.7029406986,33316.44552515198,21913396.029244505,80422163.42732733
2013-07-13,14097.79282798895,51491.135090162315,37782.08477901039,18021897.281556807,66140363.023313485
2013-07-14,16805.86481734192,57932.69412854123,45039.71771047635,20276442.944989428,74414545.6081112
2013-07-15,17591.460461311344,40614.038671542636,47145.11403631441,14214913.535039922,52168732.673596516
2013-07-16,13849.200533102317,52885.04727649782,37115.85742871421,18509766.546774235,67930843.22666144
2013-07-17,16969.344116237917,54064.33996339993,45477.84223151762,18922518.987189975,69445644.6829872
2013-07-18,20341.248368276978,51839.38061187684,54514.545626982304,18143783.214156892,66587684.39595579
2013-07-19,18573.382206260743,49628.25122850632,49776.6643127788,17369887.929977212,63747488.70301637
2013-07-20,14252.422911831434,53079.35206063066,38196.49340370825,18577773.22122073,68180427.72188008
2013-07-21,12711.260363407371,45271.35637913898,34066.177773931755,15844974.732698644,58151057.26900402
2013-07-22,14908.24397475653,40747.31041115059,39954.0938523475,14261558.643902706,52339920.22312293
2013-07-23,15466.719088747162,35119.17133258324,41450.8071578424,12291709.966404134,45110575.576703176
2013-07-24,13506.333002733405,50715.07985207823,36196.97244732553,17750277.94822738,65143520.06999448
2013-07-25,15409.87899525452,51920.219360567535,41298.475707282116,18172076.776198637,66691521.768649
2013-07-26,15101.188871710134,38523.08234302438,40471.18617618316,13483078.820058532,49482899.26961481
2013-07-27,17933.830956117883,39410.59447106267,48062.66696239593,13793708.064871935,50622908.59808
2013-07-28,15728.671589842023,47496.10414344044,42152.83986077662,16623636.450204153,61008745.77224924
2013-07-29,16843.806761353608,46607.71970901946,45141.40212042767,16312701.89815681,59867615.966235496
2013-07-30,11237.76913721568,55143.543935509195,30117.221287738026,19300240.37742822,70831882.18516156
2013-07-31,17546.312240362757,32627.343503476193,47024.11680417219,11419570.226216668,41909822.73021517
2013-08-01,16878.72135599976,32885.08390690805,45234.97323407936,11509779.367417816,42240890.278423384
2013-08-02,14918.62011157857,44562.30061748079,39981.90189903057,15596805.216118276,57240275.14315407
2013-08-03,14368.199456760143,39061.779248196865,38506.77454411719,13671622.736868901,50174855.44430887
2013-08-04,13984.770036998701,36291.87563214033,37479.18369915652,12702156.471249113,46616914.24948424
2013-08-05,12751.268094492387,37464.880822415755,34173.3984932396,13112708.287845513,48123639.416393034
2013-08-06,15540.078341200573,26938.52307018116,41647.40995441754,9428483.074563406,34602532.8836477
2013-08-07,15961.074784814582,32029.555954176965,42775.680423303085,11210344.583961938,41141964.62314031
2013-08-08,13837.055583467729,35293.16146538093,37083.30896369352,12352606.512883324,45334065.9022818
2013-08-09,12909.449796749343,32963.39898854314,34597.32545528824,11537189.645990098,42341486.00078366
2013-08-10,16634.51000800671,43776.74044656732,44580.486821457984,15321859.156298561,56231223.103615716
2013-08-11,13716.198167530001,38507.07124146608,36759.41108898041,13477474.934513127,49462333.00966318
2013-08-12,10385.00210898483,28077.55703650439,27831.805652079347,9827144.962776534,36065622.01338988
2013-08-13,10657.118314791423,31153.65437162466,28561.077083641016,10903779.03006863,40016869.040351875
2013-08-14,15466.439726967934,31850.853264315545,41450.05846827407,11147798.64251044,40912421.01801331
2013-08-15,14807.173891328535,38214.29641733654,39683.22602876048,13375003.746067788,49086263.74806878
2013-08-16,11246.914658869542,29274.803311518364,30141.731285770376,10246181.159031427,37603484.85364533
2013-08-17,12665.23546282997,29962.421409718725,33942.83104038432,10486847.493401553,38486730.3007837
2013-08-18,13080.541682575209,42852.158934063715,35055.85170930156,14998255.6269223,55043598.15080484
2013-08-19,9789.438122344942,30254.31467100232,26235.694167884445,10589010.134850811,38861667.19490248
2013-08-20,8706.154617009222,40299.33502707225,23332.49437358472,14104767.259475287,51764495.8422743
2013-08-21,8117.6090586753035,33357.24183109931,21755.192277249815,11675034.640884757,42847377.13204706
2013-08-22,10389.256940660063,36770.3037857402,27843.20860096897,12869606.32500907,47231455.212783284
2013-08-23,9732.05325777922,33590.017563426416,26081.902730848313,11756506.147199243,43146377.560221225
2013-08-24,13049.684107960675,34211.01144553277,34973.15340933461,11973854.005936468,43944044.20178684
2013-08-25,8549.339288466417,35607.9831599335,22912.22929309,12462794.105976725,45738454.36893458
2013-08-26,10473.210983410492,31588.15008162892,28068.20543554012,11055852.528570121,40574978.779852346
2013-08-27,9651.19354214917,30501.99234219451,25865.19869295978,10675697.319768077,39179809.16354884
2013-08-28,12189.595156004634,35072.60139631813,32668.115018092423,12275410.488711344,45050756.49357063
2013-08-29,13178.893603994948,37068.293924931255,35319.43485870646,12973902.87372594,47614223.5465742
2013-08-30,10054.47266204362,36800.19670933618,26945.986734276903,12880068.848267663,47269852.67314232
2013-08-31,12044.27105045659,29479.098107138925,32278.646415223662,10317684.337498622,37865901.51861994
2013-09-01,12670.946030823701,27847.78313017675,33958.13536260752,9746724.095561862,35770477.43071203
2013-09-02,12903.205268009904,31202.235339198985,34580.59011826655,10920782.368719643,40079271.29320109
2013-09-03,13237.430223199208,39988.9520666349,35476.31299817388,13996133.223322215,51365808.92959253
2013-09-04,13399.900440763991,36394.46558598502,35911.7331812475,12738062.955094757,46748691.045197755
2013-09-05,9294.903718463758,27605.541782246994,24910.341965482872,9661939.623786446,35459318.41929626
2013-09-06,11145.583919076647,39397.33537778722,29870.164903125416,13789067.382225525,50605877.292767674
2013-09-07,6813.768379902617,31025.09061349774,18260.899258139016,10858781.71472421,39851728.89303785
2013-09-08,11222.32687727867,29905.16497739704,30075.83603110684,10466807.742088962,38413184.41346649
2013-09-09,9080.717715825323,43203.339748533705,24336.32347841187,15121168.911986794,55494689.906991534
2013-09-10,11781.202919732425,39063.11756779625,31573.6238248829,13672091.148728687,50176574.51583428
2013-09-11,8122.6280918512075,25704.12954150474,21768.643286161237,8996445.339526659,33016954.396062836
2013-09-12,9605.103811437384,32496.43877036604,25741.67821465219,11373753.569628114,41741675.60053518
2013-09-13,10901.008838877655,33454.08884669259,29214.703688192116,11708931.096342405,42971777.123576626
2013-09-14,4999.281082386686,27541.97123351681,13398.073300796319,9639689.931730883,35377662.04945234
2013-09-15,8312.043927120494,39405.28708067164,22276.277724682925,13791850.478235073,50616091.25512272
2013-09-16,10430.753523964579,27318.590461848056,27954.419444225074,9561506.661646819,35090729.44824383
2013-09-17,7738.331440331297,32962.91680633662,20738.72826008788,11537020.882217817,42340866.63773939
2013-09-18,12413.676242037141,32125.44872256454,33268.65232865954,11243907.052897587,41265138.88413414
2013-09-19,10294.568370815638,27633.50263067767,27589.44323378591,9671725.920737185,35495234.12910546
2013-09-20,7907.130417233408,28655.419337449584,21191.109518185534,10029396.768107355,36807886.13895399
2013-09-21,11440.114325968912,43071.211650401994,30659.506393596686,15074924.077640697,55324971.36494136
2013-09-22,12949.311556705343,28269.16328354955,34704.15497197032,9894207.149242342,36311740.237719394
2013-09-23,10931.28210700843,30556.623036152734,29295.836046782595,10694818.062653456,39249982.28993818
2013-09-24,8184.5181265105575,41724.28231423689,21934.508579048295,14603498.809982909,53594840.63263728
2013-09-25,9904.244117213419,27877.9179390805,26543.374234131963,9757271.278678173,35809185.592748895
2013-09-26,7105.431293256778,32893.01342385159,19042.555865928167,11512554.698348057,42251075.74293736
2013-09-27,14203.767443119328,32618.945554368907,38066.0967475598,11416630.944029117,41899035.564586855
2013-09-28,7036.291898385468,33395.45474357537,18857.262287673057,11688409.160251379,42896461.61812256
2013-09-29,11402.456602620681,29626.029766513206,30558.583695023426,10369110.418279622,38054635.23508621
2013-09-30,12793.959604277057,32744.01039524261,34287.811739462515,11460403.638334913,42059681.35268913
2013-10-01,9119.827336985873,30709.618247558312,24441.13726312214,10748366.386645408,39446504.63898865
2013-10-02,12954.732567101355,38423.08110043519,34718.68327983163,13448078.385152316,49354447.673508994
2013-10-03,8221.45479532505,39945.78878326718,22033.498851471133,13981026.074143512,51310365.69210669
2013-10-04,12252.861818824793,41852.73638960175,32837.669674450444,14648457.736360613,53759839.89244345
2013-10-05,11054.93841840648,31264.293455584542,29627.23496132937,10942502.709454589,40158984.94369834
2013-10-06,8373.498799541787,39405.6352797092,22440.97678277199,13791972.347898219,50616538.51678646
2013-10-07,8193.092682853254,45230.52384699356,21957.48839004672,15830683.346447743,58098607.881463215
2013-10-08,10304.818392424791,38618.5642245336,27616.91329169844,13516497.478586758,49605545.7464134
2013-10-09,13241.422932204,40128.6975370811,35487.01345830672,14045044.137978384,51545311.98638067
2013-10-10,12553.678535222325,46327.73321700011,33643.858474395834,16214706.625950038,59507973.31723664
2013-10-11,9569.52926930035,45361.72035689671,25646.33844172494,15876602.124913845,58267129.79843381
2013-10-12,9487.449001104398,42913.47589648374,25426.363322959787,15019716.563769309,55122359.78903336
2013-10-13,10407.09371694322,48861.08050553453,27891.01116140783,17101378.17693709,62762057.90935911
2013-10-14,13277.797174690972,48047.42244774509,35584.496428171806,16816597.85671078,61716914.13412856
2013-10-15,8551.567167879304,36922.10620904624,22918.200009916538,12922737.173166182,47426445.42551988
2013-10-16,8872.83361468524,45510.013400142,23779.194087356445,15928504.690049699,58457612.21248239
2013-10-17,7717.976785384139,57868.79420168879,20684.17778482949,20254077.970591076,74332466.15206924
2013-10-18,16040.161764394892,48897.914137808446,42987.63352857831,17114269.948232956,62809370.71001495
2013-10-19,12029.722986403574,43438.92675413455,32239.65760356158,15203624.363947092,55797301.415685825
2013-10-20,9851.043844669994,46604.434719904944,26400.797503715585,16311552.15196673,59863396.3977179
2013-10-21,9263.348337585314,55502.40804867013,24825.773544728643,19425842.817034543,71292843.13851677
2013-10-22,12521.19484534507,44599.50179382738,33556.802185524786,15609825.627839584,57288060.05417127
2013-10-23,11917.064819514275,54336.82307419742,31937.73371629826,19017888.075969096,69795649.23880658
2013-10-24,8401.397849743931,49098.389018687885,22515.746237313735,17184436.15654076,63066880.69450458
2013-10-25,8890.405722500693,62200.77258261293,23826.28733630186,21770270.403914526,79896892.38236631
2013-10-26,10044.648169189144,43424.9540649118,26919.657093426908,15198733.922719128,55779353.4963792
2013-10-27,15133.741987148018,49681.44038209863,40558.428525556694,17388504.13373452,63815810.17080569
2013-10-28,9232.682468944677,55999.98417286624,24743.589016771733,19599994.460503183,71931979.67004669
2013-10-29,11640.528859143737,58171.360899485015,31196.617342505215,20359976.314819753,74721113.07538849
2013-10-30,13308.294200692455,55034.609094386135,35666.22845785578,19262113.183035146,70691955.38173899
2013-10-31,12073.148736522613,63294.30794730744,32356.038613880606,22153007.7815576,81301538.5583164
2013-11-01,13582.876040438863,56584.679434212376,36402.10778837615,19804637.80197433,72683020.73324579
2013-11-02,15581.177582341616,59933.03920189192,41757.555920675535,20976563.720662173,76983988.85483018
2013-11-03,12219.820451138521,54804.85660252719,32749.118809051237,19181699.810884513,70396838.30594616
2013-11-04,13391.807024715503,57538.62242899239,35890.04282623755,20138517.850147337,73908360.51004073
2013-11-05,9338.976384308946,66999.9665895303,25028.456709947975,23449988.306335606,86061457.08425167
2013-11-06,12570.532282790988,63048.229987303064,33689.02651787985,22066880.49555607,80985451.41869079
2013-11-07,10020.453542739144,59310.533066051634,26854.815494540908,20758686.57311807,76184379.72334331
2013-11-08,11102.088990447626,64201.984980593734,29753.59849439964,22470694.743207805,82467449.70757264
2013-11-09,12404.116794810401,58083.31921250274,33243.03301009188,20329161.72437596,74608023.52845977
2013-11-10,12034.262912158998,60183.41878611008,32251.824604586116,21064196.575138528,77305601.4307584
2013-11-11,10415.087860161751,60906.12144534503,27912.435465233495,21317142.50587076,78233912.99654569
2013-11-12,14963.361669545156,57831.86109173409,40101.80927438102,20241151.38210693,74285025.57233243
2013-11-13,13455.749538049087,51992.443511482445,36061.40876197156,18197355.229018856,66784293.6904992
2013-11-14,11474.863142742803,62248.50215065328,30752.633222550714,21786975.75272865,79958201.01251414
2013-11-15,11864.457536431582,67152.13355023609,31796.746197636643,23503246.74258263,86256915.54527825
2013-11-16,14013.141678959735,63858.28694661354,37555.21969961209,22350400.431314737,82025969.58292508
2013-11-17,12059.628894252815,54299.01857441888,32319.805436597548,19004656.501046605,69747089.35884105
2013-11-18,15171.610543286997,68949.38505992165,40659.91625600916,24132284.770972576,88565485.10946935
2013-11-19,13034.40250485083,66168.78037722211,34932.19871300022,23159073.132027734,84993798.39454179
2013-11-20,16721.27730623304,62531.051130302876,44813.02318070456,21885867.895606004,80321135.17687403
2013-11-21,12252.207774760367,62594.31628310124,32835.916836357785,21908010.699085433,80402399.26564354
2013-11-22,14600.15463258547,71990.54679488172,39128.41441532906,25196691.378208604,92471857.35802558
2013-11-23,14336.80719872472,61915.43278626523,38422.64329258225,21670401.47519283,79530373.41395769
2013-11-24,16545.176756117646,65585.56572737148,44341.07370639529,22954948.004580017,84244659.17680866
2013-11-25,18137.864699925016,74219.67553700744,48609.47739579905,25976886.4379526,95335173.22728604
2013-11-26,13792.116460095114,66925.42529159636,36962.87211305491,23423898.852058724,85965708.7870555
2013-11-27,15685.106511753005,71795.9270189387,42036.08545149805,25128574.456628546,92221868.25582676
2013-11-28,13854.173570704279,57511.72442636873,37129.18516948747,20129103.549229052,73873810.02567062
2013-11-29,14107.361347339127,69598.46568403176,37807.72841086886,24359462.989411112,89399229.17113878
2013-11-30,13791.131148503333,65236.133275319895,36960.231477988935,22832646.646361962,83795813.1921484
2013-12-01,16066.65752050074,69076.32979979602,43058.64215494198,24176715.429928605,88728545.62783797
2013-12-02,16062.626195684246,77263.14361256304,43047.838204433785,27042100.264397062,99244507.97033721
2013-12-03,19191.889958409407,75471.66958866693,51434.26508853721,26415084.356033426,96943359.58664267
2013-12-04,13104.007411213475,80685.96227171636,35118.73986205211,28240086.795100722,103641118.53801964
2013-12-05,13359.041790678464,71842.81537612992,35802.23199901829,25144985.38164547,92282096.35063888
2013-12-06,19605.837394604976,68384.62674816923,52543.64421754134,23934619.36185923,87840053.05802336
2013-12-07,15987.574672352253,72366.73073895552,42846.70012190404,25328355.758634433,92955065.63418837
2013-12-08,15636.862967630148,78308.44609260958,41906.792753248796,27407956.132413354,100587199.005957
2013-12-09,18191.562088932988,63331.42156442636,48753.38639834041,22165997.547549225,81349210.99950565
2013-12-10,13002.297265982896,64462.458678766256,34846.156672834164,22561860.53756819,82802028.17287526
2013-12-11,22557.566807835112,61753.12789702068,60454.279044998104,21613594.763957236,79321892.78372306
2013-12-12,19166.126658369896,74655.38485132929,51365.21944443133,26129384.697965253,95894841.84153248
2013-12-13,16644.081992703723,74885.37273622348,44606.13974044598,26209880.457678214,96190261.27967905
2013-12-14,17546.760739074514,67248.7909717491,47025.3187807197,23537076.840112183,86381072.0032117
2013-12-15,16600.43534418081,69172.43023390294,44489.166722404574,24210350.581866026,88851986.6354483
2013-12-16,19486.7086957087,62302.297329863664,52224.37930449932,21805804.06545228,80027300.92020987
2013-12-17,17118.72824053406,74083.59562703648,45878.19168463128,25929258.469462767,95160378.58292836
2013-12-18,14839.414583302481,68272.84763352152,39769.63108325065,23895496.671732534,87696472.7852584
2013-12-19,16254.217910998585,70853.5955692088,43561.30400147621,24798758.44922308,91011443.5086487
2013-12-20,19695.97381457757,62835.310863428596,52785.20982306789,21992358.802200004,80711956.80407402
2013-12-21,17584.889116545666,69000.4215683729,47127.50283234239,24150147.548930515,88631041.50457498
2013-12-22,16653.061877483033,73615.18405877425,44630.20583165453,25765314.420570984,94558703.92349552
2013-12-23,16000.5502152501,76555.51667748789,42881.47457687027,26794430.83712076,98335561.1722332
2013-12-24,19960.739269376594,71266.63748061899,53494.781241929275,24943323.11821664,91541995.84385507
2013-12-25,19254.099598259574,63177.74147854532,51600.98692333566,22112209.51749086,81151808.92919146
2013-12-26,18506.592070138453,63076.35778711588,49597.66674797106,22076725.225490555,81021581.57755034
2013-12-27,22971.103470983373,61880.1368418567,61562.557302235444,21658047.894649845,79485035.77336493
2013-12-28,21231.181891309807,67448.56574176563,56899.56746871029,23606998.00961797,86637682.69529794
2013-12-29,23840.321008680326,73782.75271102412,63892.06030326328,25823963.44885844,94773945.85731047
2013-12-30,23377.72276174702,61921.99763161172,62652.29700148202,21672699.1710641,79538805.95780525
2013-12-31,20644.073624461544,63407.271949888374,55326.11731355694,22192545.18246093,81446640.8196316
2014-01-01,16831.985491685067,61825.54796320091,45109.721117715984,21638941.787120316,79414916.35873155
2014-01-02,18253.94880541288,61658.08653911317,48920.582798506526,21580330.288689606,79199812.15949085
2014-01-03,17976.87585880355,53993.5460510082,48178.027301593516,18897741.117852867,69354709.90252002
2014-01-04,21219.360063994303,63585.84001515363,56867.88497150474,22255044.00530377,81676011.49946484
2014-01-05,21303.225948364317,60707.25840143405,57092.64554161637,21247540.440501917,77978473.41664204
2014-01-06,21482.405043761715,46796.05362267652,57572.8455172814,16378618.767936781,60109530.87832799
2014-01-07,22274.882232898944,65673.76859584937,59696.68438416917,22985819.008547276,84357955.7613685
2014-01-08,19476.79579410414,60701.693284850815,52197.8127281991,21245592.649697784,77971325.02439086
2014-01-09,22484.669844279048,54626.53020835827,60258.91518266785,19119285.572925393,70167778.05263619
2014-01-10,20561.894392873004,49811.33770162816,55105.876972899656,17433968.195569854,63982663.277741365
2014-01-11,22169.988436725238,48941.021373914766,59415.56901042364,17129357.480870165,62864741.954793505
2014-01-12,21184.567319141042,56052.5891159291,56774.640415297996,19618406.190575182,71999550.71941091
2014-01-13,21262.12950183341,51168.88660844083,56982.50706491354,17909110.312954288,65726434.848542236
2014-01-14,24284.84724503674,56139.6265048357,65083.39061669847,19648869.276692495,72111350.24546145
2014-01-15,22869.017717636285,50173.81001395998,61288.967483265245,17560833.50488599,64448258.96293158
2014-01-16,20293.045564062428,40735.60552861875,54385.36211168731,14257461.93501656,52324885.30151077
2014-01-17,27767.516614923363,49383.03585111327,74416.94452799462,17284062.547889646,63432509.550755
2014-01-18,25161.232636293924,51246.41752499103,67432.10346526772,17936246.133746862,65826023.310850985
2014-01-19,23869.815867778536,42429.01445573285,63971.10652564648,14850155.059506496,54500069.06838884
2014-01-20,25915.3695641462,52495.962833668644,69453.19043191182,18373586.991784025,67431064.25984737
2014-01-21,22304.706234778027,50199.93068874548,59776.61270920512,17569975.74106092,64481810.96969358
2014-01-22,27475.41680349188,44783.64335391647,73634.11703335824,15674275.173870765,57524589.888105705
2014-01-23,26025.892828401094,39541.57410839207,69749.39278011494,13839550.937937226,50791151.94222962
2014-01-24,22537.395990680234,49270.52893882611,60400.22125502303,17244685.128589135,63287994.421922125
2014-01-25,27015.45057896316,48151.34834515109,72401.40755162128,16852971.92080288,61850406.94934657
2014-01-26,20053.27983682738,52610.726566098645,53742.78996269738,18413754.298134524,67578478.27415371
2014-01-27,26595.84557906557,41829.13547891488,71276.86615189574,14640197.417620206,53729524.52266616
2014-01-28,23937.71942687208,43764.14014645588,64153.08806401718,15317449.051259559,56215038.018122576
2014-01-29,26194.30246668062,32532.88425295309,70200.73061070406,11386509.48853358,41788489.82291824
2014-01-30,26440.741570626647,42795.5760475595,70861.18740927942,14978451.616645824,54970917.43309017
2014-01-31,26837.60794306571,44131.131856738284,71924.7892874161,15445896.149858398,56686438.86998032
2014-02-01,24104.090819090543,39698.91340295725,64598.96339516266,13894619.691035038,50993254.26609859
2014-02-02,26027.763353282295,27917.174442443415,69754.40578679656,9771011.054855194,35859610.57131856
2014-02-03,24288.346272958788,40692.79427286284,65092.76801152956,14242477.995501991,52269894.243492305
2014-02-04,24509.849280109735,30247.958479682853,65686.39607069409,10586785.467888998,38853502.66715262
2014-02-05,25801.13407168481,37781.72027635489,69147.03931211529,13223602.096724212,48530619.69497786
2014-02-06,26114.473948556588,43049.0309755747,69986.79018213166,15067160.841451144,55296480.288125694
2014-02-07,24264.606802441293,42474.09076152498,65029.14623054267,14865931.766533744,54557969.58317884
2014-02-08,28430.99098439713,32620.37283345312,76195.05583818431,11417130.491708592,41900868.90457053
2014-02-09,26212.610160239867,42659.00186915365,70249.79522944284,14930650.654203778,54795487.900927864
2014-02-10,25541.652500394932,32998.5580784434,68451.62870105842,11549495.32745519,42386647.851760544
2014-02-11,24993.382136898825,39909.39545523712,66982.26412688885,13968288.40933299,51263618.46225207
2014-02-12,25436.777215571532,33780.01493205339,68170.56293773171,11823005.226218686,43390429.18022258
2014-02-13,26495.274457167106,31662.32669036989,71007.33554520785,11081814.34162946,40670258.63378012
2014-02-14,23853.31357938202,34743.75170827185,63926.88039274381,12160313.097895145,44628349.069275185
2014-02-15,22536.89049645708,33618.05473854704,60398.86653050497,11766319.158491464,43182391.31166367
2014-02-16,28088.32560007609,28057.509706431712,75276.71260820392,9820128.3972511,36039871.217911534
2014-02-17,25436.645098582725,37869.06732057987,68170.2088642017,13254173.562202951,48642816.973284826
2014-02-18,26033.345856584565,31443.197957734843,69769.36689564664,11005119.285207193,40388787.7767104
2014-02-19,30250.67896756966,31973.88017874654,81071.81963308669,11190858.062561288,41070449.08959993
2014-02-20,26161.806230866932,21606.77303385341,70113.64069872338,7562370.561848693,27753899.9619847
2014-02-21,30274.479647654043,29789.79692777443,81135.60545571284,10426428.92472105,38264994.15372625
2014-02-22,31880.976292775686,28907.63444011406,85441.01646463884,10117672.05403992,37131856.43832651
2014-02-23,27488.56578658328,28899.995476066313,73669.35630804319,10114998.416623209,37122044.18900718
2014-02-24,27974.34983001218,33284.39774639595,74971.25754443265,11649539.211238584,42753808.9052456
2014-02-25,25235.040146793664,30274.741353895013,67629.90759340703,10596159.473863253,38887905.269078135
2014-02-26,26676.694672708654,25673.404363716552,71493.5417228592,8985691.527300794,32977487.905193914
2014-02-27,27711.93938818101,30473.63902396784,74267.99756032511,10665773.658388743,39143389.32628669
2014-02-28,30312.699711898986,38498.85055093888,81238.03522788928,13474597.692828605,49451773.53268098
2014-03-01,29649.27709887609,27828.846501435073,79460.06262498793,9740096.275502276,35746153.33109335
2014-03-02,28529.038371111925,29221.841229372258,76457.82283457996,10227644.43028029,37535455.059128664
2014-03-03,28397.75140848067,34289.1131318918,76105.9737747282,12001189.596162127,44044365.81791501
2014-03-04,30313.316522269048,32718.656025773384,81239.68827968105,11451529.609020684,42027113.66510591
2014-03-05,27534.03588018347,26824.870316830566,73791.21615889171,9388704.610890698,34456545.92196886
2014-03-06,31819.824037219594,19690.660352022107,85277.12841974852,6891731.123207738,25292653.222172398
2014-03-07,29552.500775053442,31067.700340080606,79200.70207714323,10873695.119028213,39906461.08683354
2014-03-08,29318.441176806795,30648.761251063584,78573.42235384221,10727066.437872253,39368333.82699117
2014-03-09,25120.9482074681,32149.20581938325,67324.1411960145,11252222.036784137,41295654.87499778
2014-03-10,27669.123671254023,39800.67128354825,74153.25143896078,13930234.949241884,51123962.26371771
2014-03-11,29544.406519650765,29570.53311235758,79179.00947266405,10349686.589325154,37983349.78282332
2014-03-12,28952.990175657564,29931.154873877844,77594.01367076227,10475904.205857243,38446568.435496084
2014-03-13,27957.074946250592,29802.739956606612,74924.96085595159,10430958.984812314,38281619.47426119
2014-03-14,27768.69277197362,35724.94774234861,74420.09662888931,12503731.709822014,45888695.37504679
2014-03-15,31579.05934688549,33068.08090116677,84631.87904965311,11573828.31540837,42475949.917548716
2014-03-16,28595.54077393539,19960.810528466267,76636.04927414685,6986283.684963193,25639661.123814918
2014-03-17,31854.300527593226,29128.76489390481,85369.52541394986,10195067.712866683,37415898.50622072
2014-03-18,29323.68215845447,37692.316899116755,78587.46818465799,13192310.914690863,48415781.05691547
2014-03-19,30773.001564573766,34235.76591459462,82471.6441930577,11982518.070108116,43975841.31729678
2014-03-20,28813.787254219576,34220.89161037503,77220.94984130847,11977312.06363126,43956735.27352673
2014-03-21,28795.19297075329,31593.66404177837,77171.11716161882,11057782.41462243,40582061.46166432
2014-03-22,33210.79087608098,29185.783457858754,89004.91954789704,10215024.210250562,37489138.851619564
2014-03-23,28410.032833507634,38313.49494609543,76138.88799380047,13409723.2311334,49213684.25825957
2014-03-24,30805.770323958284,54700.35501378541,82559.4644682082,19145124.254824895,70262606.01520737
2014-03-25,30053.20568691633,34217.80196160921,80542.59124093577,11976230.686563224,43952766.61968703
2014-03-26,29918.753685781023,33988.446238070675,80182.25987789314,11895956.183324736,43658159.19280178
2014-03-27,32272.63170555216,40375.13341121402,86490.6529708798,14131296.693924906,51861858.866704404
2014-03-28,30767.275914530856,43201.86662796198,82456.2994509427,15120653.319786692,55492797.68361716
2014-03-29,32163.999739166396,39935.49838447177,86199.51930096594,13977424.43456512,51297147.67485399
2014-03-30,27803.369076460174,42761.3412012369,74513.02912491327,14966469.420432916,54926942.7729888
2014-03-31,30188.4987090892,34816.24655695634,80905.17654035905,12185686.29493472,44721468.70241042
2014-04-01,28993.32057068494,33942.188136301906,77702.09912943565,11879765.847705666,43598740.661079794
2014-04-02,28057.51585841924,37531.82924818119,75194.14250056357,13136140.236863414,48209634.669288725
2014-04-03,29859.181432098263,42061.80357054909,80022.60623802335,14721631.249692181,54028386.686370306
2014-04-04,29735.62424265185,43919.359017926254,79691.47297030696,15371775.656274188,56414416.65852627
2014-04-05,30455.70227347727,32459.99238048884,81621.2820929191,11360997.333171094,41694860.21273791
2014-04-06,30677.009031800713,44627.64395966189,82214.38420522591,15619675.385881659,57324208.666185685
2014-04-07,27890.905255560414,38822.897835388816,74747.62608490192,13588014.242386086,49868012.26955693
2014-04-08,30568.28953826697,37182.96111228895,81923.01596255548,13014036.38930113,47761513.54873515
2014-04-09,28001.0879913086,46154.57331780428,75042.91581670706,16154100.661231495,59285549.42671958
2014-04-10,28810.034025510075,36166.47099110553,77210.89118836701,12658264.846886937,46455831.988075055
2014-04-11,29303.654728733956,41740.46328415402,78533.79467300701,14609162.149453906,53615625.088495836
2014-04-12,28442.319073899107,43181.10486868125,76225.41511804961,15113386.704038437,55466129.20382106
2014-04-13,28362.800341839247,51336.23000668199,76012.30491612919,17967680.502338693,65941387.443583
2014-04-14,30224.269523686853,51230.191266117865,81001.04232348077,17930566.94314125,65805180.68132839
2014-04-15,28956.904824175414,43392.996545067945,77604.5049287901,15187548.79077378,55738304.06213977
2014-04-16,26182.314143473464,50610.025448851804,70168.60190450889,17713508.90709813,65008577.68905013
2014-04-17,30159.310754877755,45528.67938694326,80826.9528230724,15935037.785430139,58481588.67252861
2014-04-18,28261.877512417937,51196.81933992313,75741.83173328008,17918886.768973093,65762314.44213125
2014-04-19,32992.76248550233,47664.352703568606,88420.60346114625,16682523.446249012,61224861.04773387
2014-04-20,27821.323985028328,47705.59289996294,74561.14827987592,16696957.514987027,61277834.08000239
2014-04-21,29522.320739942366,58593.34386465056,79119.81958304555,20507670.352627695,75263150.19414364
2014-04-22,29386.526271117746,52351.12701664482,78755.89040659556,18322894.455825686,67245022.65288027
2014-04-23,29842.447105535706,48419.33432298028,79977.7582428357,16946767.013043094,62194634.937868156
2014-04-24,30116.62727878496,60840.16769603251,80712.5611071437,21294058.69361138,78149195.40555376
2014-04-25,30328.723870762475,53233.57071273466,81280.97997364344,18631749.749457132,68378521.58050768
2014-04-26,27523.24722258476,58923.610320240296,73762.30255652717,20623263.612084102,75687377.45634866
2014-04-27,30763.870002779015,66218.95660680908,82447.17160744776,23176634.812383175,85058249.76144625
2014-04-28,30140.278005912387,53555.09104812595,80775.94505584521,18744281.86684408,68791514.45131777
2014-04-29,28214.30370020233,44579.410195068835,75614.33391654225,15602793.568274092,57262252.39556592
2014-04-30,28310.423474284446,61580.80896164064,75871.93491108232,21553283.136574224,79100549.1112274
2014-05-01,27754.889136858954,61120.51390907166,74383.102886782,21392179.868175082,78509300.11620255
2014-05-02,27115.234183676715,64738.618767511594,72668.8276122536,22658516.568629056,83156755.80686863
2014-05-03,27441.22163971835,54054.279376777944,73542.47399444519,18918997.78187228,69432721.85947126
2014-05-04,30480.24947304367,64344.33960073376,81687.06858775704,22520518.860256813,82650304.2171425
2014-05-05,29473.64357911342,68231.39093413645,78989.36479202397,23880986.826947756,87643221.65489826
2014-05-06,27400.2269818844,54542.10470097676,73432.6083114502,19089736.645341866,70059333.48840465
2014-05-07,28272.327585332772,53308.92152644109,75769.83792869184,18658122.53425438,68475309.70071357
2014-05-08,26914.253496881476,63829.16450174113,72130.19937164236,22340207.575609393,81988561.80248648
2014-05-09,28256.35741387702,65026.91526845178,75727.03786919042,22759420.34395812,83527072.6623263
2014-05-10,24921.774407812987,66617.36477776726,66790.3554129388,23316077.67221854,85570005.05704203
2014-05-11,27544.548302197065,57147.33562217282,73819.38944988814,20001567.467760485,73405752.60668097
2014-05-12,29052.281787827367,71211.26690277549,77860.11519137735,24923943.41597142,91470872.33661512
2014-05-13,27208.440290814146,62397.516548651714,72918.61997938191,21839130.7920281,80149610.00674312
2014-05-14,26970.107032183696,60494.35211474681,72279.88684625231,21173023.24016138,77704995.29139227
2014-05-15,27848.30944221493,69358.16168407565,74633.46930513602,24275356.589426477,89090558.68319517
2014-05-16,24332.854960634784,69105.39124378552,65212.05129450122,24186886.93532493,88765875.0526425
2014-05-17,26770.423020622784,70673.50576724438,71744.73369526907,24735727.018535532,90780118.1580254
2014-05-18,24511.70641827908,69430.72880062566,65691.37320098793,24300755.08021898,89183771.14440365
2014-05-19,28709.398011889858,72830.63230840507,76941.18667186482,25490721.307941772,93550947.2001463
2014-05-20,23985.147121498347,66115.56334035234,64280.19428561557,23140447.169123318,84925441.11068258
2014-05-21,26919.562158397515,68417.97777233273,72144.42658450535,23946292.220316455,87882892.44856139
2014-05-22,26995.45868177047,58670.592233849515,72347.82926714486,20534707.28184733,75362375.7243797
2014-05-23,23545.9855536343,65706.50009817345,63103.241283739924,22997275.034360707,84399999.37610379
2014-05-24,24167.94573900078,70016.09374304969,64770.0945805221,24505632.810067385,89935672.4129473
2014-05-25,25395.942178073114,72036.2777086412,68061.12503723595,25212697.19802442,92530598.71674961
2014-05-26,24793.01486059834,69151.70173028695,66445.27982640355,24203095.60560043,88825360.87255359
2014-05-27,25931.41266197651,68986.9431671055,69496.18593409704,24145430.108486928,88613728.49814703
2014-05-28,24190.35146343817,70800.98779146437,64830.14192201431,24780345.72701253,90943868.81813598
2014-05-29,27203.718351896772,71658.16884604588,72905.96518308336,25080359.09611606,92044917.88274594
2014-05-30,24254.182156934738,68470.32751793237,65001.2081805851,23964614.631276328,87950135.69678412
2014-05-31,21190.40540820413,67520.32146950212,56790.28649398707,23632112.51432574,86729852.92757547
2014-06-01,22958.44133204979,70353.04745924541,61528.622769893445,24623566.610735893,90368489.46140073
2014-06-02,27426.015622307266,69503.41684792546,73501.72186778348,24326195.89677391,89277138.94116025
2014-06-03,21414.153939712753,69249.21037115798,57389.93255843018,24237223.629905295,88950610.72175243
2014-06-04,26704.586717828595,74078.5873718047,71568.29240378064,25927505.580131643,95153945.47908312
2014-06-05,21678.85738178625,71556.41934608905,58099.33778318715,25044746.771131165,91914220.65005137
2014-06-06,25202.835768121822,55535.36543699335,67543.5998585665,19437377.90294767,71335176.90381795
2014-06-07,22551.363434025636,79346.17105423613,60437.654003188705,27771159.868982643,101920156.7191663
2014-06-08,23074.500208615762,80881.04512589745,61839.66055909025,28308365.79406411,103891702.46421528
2014-06-09,21633.641352194663,62128.12020205576,57978.1588238817,21744842.070719514,79803570.39954062
2014-06-10,23464.02730061146,67528.11291484952,62883.59316563871,23634839.520197332,86739861.0391242
2014-06-11,25395.380468408664,75708.6318742876,68059.61965533522,26498021.15600066,97247737.64252241
2014-06-12,23277.506192162866,71396.78919878254,62383.716594996484,24988876.21957389,91709175.72583617
2014-06-13,23940.041353297835,60426.55593280182,64159.3108268382,21149294.576480635,77617911.09568393
2014-06-14,23060.850030750797,65377.380437664244,61803.07808241214,22882083.153182484,83977245.17217971
2014-06-15,20208.568863200097,58604.41756801086,54158.96455337626,20511546.1488038,75277374.36610995
2014-06-16,17632.233558140426,67344.02822926782,47254.385935816346,23570409.880243737,86503404.26049452
2014-06-17,17957.90147754761,66825.59629852667,48127.1759598276,23388958.704484332,85837478.4454575
2014-06-18,20788.1791573661,68120.76225886817,55712.32014174115,23842266.790603857,87501119.12151615
2014-06-19,23280.054873658934,62377.425782206024,62390.547061405945,21832099.023772106,80123803.41724363
2014-06-20,19348.18496643681,62275.06787130274,51853.13571005065,21796273.75495596,79992324.68068837
2014-06-21,18644.08283747685,65425.59488304329,49966.14200443796,22898958.20906515,84039176.6272691
2014-06-22,23537.73042235364,52119.98194867416,63081.11753190776,18241993.682035957,66948116.81307196
2014-06-23,22918.90296443977,71876.73478028628,61422.659944698586,25156857.173100196,92325665.82527772
2014-06-24,21673.194227308584,69196.42496936687,58084.16052918701,24218748.739278402,88882807.87315173
2014-06-25,17016.272822898954,67140.41788312145,45603.6111653692,23499146.259092506,86241866.7708695
2014-06-26,21305.888195886193,64481.74903595534,57099.780364975,22568612.16258437,82826806.63668463
2014-06-27,19784.676250407385,60060.75507981515,53022.9323510918,21021264.2779353,77148039.90002255
2014-06-28,19305.93739399797,53464.222546071825,51739.91221591456,18712477.89112514,68674793.86042926
2014-06-29,17349.12210882253,62484.533361848844,46495.647251644376,21869586.676647093,80261383.10329483
2014-06-30,18645.310059160154,60228.280883409454,49969.430958549216,21079898.30919331,77363226.79473944
2014-07-01,22378.62796135599,55891.412420686764,59974.72293643405,19561994.347240366,71792519.25437213
2014-07-02,18484.084075690407,61466.40938821192,49537.34532285029,21513243.28587417,78953602.8591582
2014-07-03,21269.553121573703,60862.90399685342,57002.40236581753,21302016.398898695,78178400.1839582
2014-07-04,19237.811964139386,59772.64712634584,51557.336063893556,20920426.494221043,76777965.23379123
2014-07-05,18295.29379351981,60380.955906818526,49031.38736663309,21133334.567386482,77559337.86230838
2014-07-06,22747.866146966924,60547.79049728548,60964.28127387136,21191726.674049918,77773636.8937632
2014-07-07,18716.64232522373,54852.24058714707,50160.6014315996,19198284.205501474,70457703.03419042
2014-07-08,17625.00046509861,50653.66445482512,47235.00124646427,17728782.55918879,65064631.99222286
2014-07-09,19354.337395548806,55142.1047510387,51869.6242200708,19299736.662863545,70830033.5527092
2014-07-10,20566.90410068876,44762.01793747321,55119.30298984588,15666706.27811562,57496812.04068433
2014-07-11,15169.267281727543,49491.788489631224,40653.63631502982,17322125.971370928,63572202.3149313
2014-07-12,18103.228761940667,54236.79186690327,48516.653082000994,18982877.153416146,69667159.15303725
2014-07-13,15966.49824880379,56992.83808313684,42790.21530679416,19947493.329097893,73207300.51778926
2014-07-14,16992.571599557257,56560.20825323583,45540.091886813454,19796072.88863254,72651587.50128143
2014-07-15,20726.998877641574,53043.35984948249,55548.35699207942,18565175.94731887,68134195.72666025
2014-07-16,15427.02121548375,41636.583924303006,41344.41685749645,14572804.37350605,53482192.050767206
2014-07-17,19280.568436867736,57109.577099018046,51671.92341080553,19988351.984656315,73357251.78368868
2014-07-18,17662.84401314196,43487.08602277452,47336.42195522045,15220480.107971083,55859161.99625388
2014-07-19,15494.061528334687,60455.71249295185,41524.08489593696,21159499.372533146,77655362.69719665
2014-07-20,16376.326421237914,54530.9470272284,43888.554808917615,19085831.45952994,70045001.45647489
2014-07-21,19169.024579375473,39572.771770684,51372.98587272627,13850470.119739398,50831225.339443594
2014-07-22,17168.76835791439,41849.32874668534,46012.29919921057,14647265.061339868,53755462.775117315
2014-07-23,14384.811278165223,48753.788682485145,38551.2942254828,17063826.038869802,62624241.56265217
2014-07-24,16741.93579293288,53980.57213249853,44868.387925060124,18893200.246374484,69338044.90419436
2014-07-25,13306.330786957711,47125.58353740783,35660.966509046666,16493954.23809274,60532812.05380035
2014-07-26,15427.235558611994,44518.62243256928,41344.991297080145,15581517.851399247,57184170.514635235
2014-07-27,17006.03928918798,35940.4229471687,45576.18529502379,12579148.031509044,46165473.27563819
2014-07-28,14202.063044470617,41307.45752292451,38061.528959181254,14457610.133023579,53059429.18819653
2014-07-29,15939.314656130708,45485.9726406397,42717.3632784303,15920090.424223894,58426731.85690169
2014-07-30,16983.582037839868,43766.87113413358,45515.99986141085,15318404.89694675,56218545.971794575
2014-07-31,14045.179677717542,36322.479800663175,37641.08153628302,12712867.93023211,46656225.303951845
2014-08-01,14479.629579839835,43550.54154419074,38805.40727397076,15242689.54046676,55940670.61351301
2014-08-02,11514.69966746959,42502.0588884686,30859.395108818502,14875720.61096401,54593894.64223792
2014-08-03,15233.258665828256,38314.607953588406,40825.133224419726,13410112.783755941,49215113.9163843
2014-08-04,12144.892019645913,46573.919003101175,32548.31061265105,16300871.65108541,59824198.95948345
2014-08-05,12221.127527003862,37954.526089723666,32752.621772370352,13284084.131403284,48752588.76225005
2014-08-06,12279.24906137175,39383.726837092414,32908.38748447629,13784304.392982345,50588397.12224521
2014-08-07,9422.969794842593,36398.395501743085,25253.55905017815,12739438.425610078,46753739.02198899
2014-08-08,15649.509659351515,38018.3464448442,41940.68588706206,13306421.25569547,48834566.00840237
2014-08-09,10648.246905175703,35603.520147693685,28537.301705870887,12461232.05169279,45732721.62971254
2014-08-10,13329.401296136673,34754.843098279816,35722.795473646285,12164195.084397936,44642595.95974042
2014-08-11,15092.73303009465,30652.268008734096,40448.524520653664,10728293.803056933,39372838.25721894
2014-08-12,13752.099797634784,28222.009209309123,36855.62745766123,9877703.223258192,36251170.829357564
2014-08-13,17923.47977706251,33343.177947729746,48034.92580252753,11670112.281705411,42829312.07385886
2014-08-14,15581.115717916844,39637.03193911907,41757.39012401715,13872961.178691674,50913767.52579844
2014-08-15,13253.451093783382,39363.36599501215,35519.24893133947,13777178.098254252,50562243.62059311
2014-08-16,10153.848888744471,27173.928350281545,27212.315021835184,9510874.922598539,34904910.96593664
2014-08-17,10394.89878214497,28851.71233990405,27858.32873614852,10098099.318966417,37060024.500606745
2014-08-18,11084.913129611998,33520.83063849588,29707.567187360157,11732290.723473556,43057506.95514795
2014-08-19,16807.151393508113,30636.915395632477,45043.165734601745,10722920.388471365,39353117.82568991
2014-08-20,7733.9989090040035,27626.40038766301,20727.11707613073,9669240.135682052,35486111.29795313
2014-08-21,10506.939847029551,21987.67875612896,28158.5987900392,7695687.564645135,28243173.362247646
2014-08-22,13266.796755970025,29712.47848752299,35555.01530599967,10399367.470633045,38165678.61722327
2014-08-23,15752.406593319334,34103.019014459875,42216.44967009582,11936056.655060956,43805327.92407371
2014-08-24,10075.842213166074,36361.68805332099,27003.257131285078,12726590.818662345,46706588.304490805
2014-08-25,11248.317187437075,34468.42987237188,30145.490062331362,12063950.455330158,44274698.17106168
2014-08-26,8868.811854732614,36857.54468462924,23768.41577068341,12900140.639620233,47343516.14740626
2014-08-27,14830.256641516777,38077.29704217282,39745.08779926496,13327053.964760486,48910288.05067098
2014-08-28,12782.824231885226,25342.553006355123,34257.96894145241,8869893.552224291,32552509.33666315
2014-08-29,9393.98784719684,33912.29210382526,25175.887430487535,11869302.23633884,43560339.207363546
2014-08-30,9396.973561021003,33550.339247156306,25183.88914353629,11742618.736504707,43095410.76297227
2014-08-31,9549.972532595006,23981.008669341252,25593.926387354615,8393353.034269437,30803605.635768835
2014-09-01,9488.016859204017,29621.790220413484,25427.885182666767,10367626.577144718,38049189.53812111
2014-09-02,12986.153316294132,29312.489154501975,34802.890887668276,10259371.20407569,37651892.31895778
2014-09-03,7398.947242814018,28096.253331573902,19829.17861074157,9833688.666050866,36089637.40440668
2014-09-04,11259.241866137085,36686.67997201495,30174.76820124739,12840337.990205232,47124040.4240532
2014-09-05,11564.962334860602,35632.200603328594,30994.099057426414,12471270.211165007,45769561.674975574
2014-09-06,10414.896991312427,20575.817178747893,27911.923936717307,7201536.012561762,26429637.166101664
2014-09-07,14136.771291789393,26207.356605294553,37886.547061995574,9172574.811853092,33663349.55950085
2014-09-08,12685.674440739287,28416.4764720593,33997.60750118129,9945766.765220756,36500964.02836017
2014-09-09,15321.063519233552,31403.996177392957,41060.450231545925,10991398.662087534,40338433.089861244
2014-09-10,9117.836684264981,24796.431092415787,24435.80231383015,8678750.882345526,31851015.738208078
2014-09-11,13411.367747389335,28265.07055827383,35942.46556300342,9892774.69539584,36306483.132102735
2014-09-12,15430.289614583618,36954.59515031401,41353.1761670841,12934108.302609904,47468177.47057834
2014-09-13,13940.41673733354,29651.976523793135,37360.31685605389,10378191.783327596,38087963.844812274
2014-09-14,11438.168032177899,30246.181486995083,30654.29032623677,10586163.520448279,38851220.120045185
2014-09-15,9484.292260086391,31873.873103357193,25417.90325703153,11155855.586175017,40941990.001262315
2014-09-16,13070.626918572241,37149.32232652244,35029.28014177361,13002262.814282853,47718304.52841807
2014-09-17,8375.428259538436,31372.716325071036,22446.14773556301,10980450.713774862,40298254.119553745
2014-09-18,9994.922429057722,26663.87026196523,26786.392109874698,9332354.59168783,34249741.351494335
2014-09-19,10012.822284547257,30195.415221126677,26834.36372258665,10568395.327394336,38786010.85153721
2014-09-20,8157.059702414059,30362.15388887187,21860.92000246968,10626753.861105153,39000186.670255914
2014-09-21,10458.429946465856,36768.46722434004,28028.592256528496,12868963.528519014,47229096.14966478
2014-09-22,10894.255475710803,39971.659400932134,29196.604674904953,13990080.790326245,51343596.50049732
2014-09-23,10188.644148776239,28529.63835139088,27305.56631872032,9985373.422986807,36646320.46236158
2014-09-24,9787.333261472773,36209.74497912146,26230.053140747033,12673410.742692512,46511417.42568152
2014-09-25,12701.897841392489,34748.92223410421,34041.08621493187,12162122.781936472,44634990.60970685
2014-09-26,10544.306014884902,42707.61283223795,28258.74011989154,14947664.491283283,54857928.68300965
2014-09-27,14455.448157145765,39976.82125895146,38740.60106115066,13991887.440633008,51350226.90712314
2014-09-28,11239.836756410645,42250.00018479067,30122.76250718053,14787500.064676734,54270125.237363614
2014-09-29,6683.638132616352,45363.909864470676,17912.150195411825,15877368.452564735,58269942.220912576
2014-09-30,10615.789052007241,43512.414948830105,28450.314659379408,15229345.232090537,55891697.00177227
2014-10-01,10401.128077165426,43559.57722121007,27875.023246803343,15245852.027423523,55952276.94064433
2014-10-02,7766.756198014406,40900.56023003577,20814.906610678612,14315196.08051252,52536769.615480945
2014-10-03,9475.602812086163,41901.08407626275,25394.615536390917,14665379.426691962,53821942.4959595
2014-10-04,10788.526155699019,43180.38983619811,28913.250097273372,15113136.44266934,55465210.744596474
2014-10-05,9455.884900363993,40441.65393950561,25341.771532975505,14154578.87882696,51947304.485294946
2014-10-06,13041.780046116884,29572.502440609533,34951.970523593256,10350375.854213336,37985879.384962946
2014-10-07,11306.548774444158,46233.60262728934,30301.550715510344,16181760.919551268,59387062.57475315
2014-10-08,11916.850673613757,49576.51754672092,31937.15980528487,17351781.141352322,63681036.788763024
2014-10-09,12509.262467788714,43240.39014869429,33524.82341367376,15134136.552043,55542281.14599781
2014-10-10,14306.771151365243,45160.10796988668,38342.14668565885,15806037.789460339,58008158.68731944
2014-10-11,7229.826654301003,42303.01181541921,19375.93543352669,14806054.135396723,54338218.676905975
2014-10-12,10607.03145362792,50452.475095471775,28426.84429572283,17658366.28341512,64806204.26013349
2014-10-13,11289.676935847592,51292.88233270326,30256.33418807155,17952508.816446137,65885707.35635732
2014-10-14,9605.333556366899,48658.53191773315,25742.29393106329,17030486.1712066,62501884.248328224
2014-10-15,9684.004554742098,53837.75155794713,25953.132206708822,18843213.045281492,69154591.87618308
2014-10-16,10618.983745899684,64009.64961703088,28458.876439011157,22403377.365960807,82220394.93307616
2014-10-17,11104.412611638132,53011.758508054816,29759.825799190196,18554115.477819186,68093603.8035964
2014-10-18,12967.293561384833,56095.74317042497,34752.34674451136,19633510.109648738,72054982.10241087
2014-10-19,14210.861151001845,50203.72916350145,38085.10788468495,17571305.207225505,64486690.110517606
2014-10-20,8747.942394321697,61939.26838182492,23444.48561678215,21678743.93363872,79560990.23645411
2014-10-21,11315.13533695578,51739.36476102226,30324.56270304149,18108777.66635779,66459214.035533085
2014-10-22,12606.251084425205,55661.492227452676,33784.75290625955,19481522.279608436,71497186.76616296
2014-10-23,8668.982411002862,60776.16550050581,23232.87286148767,21271657.925177034,78066984.58539972
2014-10-24,11001.841759566909,57291.471148614415,29484.93591563932,20052014.902015045,73590894.69039522
2014-10-25,12280.861111520551,54993.32248858342,32912.707778875076,19247662.871004198,70638922.73658541
2014-10-26,11866.755739270688,57554.207093707235,31802.905381245444,20143972.48279753,73928379.01186693
2014-10-27,12258.678010734568,48643.975453873645,32853.257068768646,17025391.408855774,62483186.470500685
2014-10-28,9852.826947408988,59241.9672817089,26405.57621905609,20734688.548598114,76096306.97335508
2014-10-29,11009.678749536875,61236.25612890055,29505.939048758828,21432689.645115193,78657970.99757275
2014-10-30,12936.228887530435,52821.159700985314,34669.093418581564,18487405.895344857,67848779.63591562
2014-10-31,11675.450689581512,57439.75454638806,31290.207848078455,20103914.09123582,73781364.71483546
2014-11-01,12575.683055721416,62645.1054907552,33702.830589333396,21925786.921764318,80467638.00287504
2014-11-02,10767.620450217417,55650.47588467796,28857.22280658268,19477666.559637286,71483036.27386884
2014-11-03,13744.054901949115,63565.02083691619,36834.06713722363,22247757.292920668,81649269.26501885
2014-11-04,11878.992290126223,67517.90900146743,31835.69933753828,23631268.1505136,86726754.11238492
2014-11-05,10727.543479113732,69176.75430156002,28749.816524024805,24211864.005546007,88857540.90035385
2014-11-06,13613.18767838455,57556.11996773204,36483.34297807059,20144641.988706212,73930836.0985518
2014-11-07,11204.864229223249,61394.884744174145,30029.03613431831,21488209.66046095,78861729.45389168
2014-11-08,10004.936739162113,64989.43262647821,26813.230460954463,22746301.41926737,83478926.20871125
2014-11-09,13233.490705987799,64137.65632966522,35465.7550920473,22448179.71538282,82384819.55545495
2014-11-10,10310.800323479993,71802.93749382274,27632.94486692638,25131028.122837957,92230873.2108153
2014-11-11,12959.193765795722,70498.48443610851,34730.63929233254,24674469.55263798,90555303.25818138
2014-11-12,13483.119085115291,62316.07197620097,36134.759148108984,21810625.191670336,80044994.45343013
2014-11-13,13095.84970234814,75802.50532357577,35096.87720229301,26530876.863251515,97368318.08813305
2014-11-14,12205.400800866923,63198.56568521714,32710.474146323355,22119497.989825998,81178557.62266141
2014-11-15,14345.560226014084,63137.05228646255,38446.101405717745,22097968.300261892,81099543.66196114
2014-11-16,10896.560841510971,77213.6529236669,29202.783055249405,27024778.52328341,99180937.18045011
2014-11-17,12411.485323573235,66874.8085743522,33262.780667176274,23406183.001023266,85900691.61375539
2014-11-18,14264.767123383399,62504.082093487545,38229.57589066751,21876428.73272064,80286493.44908474
2014-11-19,13684.097273462483,71022.94132583789,36673.38069287946,24858029.464043263,91228968.13303877
2014-11-20,12539.97954925089,75964.36225099742,33607.145191992386,26587526.7878491,97576223.3114062
2014-11-21,14988.714071285965,74050.48918087986,40169.75371104639,25917671.21330795,95117853.35284017
2014-11-22,17124.526432600414,65668.59017080255,45893.73083936911,22984006.559780892,84351304.07439587
2014-11-23,16788.95622655469,67128.53149805746,44994.40268716657,23494986.024320107,86226598.70925479
2014-11-24,17204.76820309738,63136.17369633007,46108.77878430099,22097660.79371552,81098415.11293596
2014-11-25,12221.99687550194,61925.62290214907,32754.951626345202,21673968.015752174,79543462.61781047
2014-11-26,17718.39018550676,71059.4942534329,47485.28569715812,24870822.988701515,91275920.36853456
2014-11-27,12241.534815202844,64269.0621967421,32807.31330474362,22494171.768859733,82553610.39171521
2014-11-28,13295.283269949383,74680.02673611624,35631.359163464345,26138009.357640684,95926494.3425413
2014-11-29,17960.929647963636,68873.18439106508,48135.291456542545,24105614.536872774,88467605.35032308
2014-11-30,16911.924418847222,64039.86854911142,45323.95744251056,22413953.992188998,82259211.15133362
2014-12-01,18654.44371674477,61872.888834713835,49993.909160875985,21655511.09214984,79475725.7081899
2014-12-02,17256.495107557297,66589.09956039257,46247.40688825356,23306184.846137397,85533698.38532424
2014-12-03,16809.473528046503,74204.41795364331,45049.38905516463,25971546.283775155,95315574.86145481
2014-12-04,16613.876943638643,71662.73699108484,44525.190208951564,25081957.94687969,92050785.66504845
2014-12-05,14875.36624465822,70624.50540818494,39865.98153568403,24718576.892864723,90717177.19681352
2014-12-06,15429.839595545687,74354.76742578602,41351.970116062446,26024168.599025104,95508698.75842214
2014-12-07,14121.560452275276,62072.34576121572,37845.78201209774,21725321.0164255,79731928.13028158
2014-12-08,15424.253367561518,72941.0658719326,41336.99902506487,25529373.055176407,93692799.11249742
2014-12-09,21068.73921248028,65591.31024833983,56464.22108944715,22956958.58691894,84252038.0139925
2014-12-10,16875.417074913723,73071.65419606522,45226.11776076878,25575078.96862283,93860539.81484579
2014-12-11,19196.098446970216,65478.53285373429,51445.543837880185,22917486.498806998,84107175.45062168
2014-12-12,16643.035609374638,82680.54567437553,44603.33543312403,28938190.986031435,106203160.91873537
2014-12-13,17920.83828320734,66804.22218612702,48027.846598995675,23381477.765144456,85810023.39808016
2014-12-14,18557.308579955206,74607.56433707851,49733.586994279955,26112647.517977476,95833416.39097734
2014-12-15,16693.90856280275,58413.43136845889,44739.674948311374,20444700.97896061,75032052.59278545
2014-12-16,16405.02400847227,67635.73098239632,43965.464342705694,23672505.84383871,86878096.44688806
2014-12-17,16604.711158807615,68100.9930589229,44500.62590560441,23835347.570623014,87475725.58418646
2014-12-18,20173.91694799585,66588.26753212592,54066.09742062888,23305893.63624407,85532629.64501573
2014-12-19,16845.09666241214,64770.51600968992,45144.85905526453,22669680.603391472,83197727.8144467
2014-12-20,16609.297463824525,59675.44441790736,44512.91720304973,20886405.546267577,76653108.354802
2014-12-21,21243.71789372022,58470.49049004764,56933.16395517019,20464671.67151667,75105345.03446618
2014-12-22,16636.40021525692,54665.29605294638,44585.55257688855,19132853.61853123,70217572.78000961
2014-12-23,20566.83250558626,56851.642485237666,55119.11111497118,19898074.869833183,73025934.77228777
2014-12-24,21078.880120377824,63497.14649189859,56491.39872261257,22224001.272164505,81562084.66884373
2014-12-25,20723.16113499146,54730.27078102309,55538.07184177711,19155594.77335808,70301032.81822415
2014-12-26,19359.80715138782,65359.82219069728,51884.28316571936,22875937.766744047,83954691.60395065
2014-12-27,21359.663716855408,54132.46946458634,57243.898761172495,18946364.312605217,69533157.02726114
2014-12-28,21741.96521324584,62723.7052232591,58268.46677149885,21953296.828140683,80568599.35927631
2014-12-29,19990.924129778465,55419.12755513656,53575.676667806285,19396694.644297794,71185869.3445729
2014-12-30,18493.97303534008,51877.66243469495,49563.84773471142,18157181.852143228,66636857.397365645
2014-12-31,20104.063618830332,67510.59864479647,53878.89049846529,23628709.52567876,86717363.95924105
2015-01-01,19532.330394247718,51450.574332059405,52346.64545658389,18007701.01622079,66088262.7295303
2015-01-02,21925.329861686634,59420.21823101318,58759.88402932019,20797076.380854614,76325270.31773643
2015-01-03,17575.585246379414,58786.79220908669,47102.56846029683,20575377.273180343,75511634.59257185
2015-01-04,20995.758751020006,57901.14024730724,56268.63345273362,20265399.086557534,74374014.64766614
2015-01-05,22069.328866928678,54205.7746048338,59145.80136336886,18972021.11169183,69627317.47990902
2015-01-06,22859.253121909598,56673.586895404485,61262.798366717725,19835755.413391568,72797222.36714706
2015-01-07,25378.786178289243,58960.40634303773,68015.14695781517,20636142.220063202,75734641.94763196
2015-01-08,20307.41972950346,55909.0394476304,54423.88487506928,19568163.80667064,71815161.17048125
2015-01-09,20734.04237728796,55879.200754239035,55567.233571131736,19557720.263983663,71776833.36882004
2015-01-10,22030.997262627156,44216.811813930544,59043.07266384078,15475884.134875689,56796494.77499378
2015-01-11,24344.746866052912,47663.705836526286,65243.92160102181,16682297.042784197,61224030.147018
2015-01-12,19528.588206815122,40271.62676053363,52336.61639426453,14095069.36618677,51728904.573905446
2015-01-13,21101.495959694024,53645.289091686784,56552.00917197999,18775851.18209037,68907373.83827166
2015-01-14,26066.674735570377,51657.58818678128,69858.68829132861,18080155.865373448,66354172.02592055
2015-01-15,24344.575261571394,34173.85649357308,65243.461701011336,11960849.772750579,43896318.66599462
2015-01-16,23065.83885775349,45061.45638610057,61816.44813877936,15771509.7351352,57881440.727946185
2015-01-17,23173.779924053713,51263.37703070487,62105.730196463956,17942181.9607467,65847807.79594039
2015-01-18,22228.477925770465,47609.65234286847,59572.32084106485,16663378.320003964,61154598.43441454
2015-01-19,24003.703264825053,46473.2185008071,64329.924749731144,16265626.475282487,59694849.164286725
2015-01-20,22576.997970983863,48503.814600782,60506.35456223675,16976335.1102737,62303149.85470448
2015-01-21,24189.111736325583,45998.524326127066,64826.81945335257,16099483.514144473,59085104.496910214
2015-01-22,23860.83277203299,47792.98511131326,63947.03182904842,16727544.788959641,61390089.37548188
2015-01-23,24451.286022773544,42636.537533224706,65529.4465410331,14922788.136628646,54766632.46142713
2015-01-24,23334.693999102747,42717.36795211905,62536.97991759537,14951078.783241667,54870459.13449692
2015-01-25,19603.27157993241,45129.71606538645,52536.76783421887,15795400.622885257,57969120.28598889
2015-01-26,26373.392947226122,34901.901352479836,70680.69309856601,12215665.473367942,44831492.287260346
2015-01-27,22892.715708603333,38618.20776279439,61352.478099056934,13516372.716978036,49605087.87130939
2015-01-28,26525.176220916506,38989.32207156401,71087.47227205624,13646262.725047404,50081784.20092397
2015-01-29,24859.24868012716,38750.96941995703,66622.78646274078,13562839.29698496,49775620.2199348
2015-01-30,25098.547581744315,37254.23686002951,67264.10751907477,13038982.901010329,47853067.24670791
2015-01-31,26272.49396031179,40806.070669662266,70410.2838136356,14282124.734381793,52415397.77518118
2015-02-01,29680.360230411454,39383.29838669659,79543.3654175027,13784154.435343804,50587846.77771176
2015-02-02,25575.57144774014,42595.86058073268,68542.53147994359,14908551.203256438,54714382.915951125
2015-02-03,24931.390722605665,25628.84849175022,66816.12713658319,8970096.972112577,32920255.887653157
2015-02-04,24402.190466102824,34213.666399318216,65397.87044915557,11974783.239761375,43947454.489924245
2015-02-05,28545.749978637425,29841.040797737933,76502.6099427483,10444364.279208276,38330816.90469437
2015-02-06,22756.432785762914,35700.60583220297,60987.23986584461,12495212.041271038,45857428.19146471
2015-02-07,25152.651363387224,36363.8573499259,67409.10565387776,12727350.072474064,46709374.76597981
2015-02-08,22419.027461231406,34156.649533575815,60082.99359610017,11954827.336751536,43874216.325878136
2015-02-09,27393.82569134353,36815.50519687739,73415.45285280066,12885426.818907086,47289516.42538901
2015-02-10,27759.706871245435,32613.438655318238,74396.01441493777,11414703.529361382,41891961.95275627
2015-02-11,27383.71098735291,36990.23099976086,73388.34544610581,12946580.8499163,47513951.71919282
2015-02-12,29000.857849931937,36753.1359590266,77722.2990378176,12863597.585659308,47209403.13936966
2015-02-13,28401.574983841554,26830.32969499326,76116.22095669537,9390615.39324764,34463558.49321884
2015-02-14,28548.90812353188,36823.930143617275,76511.07377106545,12888375.550266044,47300338.269476384
2015-02-15,29394.222732744827,29991.389454463984,78776.51692375613,10496986.309062393,38523939.75425898
2015-02-16,28943.47037412659,17867.524205320773,77568.50060265927,6253633.47186227,22950834.84173453
2015-02-17,26769.039210993662,30760.09485943596,71741.02508546301,10766033.200802585,39511341.84694549
2015-02-18,25493.216538668574,30355.08564308004,68321.82032363178,10624279.975078013,38991107.50853631
2015-02-19,27873.172853885935,30068.30805355805,74700.1032484143,10523907.818745317,38622741.69479531
2015-02-20,29511.001161823646,21745.116056990468,79089.48311368737,7610790.619946663,27931601.575204253
2015-02-21,28365.450955310607,26351.76461127348,76019.40856023243,9223117.613945717,33848841.64318078
2015-02-22,26814.82753187004,29711.52447481844,71863.73778541171,10399033.566186454,38164453.18790428
2015-02-23,27902.461936532003,25980.24277195473,74778.59798990577,9093084.970184155,33371621.840575848
2015-02-24,29637.557777755188,33283.707753606584,79428.65484438391,11649297.713762304,42752922.60950766
2015-02-25,29268.29356085002,31512.6051544147,78439.02674307805,11029411.804045144,40477941.32084568
2015-02-26,28036.511717057743,28980.98679165908,75137.85140171475,10143345.377080677,37226077.53388608
2015-02-27,29377.77219668749,30026.261553948247,78732.42948712247,10509191.543881886,38568732.96604652
2015-02-28,29921.563298790094,15551.780430403549,80189.78964075746,5443123.150641242,19976261.962853357
2015-03-01,27785.372684412097,31625.978113807367,74464.79879422442,11069092.339832578,40623568.88718556
2015-03-02,30672.21853919531,31958.13895307351,82201.54568504344,11185348.633575728,41050229.48522292
2015-03-03,28507.402496809686,25061.06604139571,76399.83869144996,8771373.114488497,32190939.330172785
2015-03-04,28269.156604666645,32181.457084971116,75761.3397005066,11263509.97973989,41337081.62564539
2015-03-05,28712.220188555566,29695.746540896755,76948.75010532892,10393511.289313864,38144186.43178188
2015-03-06,34367.76157164003,33166.81126841535,92105.6010119953,11608383.943945372,42602769.07427952
2015-03-07,28027.59240413517,36790.989335312,75113.94764308227,12876846.267359199,47258025.80120826
2015-03-08,27523.455774997343,30686.456431154616,73762.86147699288,10740259.750904115,39416753.2858181
2015-03-09,29490.16586228504,30072.595899652424,79033.64451092391,10525408.564878348,38628249.43310354
2015-03-10,31400.420705923007,30513.318892254636,84153.12749187366,10679661.612289121,39194358.11710107
2015-03-11,28410.957057444004,21481.961337865316,76141.36491394993,7518686.46825286,27593579.338487994
2015-03-12,29742.550130089403,27477.69963005997,79710.0343486396,9617194.87052099,35295105.174812034
2015-03-13,31635.97861461503,41857.217691796555,84784.42268716828,14650026.192128794,53765596.125112675
2015-03-14,27582.599517388924,40007.685438256274,73921.36670660232,14002689.903389694,51389871.94544017
2015-03-15,31551.866194433343,34222.1500137704,84559.00140108136,11977752.504819639,43958351.69268808
2015-03-16,29165.347628882657,35258.03142629945,78163.13164540552,12340310.999204807,45288941.36708164
2015-03-17,30334.229284541758,35962.87008241557,81295.73448257192,12587004.528845448,46194306.6208628
2015-03-18,30530.96599423565,35764.40529574378,81822.98886455155,12517541.853510322,45939378.60238288
2015-03-19,32376.07789683631,23344.995535944945,86767.88876352132,8170748.437580731,29986646.76592128
2015-03-20,30047.40881845527,36828.70030650008,80527.05563346013,12890045.10727503,47306465.54369936
2015-03-21,29867.0614683836,32989.23750811147,80043.72473526806,11546233.127839016,42374675.579169184
2015-03-22,30473.85457965965,30584.908571481174,81669.93027348787,10704718.00001841,39286315.060067564
2015-03-23,29649.221830968807,34825.33469405016,79459.91450699641,12188867.142917553,44733142.41450742
2015-03-24,32090.695496499317,39563.17008758444,86003.06393061817,13847109.530654555,50818891.97750222
2015-03-25,33306.475089287625,38452.8777267387,89261.35323929084,13458507.204358544,49392721.439995855
2015-03-26,32503.510323913695,42434.76428048317,87109.40766808871,14852167.49816911,54507454.71828063
2015-03-27,29980.544943043573,41788.68607868592,80347.86044735678,14626040.12754007,53677567.26807206
2015-03-28,28854.340546985517,34814.81104731679,77329.63266592119,12185183.866560876,44719624.79027841
2015-03-29,29447.079555428758,37651.472601614776,78918.17320854908,13178015.41056517,48363316.55677417
2015-03-30,32166.247867215072,42335.629048128976,86205.5442841364,14817470.166845141,54380115.512321666
2015-03-31,32227.504710646368,41308.59243858626,86369.71262453227,14458007.353505189,53060886.98736404
2015-04-01,33709.79158531039,41421.38623344377,90342.24144863186,14497485.18170532,53205770.61685853
2015-04-02,29662.84200360902,44264.35625402867,79496.41656967218,15492524.688910034,56857565.60829982
2015-04-03,29526.350537570386,39624.886483302354,79130.61944068864,13868710.269155823,50898166.68780187
2015-04-04,31623.192152839147,44715.41556143505,84750.15496960892,15650395.446502266,57436951.28866332
2015-04-05,28516.653200420882,48687.92415262509,76424.63057712797,17040773.45341878,62539638.574046925
2015-04-06,31303.60618900845,51791.81089998848,83893.66458654265,18127133.814995967,66526581.1010352
2015-04-07,27318.99727932688,51678.13983564499,73214.91270859604,18087348.942475744,66380570.61888598
2015-04-08,31798.126668583576,46866.71164610241,85218.97947180399,16403349.076135844,60200291.10941855
2015-04-09,30167.8976690689,51576.066334198076,80849.96575310465,18051623.216969322,66249457.206277415
2015-04-10,29623.327362751854,49393.63873007399,79390.51733217498,17287773.555525895,63446128.94878004
2015-04-11,34111.3235251486,45394.25293557505,91418.34704739825,15887988.527451267,58308917.89574615
2015-04-12,29259.208415763285,50181.23802329384,78414.6785542456,17563433.308152843,64457800.24092093
2015-04-13,31708.011750731013,46625.7118175238,84977.47149195912,16318999.136133328,59890726.82960931
2015-04-14,31148.76723732992,51346.78959557774,83478.6961960442,17971376.35845221,65954951.2355196
2015-04-15,27746.46938784387,48263.19549013463,74360.53795942158,16892118.421547122,61994074.60707794
2015-04-16,31826.367833335862,54567.16193581025,85294.66579334011,19098506.677533586,70091519.50654826
2015-04-17,27731.290919968484,51446.63495225961,74319.85966551554,18006322.233290862,66083202.596177466
2015-04-18,27461.272687864555,52170.12844033256,73596.210803477,18259544.954116397,67012529.98160718
2015-04-19,32043.3004037189,49143.31433201414,85876.04508196666,17200160.016204946,63124587.25947215
2015-04-20,27074.552733814817,59213.00308138719,72559.80132662371,20724551.078485515,76059102.45804183
2015-04-21,27613.706517739276,43585.567688788695,74004.73346754127,15254948.691076042,55985661.696249075
2015-04-22,25676.355959127726,55997.07784888701,68812.63397046231,19598977.247110453,71928246.49689536
2015-04-23,29645.797761905706,63947.963235884905,79450.7380019073,22381787.132559717,82141158.77649416
2015-04-24,26702.847088840852,53815.5832844777,71563.63019809348,18835454.149567194,69126116.72891161
2015-04-25,30486.986078370584,59040.4086507595,81705.12269003317,20664143.02776582,75837404.91190057
2015-04-26,28814.38522115619,56027.33509997595,77222.55239269859,19609567.28499158,71967111.9359191
2015-04-27,30265.160313306253,60623.941511587494,81110.62963966076,21218379.52905562,77871452.87163413
2015-04-28,27400.437581438557,56248.51828975184,73433.17271825533,19686981.401413143,72251221.74318624
2015-04-29,25265.241232188724,58095.91146543692,67710.84650226579,20333569.01290292,74624198.27735372
2015-04-30,31445.35583705862,59906.58464957202,84273.55364331711,20967304.627350204,76950007.98237525
2015-05-01,28424.729609531303,52697.7046330788,76178.2753535439,18444196.62157758,67690201.60118972
2015-05-02,25873.986542462426,70934.7858108892,69342.2839337993,24827175.03381122,91115732.37408717
2015-05-03,29789.592499108025,66093.62336375861,79836.10789760952,23132768.17731551,84897259.21074793
2015-05-04,26501.87856534834,60835.70327147441,71025.03455513355,21292496.145016044,78143460.85220888
2015-05-05,26923.377493164353,74964.94491616951,72154.65168168047,26237730.720659327,96292471.74481973
2015-05-06,24587.725295755234,62854.24147325029,65895.10379262402,21998984.5156376,80736273.17238998
2015-05-07,29196.674324061194,67443.49073722983,78247.087188484,23605221.75803044,86631163.85197172
2015-05-08,29926.31544732831,55100.71514380709,80202.52539883988,19285250.30033248,70776868.6022202
2015-05-09,28837.572749900828,66851.50228927008,77284.69496973422,23398025.801244527,85870754.69056742
2015-05-10,29329.507384269342,72535.63302057571,78603.07978984184,25387471.5572015,93172020.61492951
2015-05-11,25294.516156485777,71243.38429067108,67789.30329938189,24935184.501734875,91512127.121367
2015-05-12,32762.22580087884,69440.27094136784,87802.7651463553,24304094.82947874,89196028.02418698
2015-05-13,23300.658332438074,68362.08315682023,62445.76433093404,23926729.104887076,87811095.81493556
2015-05-14,26082.799398967592,60263.0777469489,69901.90238923315,21092077.211432114,77407923.36595586
2015-05-15,26349.696901329735,63398.11129953891,70617.1876955637,22189338.95483862,81434873.96425773
2015-05-16,25421.13266910448,68296.239695595,68128.63555320002,23903683.893458247,87726519.88899176
2015-05-17,23207.175260828597,63765.5527278596,62195.229699020645,22317943.45475086,81906852.47893564
2015-05-18,28305.233356192206,65768.28634173817,75858.02539459511,23018900.21960836,84479363.80596268
2015-05-19,25064.976550844975,64967.36374887344,67174.13715626454,22738577.3121057,83450578.73542792
2015-05-20,25569.501520818383,73610.26808772775,68526.26407579327,25763593.830704708,94552389.35868627
2015-05-21,31260.31242960796,69639.7999707702,83777.63731134933,24373929.989769567,89452323.06245431
2015-05-22,24676.930081285635,54993.940794551105,66134.1726178455,19247879.278092884,70639716.95060088
2015-05-23,26896.731829038425,69013.04316743866,72083.24130182299,24154565.108603533,88647253.94857496
2015-05-24,24454.45550054124,62641.21943509673,65537.94074145053,21924426.802283857,80462646.36438176
2015-05-25,20045.507693952197,71631.92686776209,53721.96061979189,25071174.403716728,92011210.0616404
2015-05-26,28013.19602133786,63268.248101147336,75075.36533718546,22143886.83540157,81268064.68592376
2015-05-27,26672.39499274156,68202.28774262876,71482.01858054739,23870800.709920064,87605838.60540663
2015-05-28,24076.7466188487,75012.64059357152,64525.680938514524,26254424.20775003,96353736.8424426
2015-05-29,23651.833855090947,70610.6380608952,63386.91473164374,24713723.32131332,90699364.58921988
2015-05-30,28767.555175058707,68320.39486844381,77097.04786915734,23912138.20395533,87757547.20851606
2015-05-31,20050.716933223266,68413.58219110341,53735.92138103836,23944753.766886193,87877246.32447232
2015-06-01,24286.491484263726,70122.77681277583,65087.79717782679,24542971.88447154,90072706.81601055
2015-06-02,26352.921495146657,66195.67653556755,70625.82960699304,23168486.78744864,85028346.50993651
2015-06-03,22487.69240724385,73177.29923702017,60267.015651413516,25612054.732957058,93996240.8699524
2015-06-04,24322.519725362003,74874.67573344478,65184.35286397017,26206136.50670567,96176520.97960982
2015-06-05,27467.08536874126,70005.13823149023,73611.78878822658,24501798.381021578,89921600.05834919
2015-06-06,18545.784432770866,66449.69710007307,49702.70227982593,23257393.985025574,85354635.92504385
2015-06-07,23433.10608209403,72246.41354896569,62800.724300012,25286244.74213799,92800518.20364642
2015-06-08,23282.242935706436,70925.57625390404,62396.411067693254,24823951.688866414,91103902.69813974
2015-06-09,27360.815099854604,74774.06980149947,73326.98446761034,26170924.430524815,96047292.66002607
2015-06-10,24584.7767919916,71852.48723223494,65887.2018025375,25148370.531282227,92294519.84980577
2015-06-11,23006.51287893648,66444.35380122364,61657.45451554977,23255523.830428272,85347772.45767176
2015-06-12,22648.46940280798,66127.33062235745,60697.89799952539,23144565.717825107,84940556.18441814
2015-06-13,24125.78496407227,65285.59647699913,64657.10370371369,22849958.766949695,83859348.67470537
2015-06-14,21103.03506957456,65432.37161815168,56556.13398645982,22901330.066353086,84047881.34351583
2015-06-15,23475.593796803336,59508.47947240553,62914.591375432945,20827967.815341935,76438641.88230489
2015-06-16,22154.650292764505,58269.50060588204,59374.46278460888,20394325.21205871,74847173.52825548
2015-06-17,22044.504054324992,55600.05976518047,59079.27086559098,19460020.917813163,71418276.76837431
2015-06-18,22581.28905560001,65682.97877166925,60517.854669008026,22989042.570084237,84369786.23220915
2015-06-19,23768.4173006184,60194.20594515071,63699.35836565731,21067972.080802746,77319457.53654608
2015-06-20,21948.447096184314,67301.3436521898,58821.83821777397,23555470.278266426,86448575.92123778
2015-06-21,20502.173539344796,59470.46785161573,54945.825085444056,20814663.7480655,76389815.95540039
2015-06-22,21910.243516844042,65247.14030457921,58719.45262514204,22836499.106602725,83809951.721232
2015-06-23,22056.67725086643,66392.39961343187,59111.895032322034,23237339.86470115,85281037.30345322
2015-06-24,19872.068076206568,56270.03652292884,53257.14244423361,19694512.783025093,72278861.91370209
2015-06-25,20318.80806655895,61482.30085473351,54454.40561837799,21518805.29915673,78974015.4479052
2015-06-26,20066.105060403715,64555.02676522937,53777.16156188196,22594259.367830276,82920931.87993711
2015-06-27,23359.965934285097,70034.94978368255,62604.70870388406,24512232.424288888,89959892.99714021
2015-06-28,20791.387279014023,62324.64313666369,55720.91790775758,21813625.09783229,80056004.10904449
2015-06-29,18079.461838414078,48504.93125097044,48452.95772694973,16976725.937839653,62304584.191871524
2015-06-30,22929.991395614394,61311.95885324539,61452.37694024658,21459185.598635886,78755211.1469937
2015-07-01,17118.911588058007,57376.828156924144,45878.68305599546,20081889.85492345,73700535.76756907
2015-07-02,17564.043229343497,53053.183581593505,47071.635854640575,18568614.253557727,68146814.31055686
2015-07-03,21228.327159154134,61871.95298151283,56891.91678653308,21655183.543529492,79474523.60475324
2015-07-04,21979.75271723689,57639.92015390801,58905.73728219487,20173972.053867802,74038477.43769483
2015-07-05,15963.181793199796,59447.71538027271,42781.32720577546,20806700.383095447,76360590.40596029
2015-07-06,18379.22994566181,45770.25017545973,49256.33625437365,16019587.561410906,58791886.35037802
2015-07-07,16327.318360961961,56110.32145336392,43757.21320737806,19638612.50867737,72073707.90684596
2015-07-08,19108.623158102047,51537.24880399303,51211.11006371349,18038037.08139756,66199596.08872904
2015-07-09,21847.600903684248,51283.95357497345,58551.57042187379,17949383.751240704,65874238.36705338
2015-07-10,17247.39763921569,49164.34071242984,46223.025673098055,17207519.249350443,63151595.64511613
2015-07-11,17550.10573175318,56849.193454417684,47034.283361098525,19897217.70904619,73022788.99219951
2015-07-12,20194.285901407085,44391.06233869791,54120.68621577099,15536871.818544267,57020319.57405746
2015-07-13,19483.16355264818,46479.65595016954,52214.87832109712,16267879.582559338,59703118.06799277
2015-07-14,15984.59395083598,46644.54730019672,42838.71178824043,16325591.555068852,59914921.00710269
2015-07-15,15813.35697880755,48229.4072644942,42379.796703204236,16880292.542572968,61950673.63124279
2015-07-16,16024.44567783781,47756.0598750213,42945.514416605336,16714620.956257455,61342658.90946486
2015-07-17,18725.347125413315,45760.05266855516,50183.93029610768,16016018.433994306,58778787.652759105
2015-07-18,16473.32260977541,39998.18945094314,44148.5045941981,13999366.307830097,51377674.34973645
2015-07-19,18244.232268450778,45817.43961044985,48894.542479448086,16036103.863657447,58852501.17962283
2015-07-20,16082.37274335683,40727.94887059892,43100.7589521963,14254782.104709622,52315050.32428431
2015-07-21,17421.679429073185,44474.54037596326,46690.10086991614,15566089.13158714,57127547.11292481
2015-07-22,17584.542415288135,37984.96034908603,47126.573672972205,13294736.12218011,48791681.568401
2015-07-23,14759.98902773688,38762.14252583646,39556.77059433484,13566749.88404276,49789972.07443693
2015-07-24,13824.971184775683,43730.64486522944,37050.92277519883,15305725.702830303,56172013.32938721
2015-07-25,16403.20903710689,34163.06649855772,43960.600219446475,11957073.2744952,43882458.91739738
2015-07-26,15541.959537661214,53019.85015891727,41652.45156093206,18556947.55562104,68103997.5291292
2015-07-27,15720.071639025848,55049.15578958663,42129.79199258927,19267204.52635532,70710640.61172402
2015-07-28,17285.710458509748,27864.49019808318,46325.704028806125,9752571.56932911,35791937.659437835
2015-07-29,13253.171382150107,46219.23428568185,35518.49930416229,16176731.999988647,59368606.439958334
2015-07-30,15200.292661464342,38919.729046082386,40736.78433272444,13621905.166128835,49992391.95969282
2015-07-31,16462.923848690858,36721.95455998251,44120.635914491504,12852684.095993876,47169350.63229752
2015-08-01,12266.239157759122,29406.514871053907,32873.52094279445,10292280.204868868,37772668.35186874
2015-08-02,12719.49669034506,37314.1190724326,34088.251130124765,13059941.67535141,47929985.948539674
2015-08-03,11707.854040981994,31228.336215902727,31377.048829831747,10929917.675565954,40112797.86932705
2015-08-04,14138.5210496156,29729.16526780427,37891.23641296981,10405207.843731493,38187112.786494575
2015-08-05,13812.052102720598,30461.052242691298,37016.2996352912,10661368.284941953,39127221.60573696
2015-08-06,15074.945362959861,36013.198607521415,40400.85357273243,12604619.512632495,46258953.61136126
2015-08-07,13925.620473577297,31411.994971354008,37320.66286918716,10994198.239973903,40348707.54070422
2015-08-08,11919.630105957494,25603.97606965109,31944.608683966086,8961391.62437788,32888307.26146682
2015-08-09,13784.439246968319,30084.594089621187,36942.297181875096,10529607.931367414,38643661.10811841
2015-08-10,13126.930428824016,23653.31866809055,35180.173549248364,8278661.533831691,30382687.829162307
2015-08-11,13187.376306399,35313.06345617694,35342.168501149325,12359572.209661927,45359630.00945927
2015-08-12,13352.663702215139,31242.989882595564,35785.13872193657,10935046.458908448,40131620.50419401
2015-08-13,11691.11256268864,29138.941784217044,31332.18166800556,10198629.624475965,37428970.72182679
2015-08-14,15011.049193160085,33903.186811740416,40229.61183766903,11866115.384109143,43548643.45968056
2015-08-15,9700.0679534214,31520.4688217813,25996.18211516935,11032164.087623455,40488042.20157808
2015-08-16,14607.05108396141,28617.18486779768,39146.89690501658,10016014.703729188,36758773.96268612
2015-08-17,13149.41856895891,26749.312514220277,35240.44176480988,9362259.379977098,34359491.92451595
2015-08-18,10448.032351696007,37374.384124171476,28000.7267025453,13081034.443460016,48007396.407498255
2015-08-19,10779.717634523186,31717.30922524113,28889.643260522138,11101058.228834394,40740883.699822225
2015-08-20,16152.154283776523,28961.92930320866,43287.773480521086,10136675.25612303,37201598.18997152
2015-08-21,11984.44812282549,35107.1410076575,32118.320969172313,12287499.352680124,45095122.62433606
2015-08-22,14367.355422187065,25526.926763894622,38504.51253146134,8934424.367363118,32789337.42822264
2015-08-23,10690.13138489558,38066.499183096515,28649.552111520155,13323274.71408378,48896418.20068747
2015-08-24,11872.026337818088,27418.346231375,31817.030585352477,9596421.180981249,35218865.734201185
2015-08-25,13790.556260433637,30154.006254433505,36958.69077796215,10553902.189051727,38732821.03381984
2015-08-26,7380.356625747191,25852.657802150818,19779.355757002475,9048430.230752785,33207738.94686272
2015-08-27,8962.920808958856,25344.12476177514,24020.627768009734,8870443.666621298,32554528.256500162
2015-08-28,8648.82481565667,37734.79419638881,23178.850505959876,13207177.968736082,48470343.14526142
2015-08-29,11190.473849253034,24619.591887055296,29990.469915998132,8616857.160469353,31623865.778922524
2015-08-30,11861.385947796227,26222.332307406086,31788.51434009389,9177816.30759213,33682585.84886312
2015-08-31,12557.050598183321,34119.52494307255,33652.89560313131,11941833.730075391,43826529.78937668
2015-09-01,10587.019867349598,31302.337155289802,28373.213244496925,10955818.00435143,40207852.07596975
2015-09-02,12453.285299660278,29147.329536814985,33374.80460308955,10201565.337885244,37439744.79003885
2015-09-03,12676.655267637749,24314.211763990457,33973.43611726917,8509974.11739666,31231605.010845743
2015-09-04,10209.463798119927,33103.48741263298,27361.362978961406,11586220.594421543,42521429.58152706
2015-09-05,9744.871871239864,27752.156996879152,26116.256614922837,9713254.948907703,35647645.66249127
2015-09-06,11309.995389096233,23360.58423250706,30310.78764277791,8176204.481377469,30006670.44665531
2015-09-07,12167.513111831486,31427.79070653024,32608.935139708385,10999726.747285584,40368997.16253809
2015-09-08,13218.344332136065,30135.00214802689,35425.16281012465,10547250.75180941,38708410.259140536
2015-09-09,12529.531380187487,26697.032977953793,33579.14409890247,9343961.542283826,34292338.86018164
2015-09-10,10799.837567838485,42678.506362533255,28943.564681807144,14937477.22688664,54820541.42267396
2015-09-11,8041.79772689761,38640.176466210396,21552.017908085596,13524061.763173638,49633306.67084725
2015-09-12,9044.25701670373,32606.206616408628,24238.608804765998,11412172.31574302,41882672.39877688
2015-09-13,9411.903482806789,31626.256525630866,25223.901333922196,11069189.783970803,40623926.507172845
2015-09-14,8587.333478937926,30842.765293820437,23014.053723553643,10794967.852837153,39617532.01991235
2015-09-15,9836.948379463005,36408.43099906939,26363.021656960856,12742950.849674284,46766629.618304625
2015-09-16,11113.136022431798,32297.118510152548,29783.204540117218,11303991.478553392,41485648.72629095
2015-09-17,12514.109051101386,31273.45664799074,33537.812256951715,10945709.826796759,40170755.06434411
2015-09-18,9724.245832553548,33758.93795185907,26060.978831243512,11815628.283150675,43363355.79916298
2015-09-19,12323.214077829463,36678.14138408225,33026.21372858297,12837349.484428788,47113072.60785365
2015-09-20,12781.969793203338,41481.4603191586,34255.67904578495,14518511.111705508,53282935.77995922
2015-09-21,11786.520049446004,38365.826056864,31587.873732515294,13428039.1199024,49280903.570041806
2015-09-22,11739.550220151921,40142.68570519057,31461.99459000715,14049939.996816698,51563279.788317285
2015-09-23,10843.96789962391,46502.015979935975,29061.833970992084,16275705.592977589,59731839.52622775
2015-09-24,13210.60671400895,38369.29897347298,35404.42599354399,13429254.640715541,49285364.531426035
2015-09-25,10145.572900147887,48744.283301995194,27190.135372396337,17060499.155698318,62612031.90141282
2015-09-26,12625.934925147669,39930.871024115484,33837.50559939576,13975804.858440418,51291203.83047633
2015-09-27,8050.204470834604,40885.688917739535,21574.54798183674,14309991.121208835,52517667.41483642
2015-09-28,7446.6374322935735,47910.821586447266,19956.988318546777,16768787.555256544,61541450.32779151
2015-09-29,10540.034937298691,48585.11009000805,28247.293631960492,17004788.531502817,62407573.91061534
2015-09-30,5813.264057554514,48692.92368656807,15579.547674246098,17042523.290298823,62546060.47539668
2015-10-01,11017.754476914912,45532.15316949687,29527.581998131966,15936253.609323904,58486050.746218726
2015-10-02,9714.9985769736,35858.73686422446,26036.19618628925,12550557.90247856,46060547.50209632
2015-10-03,10033.60682364503,42296.84411063193,26890.06628736868,14803895.438721174,54330296.26010671
2015-10-04,9829.275662966103,45400.32959204471,26342.458776749158,15890115.357215649,58316723.36098143
2015-10-05,11611.858378286457,50571.14541619341,31119.780453807707,17699900.89566769,64958636.28710043
2015-10-06,9807.989718837001,48637.2576691891,26285.412446483166,17023040.184216186,62474557.4760734
2015-10-07,6851.190444101377,52196.072018609346,18361.190390191692,18268625.20651327,67045854.5079037
2015-10-08,8698.523471345123,53922.127385298,23312.04290320493,18872744.584854297,69262972.62641527
2015-10-09,6410.341762589149,50913.354300478415,17179.71592373892,17819674.005167443,65398203.59896451
2015-10-10,9819.998061795934,47178.081248486604,26317.594805613102,16512328.436970308,60600245.36368103
2015-10-11,11698.272559742923,56823.231368327164,31351.370460111037,19888130.978914507,72989440.69261624
2015-10-12,11354.821547960875,47483.16895286271,30430.921748535147,16619109.133501947,60992130.51995214
2015-10-13,7246.756795721802,46566.91713671322,19421.30821253443,16298420.997849626,59815205.06210813
2015-10-14,10529.590946302083,58202.83810534479,28219.303736089587,20370993.336870674,74761545.54631537
2015-10-15,6550.718643166431,52335.69099466967,17555.925963686037,18317491.848134384,67225195.08265318
2015-10-16,9323.047134940889,55336.18034896433,24985.766321641586,19367663.122137513,71079323.65824467
2015-10-17,12163.756503158593,56499.92389304084,32598.86742846503,19774973.36256429,72574152.24061094
2015-10-18,12461.338093919803,65736.02475675357,33396.38609170508,23007608.66486375,84437923.80004996
2015-10-19,11145.23369880879,54954.18971682703,29869.226312807557,19233966.40088946,70588656.69126432
2015-10-20,10022.536220362997,52512.8786864562,26860.397070572835,18379507.540259667,67452792.67275298
2015-10-21,7722.480028657228,52807.68404874646,20696.246476801374,18482689.417061258,67831470.16061482
2015-10-22,7078.688639557233,62039.16690060221,18970.885554013385,21713708.415210772,79689309.88382353
2015-10-23,10417.519245609308,58266.0980919153,27918.951578232947,20393134.332170356,74842802.9990652
2015-10-24,10617.38932465617,60556.92639540537,28454.603390078537,21194924.238391876,77785371.95489818
2015-10-25,14119.66743955579,58048.08037904136,37840.70873800952,20316828.132664476,74562759.24687862
2015-10-26,9237.247844437821,66909.74945691983,24755.82422309336,23418412.30992194,85945573.17741351
2015-10-27,11806.765115700468,60001.04689669325,31642.130510077255,21000366.413842637,77071344.73880248
2015-10-28,9923.319232603695,58392.59232997696,26594.495543377903,20437407.315491933,75005284.84785539
2015-10-29,13890.708934924007,63763.38181128588,37227.09994559634,22317183.633950055,81904063.93659669
2015-10-30,10182.314156779326,64373.26047933826,27288.601940168595,22530641.167768393,82687453.08571
2015-10-31,9593.854302979582,61079.93734337113,25711.52953198528,21377978.070179895,78457179.51756021
2015-11-01,11138.487588529775,66918.0414384571,29851.146737259798,23421314.503459983,85956224.22769813
2015-11-02,10763.11684463898,70905.14489066086,28845.15314363247,24816800.711731296,91077658.61205386
2015-11-03,11914.591787299036,66868.08301162606,31931.10598996142,23403829.05406912,85892052.62843367
2015-11-04,12110.634091364005,71861.54792628679,32456.499364855536,25151541.774200372,92306158.31131536
2015-11-05,9574.302479802669,69091.09610762703,25659.130645871155,24181883.63766946,88747512.95024692
2015-11-06,11136.990240328727,68921.5757200789,29847.13384408099,24122551.502027612,88529764.01244134
2015-11-07,12892.175241876761,66534.94046875594,34551.02964822972,23287229.16406458,85464131.03211701
2015-11-08,10702.69342233741,61848.63541889344,28683.21837186426,21647022.396612704,79444572.19556862
2015-11-09,13510.868653901929,66539.69584949914,36209.12799245717,23288893.5473247,85470239.31868164
2015-11-10,10281.145797635638,74251.34179960571,27553.470737663512,25987969.629862,95375848.54159354
2015-11-11,15004.74172744188,60625.42657569888,40212.70782954424,21218899.301494606,77873360.4364852
2015-11-12,13110.62677825371,72610.1395388494,35136.479765719945,25413548.838597286,93267724.23765203
2015-11-13,13179.831571610934,67453.32233958857,35321.9486119173,23608662.818855997,86643792.54520151
2015-11-14,14380.30428760657,62417.69650357617,38539.21549078561,21846193.77625166,80175531.15884359
2015-11-15,15012.512594741069,74757.56037681107,40233.533753906064,26165146.131883875,96026086.30401382
2015-11-16,16185.513440868337,65565.34890596461,43377.17602152714,22947872.11708761,84218690.66971153
2015-11-17,14137.461512038633,66433.92187528298,37888.39685226354,23251872.65634904,85334372.64880098
2015-11-18,13196.948571354456,65892.79800350954,35367.82217122994,23062479.301228337,84639299.03550799
2015-11-19,14324.57201722176,73717.04401948061,38389.85300615432,25800965.406818215,94689543.04302284
2015-11-20,13619.481073022573,67657.83476266993,36500.209275700494,23680242.16693447,86906488.75264952
2015-11-21,8991.47087965348,70906.71783650412,24097.141957471325,24817351.24277644,91079679.06098953
2015-11-22,15391.152357166957,68026.07339858855,41248.28831720744,23809125.689505987,87379491.28048697
2015-11-23,11303.316707261665,69126.88292122996,30292.888775461266,24194409.022430483,88793481.11231987
2015-11-24,17839.3123165669,66949.290053969,47809.35700839929,23432251.51888915,85996363.07432318
2015-11-25,14476.102781611951,74649.03742682042,38795.95545472003,26127163.099387143,95886688.57475081
2015-11-26,16417.755420837853,66117.97111882377,43999.58452784545,23141289.89158832,84928533.90212913
2015-11-27,14052.857889495524,67976.46138962831,37661.65914384801,23791761.486369904,87315764.65497755
2015-11-28,16893.699292231784,71579.98157079605,45275.114103181186,25052993.549778618,91944486.32768753
2015-11-29,17521.966307788367,76059.67866654634,46958.86970487283,26620887.53329122,97698657.24717878
2015-11-30,19658.462905531294,59143.56094323135,52684.68058682387,20700246.330130972,75969904.03158067
2015-12-01,15662.644590709462,71237.41437953165,41975.88750310136,24933095.032836076,91504458.7705084
2015-12-02,16445.494484579962,67836.6538588628,44073.9252186743,23742828.85060198,87136181.88170926
2015-12-03,17808.232781213468,72561.56945100355,47726.0638536521,25396549.30785124,93205335.95981404
2015-12-04,13904.914086610452,75288.74143450447,37265.16975211601,26351059.502076562,96708388.37262098
2015-12-05,18775.139949483004,71924.65716508486,50317.375064614454,25173630.007779703,92387222.12855151
2015-12-06,15692.259499891401,68808.40227439009,42055.255459708955,24082940.79603653,88384392.72145407
2015-12-07,17105.24351557214,64158.709727901296,45842.05262173334,22455548.404765453,82411862.64548922
2015-12-08,18092.69506720716,65144.85085951359,48488.422780115194,22800697.800829757,83678560.9290452
2015-12-09,17657.74951339519,66415.96813801696,47322.76869589911,23245588.848305937,85311311.0732828
2015-12-10,16315.969976531082,64942.47482416228,43726.7995371033,22729866.188456796,83418608.91163644
2015-12-11,15450.11960312649,66133.27639810095,41406.320536379,23146646.739335332,84948193.53336066
2015-12-12,18322.773424136118,66754.9479225129,49105.0327766848,23364231.772879515,85746730.60646781
2015-12-13,15962.842212005047,64038.79784890649,42780.41712817353,22413579.247117274,82257835.8369204
2015-12-14,23311.612047951407,57127.04262207792,62475.120288509774,19994464.91772727,73379686.24805908
2015-12-15,18219.2232322809,65306.500341934974,48827.518262512815,22857275.11967724,83886199.68921547
2015-12-16,16768.509520693508,56805.2003460231,44939.6055154586,19881820.12110808,72966279.84446666
2015-12-17,17749.218268254568,65491.35125887887,47567.90495892225,22921972.940607604,84123640.69202991
2015-12-18,18546.630609352967,57639.23030288493,49704.970033065954,20173730.606009725,74037591.32405569
2015-12-19,19054.20770120935,63708.559149589826,51065.27663924106,22297995.70235644,81833644.22764812
2015-12-20,19713.79093053471,58326.84017486891,52832.95969383302,20414394.061204117,74920826.20461911
2015-12-21,20836.9865522844,60328.26431932521,55843.1239601222,21114892.511763822,77491655.51817323
2015-12-22,22733.188046525764,61625.22087172364,60924.94396468905,21568827.305103276,79157596.20972902
2015-12-23,16408.077326534723,64661.39506785831,43973.64723511306,22631488.27375041,83057561.964664
2015-12-24,16835.006538721245,65591.59318022744,45117.81752377294,22957057.613079604,84252401.44000214
2015-12-25,22933.767119882075,50929.516766973946,61462.49588128397,17825330.868440878,65418964.28717802
2015-12-26,16653.65204016281,51542.84231015586,44631.787467636335,18039994.80855455,66206780.94739519
2015-12-27,19856.39387203446,53781.700835031945,53215.13557705235,18823595.29226118,69082594.72259852
2015-12-28,19670.716113106508,60007.269737535506,52717.51918312544,21002544.408137426,77079337.97786435
2015-12-29,21931.575673142055,50412.21442210284,58776.62280402071,17644275.047735997,64754489.425191104
2015-12-30,19854.91103008163,66958.06167969275,53211.16156061877,23435321.58789246,86007630.22756533
2015-12-31,21505.908478522688,49141.26949600594,57635.834722440806,17199444.323602077,63121960.66761962
2016-01-01,20451.211791504476,45822.26014529463,54809.247601232,16037791.050853122,58858693.156630956
2016-01-02,17601.03728638725,57053.40270064387,47170.77992751783,19968690.94522535,73285095.76897703
2016-01-03,24187.349691510393,44985.250954496834,64822.09717324786,15744837.83407389,57783554.851051174
2016-01-04,22305.197219496808,58149.71477812886,59777.928548251446,20352400.172345098,74693308.6325065
2016-01-05,18239.321482789506,53575.837798471424,48881.38157387588,18751543.229464997,68818163.65213653
2016-01-06,25488.107259716893,54115.228315110544,68308.12745604127,18940329.910288688,69511010.77075948
2016-01-07,18481.12515897245,55407.01395180625,49529.415426046166,19392454.883132186,71170309.42109512
2016-01-08,24100.372816037147,54314.28725837328,64588.99914697956,19010000.540430646,69766701.98338047
2016-01-09,23438.05600414945,47567.59919424089,62813.99009112053,16648659.717984311,61100581.16500242
2016-01-10,20673.800915445026,41314.26557970377,55405.78645339268,14459992.95289632,53068174.13712949
2016-01-11,18690.71337391007,46432.991035548876,50091.111842078986,16251546.862442104,59643176.98516252
2016-01-12,20778.10740296244,56566.29625284254,55685.32783993934,19798203.688494887,72659407.53677623
2016-01-13,25107.577027659052,41551.3045712353,67288.30643412627,14542956.599932354,53372650.721751735
2016-01-14,24153.82509152116,46979.12085548801,64732.25124527672,16442692.299420802,60344680.73887434
2016-01-15,24383.875707074734,42013.17815823476,65348.78689496029,14704612.355382165,53965927.34425254
2016-01-16,23312.240560006587,43435.35113451681,62476.80470081766,15202372.897080882,55792708.53228684
2016-01-17,23593.18120243323,44023.59598119059,63229.72562252106,15408258.593416706,56548309.03783931
2016-01-18,22529.904746849472,44745.41117749229,60380.144721556586,15660893.9121223,57475480.65748884
2016-01-19,21397.735843579983,41916.1659105238,57345.93206079436,14670658.06868333,53841315.11206782
2016-01-20,24382.906965112932,44419.5079654727,65346.19066650266,15546827.787915444,57056857.98164968
2016-01-21,22697.50334239258,41705.82798761914,60829.30895761212,14597039.795666698,53571136.05009678
2016-01-22,25966.326446648756,39421.149122618226,69589.75487701867,13797402.192916378,50636466.04800311
2016-01-23,24295.13156181468,37303.169009912446,65110.95258566335,13056109.153469356,47915920.593232535
2016-01-24,26217.047596901783,29758.12790102521,70261.68755969679,10415344.765358822,38224315.28886688
2016-01-25,23295.256940943786,35405.14909577081,62431.28860172935,12391802.18351978,45477914.013517596
2016-01-26,21591.538260104844,34444.77897545889,57865.32253708099,12055672.641410612,44244318.593976945
2016-01-27,22537.282769811714,36480.01907223875,60399.9178230954,12768006.675283562,46858584.49829067
2016-01-28,24748.802703183566,32176.42734164335,66326.79124453197,11261749.569575172,41330620.92034088
2016-01-29,25867.09651599448,38675.83028945464,69323.8186628652,13536540.601309126,49679104.006804496
2016-01-30,25273.314249732986,41364.05210048497,67732.4821892844,14477418.23516974,53132124.92307295
2016-01-31,22396.399362413114,45606.58812148012,60022.350291267154,15962305.84251804,58581662.44204121
2016-02-01,23816.475546001817,37390.45991209561,63828.154463284875,13086660.969233464,48028045.75708681
2016-02-02,24002.808483355453,29683.702819340804,64327.52673539262,10389295.98676928,38128716.271443255
2016-02-03,27815.607477607813,40332.663032869124,74545.82803998895,14116432.061504193,51807305.66572039
2016-02-04,26188.85678415143,36726.24558004606,70186.13618152584,12854185.95301612,47174862.447569154
2016-02-05,28296.41977291176,20786.29389549796,75834.40499140351,7275202.863424286,26699994.50876713
2016-02-06,27544.19041243494,29285.94852348316,73818.43030532564,10250081.983219106,37617800.87841412
2016-02-07,24292.241368856463,30756.479042093775,65103.20686853532,10764767.664732821,39506697.32956945
2016-02-08,28039.72621124028,25708.628754124467,75146.46624612395,8998020.063943563,33022733.634672876
2016-02-09,28963.727366379222,39637.45612837316,77622.78934189632,13873109.644930605,50914312.39689532
2016-02-10,27011.75359653781,24011.850525809135,72391.49963872133,8404147.684033196,30843222.00040183
2016-02-11,27640.418301604044,36462.98000386704,74076.32104829884,12762043.001353463,46836697.81496721
2016-02-12,27892.15257964981,35245.81817686517,74750.96891346149,12336036.361902809,45273253.448183306
2016-02-13,27319.44537959219,32403.205018201763,73216.11361730707,11341121.756370617,41621916.845880166
2016-02-14,23053.63866211962,36365.949278598484,61783.75161448059,12728082.24750947,46712061.848359756
2016-02-15,29151.69549684908,35008.035320773604,78126.54393155554,12252812.36227076,44967821.36953369
2016-02-16,25218.634632546353,30874.27825255618,67585.94081522422,10805997.388394663,39658010.41540841
2016-02-17,26990.401250147406,31195.002556704574,72334.27535039505,10918250.8948466,40069980.78408702
2016-02-18,30555.608793370982,29635.23110661741,81889.03156623423,10372330.887316093,38066454.35645006
2016-02-19,24720.123019764276,40367.24761665695,66249.92969296826,14128536.66582993,51851729.56359585
2016-02-20,31245.867000840695,23009.06620668243,83738.92356225307,8053173.17233885,29555145.54248358
2016-02-21,29706.48856931612,28966.50705153995,79613.3893657672,10138277.468038982,37207478.30770306
2016-02-22,27972.935125057757,34509.16467889314,74967.4661351548,12078207.637612598,44327022.03003824
2016-02-23,26380.74852816243,36736.55502247058,70700.40605547531,12857794.257864702,47188104.92636346
2016-02-24,28727.52148353194,26556.270797746725,76989.7575758656,9294694.779211354,34111529.83970567
2016-02-25,28751.778524470905,29362.259578707813,77054.76644558203,10276790.852547735,37715822.42885019
2016-02-26,30770.306164307036,26778.731534360406,82464.42052034286,9372556.03702614,34397280.655885935
2016-02-27,29490.547112199518,29075.604596033354,79034.6662606947,10176461.608611673,37347614.10360484
2016-02-28,27690.26898102782,39657.33727159875,74209.92086915456,13880068.045059562,50939849.72536859
2016-02-29,28484.279816453007,34659.3112835079,76337.86990809406,12130758.949227763,44519885.34366589
2016-03-01,27745.35837442158,32575.445755275334,74357.56044344984,11401406.014346367,41843160.07265116
2016-03-02,26148.921381467422,36972.028901834376,70079.1093023327,12940210.115642032,47490571.124406256
2016-03-03,29465.02933889807,30140.253572218237,78966.27862824684,10549088.750276381,38715155.71351432
2016-03-04,30284.02490774226,38374.61388261535,81161.18675274926,13431114.858915372,49292191.53221941
2016-03-05,28537.747874940058,26592.49392038395,76481.16430483936,9307372.872134382,34158058.44073318
2016-03-06,30214.156809418055,30692.08418497786,80973.94024924039,10742229.46474225,39423982.13560406
2016-03-07,28197.412254879295,28261.21879071412,75569.06484307651,9891426.576749941,36301535.53667229
2016-03-08,29222.480562169996,30628.978391533514,78316.2479066156,10720142.437036728,39342922.74392479
2016-03-09,26630.681227441244,35755.04877400492,71370.22568954254,12514267.070901722,45927360.150209315
2016-03-10,32776.30945543077,38545.16459914722,87840.50934055446,13490807.609701525,49511263.9276046
2016-03-11,28770.743917545224,34521.1094249496,77105.5936990212,12082388.298732359,44342365.05634776
2016-03-12,33232.111734313214,32053.617041826878,89062.05944795941,11218765.964639407,41172871.09022662
2016-03-13,29704.222049353437,34774.03755127829,79607.31509226722,12170913.142947402,44667251.234616965
2016-03-14,31123.91479695788,31445.28297259595,83412.09165584712,11005849.040408581,40391465.97829949
2016-03-15,27188.87178420164,25865.455060703127,72866.1763816604,9052909.271246094,33224177.025473166
2016-03-16,26786.894595374662,29874.214497443754,71788.8775156041,10455975.074105313,38373428.521966495
2016-03-17,34244.380644534795,39302.659572477685,91774.94012735326,13755930.850367188,50484266.220847584
2016-03-18,27410.318973358346,38812.462759514754,73459.65484860037,13584361.965830164,49854608.4145967
2016-03-19,30215.616758162378,36358.37606920216,80977.85291187518,12725431.624220757,46702334.060890175
2016-03-20,28649.6856324973,29927.97580513919,76781.15749509278,10474791.531798717,38442484.92170129
2016-03-21,31856.672440642662,32441.791820024115,85375.88214092235,11354627.13700844,41671481.59282097
2016-03-22,29495.077864086372,35495.99780353261,79046.80867575148,12423599.231236415,45594609.17863764
2016-03-23,32562.722774282585,41827.18774116541,87268.09703507733,14639515.709407894,53727022.65352697
2016-03-24,28460.797697511625,39738.71308314782,76274.93782933116,13908549.579101738,51044376.95530338
2016-03-25,29694.829512581167,37358.76185884064,79582.14309371753,13075566.650594221,47987329.60768079
2016-03-26,30023.422903924682,42540.47908404167,80462.77338251815,14889167.679414583,54643245.38345152
2016-03-27,31190.614839634283,45848.87440172563,83590.84777021989,16047106.040603971,58892879.16901657
2016-03-28,31351.805496191857,35492.12234279086,84022.83872979418,12422242.819976801,45589631.14931486
2016-03-29,30750.62451093754,45398.62946500523,82411.67368931262,15889520.312751828,58314539.54779921
2016-03-30,27066.515404973547,51694.363020141805,72538.2612853291,18093027.05704963,66401409.29937214
2016-03-31,29839.317584076176,48029.57340164551,79969.37112532416,16810350.690575927,61693987.03441365
2016-04-01,29430.10621056666,38396.61257339977,78872.68464431865,13438814.400689919,49320448.850532
2016-04-02,30838.165314694066,55676.49843642095,82646.2830433801,19486774.452747334,71516462.2415827
2016-04-03,31164.318740403574,53578.69154326794,83520.37422428158,18752542.040143777,68821829.28732766
2016-04-04,26943.274124706335,54898.63187210034,72207.97465421299,19214521.155235115,70517292.63971287
2016-04-05,26340.090878655978,37776.959891746796,70591.44355479802,13221935.962111378,48524504.98094875
2016-04-06,30380.21794049426,54141.740749714736,81418.98408052462,18949609.262400158,69545065.99300858
2016-04-07,30539.200831310383,54495.58128071223,81845.05822791184,19073453.448249277,69999574.15507485
2016-04-08,28257.924778023767,51357.7656285533,75731.23840510371,17975217.969993655,65969049.94987671
2016-04-09,28950.240873032773,52320.2758053735,77586.64553972783,18312096.531880725,67205394.27200226
2016-04-10,28966.790349967985,51350.7008670349,77630.99813791421,17972745.303462215,65959975.26370633
2016-04-11,33154.38901867245,55940.69898404883,88853.76257004218,19579244.64441709,71855827.84501071
2016-04-12,31053.357207013338,47852.899645407655,83222.99731479575,16748514.875892678,61467049.59452613
2016-04-13,26214.872001639917,56387.82799517315,70255.85696439497,19735739.798310604,72430165.05979991
2016-04-14,29356.264880990548,59076.95978611037,78674.78988105468,20676935.92513863,75884354.84525877
2016-04-15,29404.138371785186,68302.54182210416,78803.0908363843,23905889.637736455,87734614.97049278
2016-04-16,28087.713375119874,50720.01712576881,75275.07184532126,17752005.994019084,65149861.998050034
2016-04-17,31402.99675648762,54189.11674490013,84160.03130738683,18966190.860715043,69605920.4588242
2016-04-18,27097.23145633476,52171.77849372496,72620.58030297716,18260122.472803734,67014649.4751897
2016-04-19,28398.80178391835,57085.00188262127,76108.78878090117,19979750.658917442,73325684.91822702
2016-04-20,30898.327599613036,59036.93169569296,82807.51796696294,20662926.093492538,75832938.76311761
2016-04-21,26559.613785240756,54731.350508415264,71179.76494444523,19155972.677945342,70302419.7280594
2016-04-22,28429.616891622954,59271.7337873269,76191.37326954953,20745106.825564414,76134542.04982139
2016-04-23,29014.62596700735,52758.161168246465,77759.1975915797,18465356.40888626,67767858.02061258
2016-04-24,27508.775125576776,62873.29522060237,73723.51733654576,22005653.32721083,80760747.71086374
2016-04-25,29460.12537908003,61646.38073925647,78953.13601593448,21576233.258739762,79184776.05957493
2016-04-26,30590.202288818095,68945.89596195881,81981.7421340325,24131063.586685583,88561003.36313608
2016-04-27,29116.21961957506,66687.52975798919,78031.46858046117,23340635.415296216,85660131.97413711
2016-04-28,27651.27394871207,66174.52779416324,74105.41418254835,23161084.72795713,85001180.95160267
2016-04-29,31043.464732978347,58401.61487153559,83196.48548438198,20440565.205037456,75016874.30248746
2016-04-30,29651.121499444387,64684.18534578263,79465.00561851096,22639464.87102392,83086836.07665779
2016-05-01,27413.22269903038,65915.39473328667,73467.43683340141,23070388.15665033,84668324.53490672
2016-05-02,30657.03162754526,66515.86427817923,82160.84476182131,23280552.49736273,85439627.66532122
2016-05-03,25862.996164385677,63612.18783423251,69312.82972055362,22264265.741981376,81709855.27307165
2016-05-04,28835.48373518059,63784.31848920094,77279.096410284,22324511.471220326,81930957.0993786
2016-05-05,28144.266451245814,73834.99555130467,75426.63408933878,25842248.442956634,94841051.78565085
2016-05-06,26831.639054663705,70137.61135716063,71908.79266649873,24548163.97500622,90091761.78827283
2016-05-07,29740.328992593895,58216.15234243167,79704.08170015164,20375653.319851086,74778647.68385348
2016-05-08,23003.916786733782,62821.17426206429,61650.49698844654,21987410.9917225,80693798.33962157
2016-05-09,27689.20108691899,57567.50088788727,74207.0589129429,20148625.310760543,73945454.89049119
2016-05-10,27675.706897170072,80293.90619751082,74170.8944844158,28102867.169128787,103137522.51070264
2016-05-11,25306.38328703503,69642.23314014747,67821.10720925388,24374781.59905161,89455448.4685194
2016-05-12,28841.630236408466,71139.50058619793,77295.56903357469,24898825.20516927,91378688.50297123
2016-05-13,28161.763305351742,69067.5407250665,75473.52565834267,24173639.253773272,88717256.0613479
2016-05-14,28374.02567640404,76060.79684062421,76042.38881276283,26621278.894218475,97700093.5417818
2016-05-15,27797.972306965774,70721.17791147374,74498.56578266827,24752412.26901581,90841353.02728802
2016-05-16,25772.08028336018,66224.49065632402,69069.17515940529,23178571.729713406,85065358.2480482
2016-05-17,21966.960472351493,77511.78121022182,58871.454065902006,27129123.423577633,99563882.96452992
2016-05-18,25088.033622572522,60172.30915561535,67235.93010849436,21060308.20446537,77291331.1103879
2016-05-19,26567.579198981155,75192.69247967932,71201.1122532695,26317442.367887758,96585013.49014807
2016-05-20,27888.482233884257,65505.16258999064,74741.13238680981,22926806.906496726,84141381.34684299
2016-05-21,23298.0832068641,73281.38595098007,62438.86299439579,25648485.08284302,94129940.25403388
2016-05-22,26507.999347749923,64405.04407171219,71041.4382519698,22541765.425099265,82728279.1101143
2016-05-23,21737.732644580206,70953.16121682266,58257.12348747496,24833606.425887927,91139335.58300869
2016-05-24,26639.249340738643,65389.01571962136,71393.18823317956,22886155.501867473,83992190.69185363
2016-05-25,24423.45176207037,73226.95989015937,65454.850722348594,25629435.96155578,94060029.9789097
2016-05-26,23820.821464711746,77631.96038771061,63839.80152542748,27171186.135698713,99718253.11801428
2016-05-27,25161.080245981408,65928.20083101468,67431.69505923017,23074870.290855136,84684773.96743834
2016-05-28,26798.76152672689,74642.54109483372,71820.68089162807,26124889.383191798,95878344.03631389
2016-05-29,24377.964667654654,70989.17878365412,65332.94530931448,24846212.574278943,91185600.14760372
2016-05-30,23638.55070905987,76185.82998300857,63351.31590028045,26665040.494053002,97860698.61317451
2016-05-31,27105.493537882052,75081.76361724905,72642.7226815239,26278617.266037162,96442525.36635639
2016-06-01,25770.71608829826,68030.51653167963,69065.51911663935,23810680.78608787,87385198.48494248
2016-06-02,25942.23835717547,60067.96255427547,69525.19879723026,21023786.893996414,77157297.90096684
2016-06-03,24111.615153055733,64628.33941771258,64619.128610189364,22619918.796199404,83015101.9820518
2016-06-04,23638.593548645666,58308.928664668514,63351.43071037039,20408125.03263398,74897818.8697667
2016-06-05,22916.619351749207,66317.83489213549,61416.539862687874,23211242.21224742,85185258.91894802
2016-06-06,22350.66215505192,72314.061754184,59899.774575539144,25309921.6139644,92887412.32324935
2016-06-07,25418.624320915827,61734.140905070984,68121.91318005443,21606949.31677484,79297503.99256366
2016-06-08,21512.441106545513,64331.18447204699,57653.34216554198,22515914.565216444,82633406.45434435
2016-06-09,22404.223724822903,59201.185080455616,60043.319582525386,20720414.778159466,76043922.23584524
2016-06-10,23736.271320960615,63236.40395410334,63613.207140174454,22132741.38393617,81227160.87904574
2016-06-11,23823.32227515821,63511.06752024309,63846.50369742401,22228873.632085077,81579966.22975223
2016-06-12,25978.30133647175,62202.56329720448,69621.8475817443,21770897.154021565,79899192.55525914
2016-06-13,23600.30988918881,60688.8626078976,63248.830503026016,21241101.912764158,77954844.01984446
2016-06-14,22611.515470386894,52726.20060764505,60598.86146063688,18454170.212675765,67726804.68052006
2016-06-15,21235.467243787585,61589.46806610442,56911.05221335073,21556313.823136546,79111671.73091112
2016-06-16,20026.717311161916,62758.401607782034,53671.60239391394,21965440.56272371,80613166.86519602
2016-06-17,23059.540132970364,54137.320027204245,61799.56755636058,18948062.009521484,69539387.57494384
2016-06-18,23279.837851688448,58268.6310686658,62389.96544252504,20394020.87403303,74846056.60770121
2016-06-19,23842.758786835304,68173.35621491884,63898.59354871862,23860674.675221592,87568676.05806324
2016-06-20,18730.134017785625,64402.83288090564,50196.75916766548,22540991.508316975,82725438.83552329
2016-06-21,21202.43427195072,56437.441406874714,56822.52384882793,19753104.49240615,72493893.48713057
2016-06-22,19165.184768844574,58269.08330239654,51362.69518050346,20394179.155838788,74846637.50192834
2016-06-23,20426.119243928166,59673.91041374471,54741.99957372749,20885868.644810643,76651137.92645507
2016-06-24,20993.12432295167,63912.07351638627,56261.573185510475,22369225.730735194,82095058.43179816
2016-06-25,20078.279197957214,61615.647958899,53809.78825052534,21565476.785614647,79145299.80320576
2016-06-26,17398.966005729744,55379.04788709704,46629.228895355714,19382666.76048396,71134387.01097614
2016-06-27,21213.50733539136,58500.25198335518,56852.199658848855,20475088.194174312,75143573.67261973
2016-06-28,22879.155222061137,45595.467858625765,61316.135995123856,15958413.750519015,58567378.464404784
2016-06-29,18278.605828785447,57491.32861636307,48986.663621145,20121965.015727073,73847611.60771836
2016-06-30,11898.667614097769,56853.04455115315,31888.429205782024,19898565.592903603,73027735.72595622
2016-07-01,23318.517007090122,48723.99878413281,62493.625579001535,17053399.57444648,62585976.438218586
2016-07-02,17820.838472282536,54091.15123043193,47759.8471057172,18931902.930651177,69480083.75548981
2016-07-03,18248.21303427803,48613.85119980994,48905.21093186512,17014847.91993348,62444491.86615587
2016-07-04,18176.587744242453,50710.71172216938,48713.25515456978,17748749.10275928,65137909.20712655
2016-07-05,16758.185067241102,46074.398674601165,44911.93598020616,16126039.536110407,59182565.097525194
2016-07-06,19747.5228701074,46414.150377463935,52923.361291887835,16244952.632112376,59618976.15985242
2016-07-07,13079.100391318629,48888.724169453,35051.98904873393,17111053.45930855,62797566.19566238
2016-07-08,18511.334191321497,49673.87965780645,49610.37563274161,17385857.880232256,63806098.42045238
2016-07-09,20005.78449243237,46088.7596642334,53615.50243971875,16131065.882481689,59201011.78870779
2016-07-10,16660.94468894064,47890.81483258758,44651.33176636091,16761785.19140565,61515751.652458735
2016-07-11,20566.053340970535,52023.06561539943,55117.02295380104,18208072.9653898,66823627.78298056
2016-07-12,16172.921684858766,49317.14785136672,43343.43011542149,17261001.74797835,63347876.41508054
2016-07-13,15052.872471769024,43174.080337905805,40341.69822434099,15110928.11826703,55457106.19404
2016-07-14,17327.72217127888,41189.16723179895,46438.2954190274,14416208.53112963,52907485.30924574
2016-07-15,16394.316218668704,44357.14339463269,43936.76746603213,15525000.18812144,56976750.69040568
2016-07-16,17023.901092290973,40812.000945046784,45624.05492733981,14284200.330766372,52423015.213912584
2016-07-17,16652.814524153935,41123.42173736069,44629.54292473255,14393197.608076239,52823035.2216398
2016-07-18,17833.51780446169,43368.28418520933,47793.82771595733,15178899.464823266,55706561.03590139
2016-07-19,15965.16630860947,37697.0378768741,42786.64570707338,13193963.256905934,48421845.15284478
2016-07-20,15945.810576744827,42239.57400622969,42734.77234567614,14783850.90218039,54256732.81100203
2016-07-21,15007.465247515614,43249.28071704171,40220.00686334185,15137248.250964597,55553701.08104007
2016-07-22,15782.453140254609,38771.994422442745,42296.97441588235,13570198.047854962,49802626.83562771
2016-07-23,14596.872228674685,36021.31676562937,39119.61757284816,12607460.86797028,46269381.38545093
2016-07-24,12807.787605865979,37394.901973489235,34324.87078372083,13088215.69072123,48033751.584946916
2016-07-25,17306.198881159773,30842.14777916114,46380.613001508194,10794751.722706398,39616738.82233248
2016-07-26,18278.164233601463,32007.8400931931,48985.48014605192,11202744.032617584,41114070.59970653
2016-07-27,9625.398435143514,33419.4876588772,25796.06780618462,11696820.680607019,42927331.89782776
2016-07-28,14436.682151020537,34153.599423292566,38690.30816473504,11953759.798152396,43870298.45921929
2016-07-29,15053.599561485415,38381.55344060882,40343.64682478092,13433543.704213087,49301105.39446203
2016-07-30,14850.614299527075,33741.6540904701,39799.646322732566,11809578.931664536,43341154.679208845
2016-07-31,12757.476735443117,41742.68183193223,34190.03765098756,14609938.641176278,53618474.81311694
2016-08-01,14732.229597960604,41899.73015800226,39482.37532253442,14664905.555300793,53820203.38795391
2016-08-02,14681.642530293942,36139.506796680806,39346.80198118777,12648827.378838282,46421196.480336495
2016-08-03,13617.12679797512,32892.78483933333,36493.89981857332,11512474.693766667,42250782.12612367
2016-08-04,17188.933909055984,31237.57716014843,46066.34287627004,10933152.00605195,40124667.86221065
2016-08-05,13953.195854459515,28337.708150184564,37394.5648899515,9918197.852564598,36399786.11891207
2016-08-06,16008.607464218538,33015.126043129814,42903.068004105684,11555294.115095435,42407929.40240025
2016-08-07,15141.602107352404,23589.138594981003,40579.49364770445,8256198.50824335,30300248.525253095
2016-08-08,13739.085176003891,34815.12621125526,36820.748271690434,12185294.17393934,44720029.618357375
2016-08-09,16545.60655277414,31654.81891847791,44342.2255614347,11079186.621467268,40660614.90078487
2016-08-10,14457.727930227387,33482.07022964731,38746.7108530094,11718724.580376558,43007719.20998197
2016-08-11,14837.10729750634,44648.494366203086,39763.44755731699,15626973.02817108,57350991.01338786
2016-08-12,14741.634568232299,24625.67763453438,39507.580642862566,8618987.172087032,31631682.92155941
2016-08-13,15170.936697606954,37336.25448209266,40658.11034958664,13067689.068732431,47958418.88224802
2016-08-14,16459.381604638333,37967.29388457019,44111.14270043073,13288552.859599566,48768988.994730406
2016-08-15,11646.25838162505,28448.025073550103,31211.972462755137,9956808.775742535,36541488.2069751
2016-08-16,10841.3022991322,30407.299247217223,29054.690161674298,10642554.736526027,39058175.883050516
2016-08-17,10151.3368557341,33492.78596446999,27205.58277336739,11722475.087564496,43021483.5713617
2016-08-18,15251.751189485207,27707.888896892935,40874.693187820354,9697761.113912527,35590783.288058974
2016-08-19,12469.460317558982,31823.80956394175,33418.15365105807,11138333.347379612,40877683.38488317
2016-08-20,13829.269851607203,29155.93596369812,37062.44320230731,10204577.58729434,37450799.745370224
2016-08-21,13430.672027146682,35401.45735619205,35994.20103275311,12390510.074667215,45473171.97402868
2016-08-22,13330.488765175282,32350.368009226408,35725.70989066976,11322628.803229243,41554047.70785132
2016-08-23,12990.040118096718,27390.104692922032,34813.307516499204,9586536.642522711,35182589.47805835
2016-08-24,13823.457447090663,25521.204037935313,37046.86595820298,8932421.41327736,32781986.58672791
2016-08-25,14667.618317626182,41409.23941679608,39309.21709123817,14493233.795878628,53190168.030874565
2016-08-26,9435.019579317375,27928.07293771289,25285.85247257057,9774825.52819951,35873609.6884922
2016-08-27,10370.50394827269,34385.17853539155,27792.95058137081,12034812.48738704,44167761.82871044
2016-08-28,10465.931810076127,34526.56087180848,28048.69725100402,12084296.305132966,44349367.439837985
2016-08-29,11896.492529131014,31702.104733678952,31882.599978071117,11095736.656787632,40721353.53041061
2016-08-30,11019.065529329551,31577.35900990973,29531.095618603198,11052075.653468406,40561117.64822905
2016-08-31,12950.915895609747,30480.143125703413,34708.45460023412,10668050.093996193,39151743.84496603
2016-09-01,9773.774221660378,44892.71917615658,26193.714914049815,15712451.711654803,57664697.78177313
2016-09-02,12912.307487188129,30567.979126427283,34604.98406566419,10698792.694249548,39264569.18789584
2016-09-03,10868.20425848414,33463.29614642472,29126.787412737496,11712153.65124865,42983603.90008254
2016-09-04,10913.671324408593,33082.56856504247,29248.63914941503,11578898.997764863,42494559.32179704
2016-09-05,12611.97317607528,38467.52093054194,33800.088111881756,13463632.325689679,49411530.63528112
2016-09-06,12317.33670504807,37075.86222819298,33010.46236952883,12976551.779867541,47623945.03211387
2016-09-07,11697.874563519556,42383.45641947619,31350.30383023241,14834209.746816665,54441549.77081716
2016-09-08,11175.436508326013,41362.52048961497,29950.169842313717,14476882.171365239,53130157.56891043
2016-09-09,9250.038317802728,35771.06488522921,24790.102691711312,12519872.709830223,45947932.84507692
2016-09-10,11737.949386651628,32405.695034435892,31457.704356226364,11341993.26205256,41625115.2717329
2016-09-11,13835.897851020483,34798.18655988073,37080.2062407349,12179365.295958253,44698270.63616679
2016-09-12,9703.947132644367,45908.857514405005,26006.578315486906,16068100.13004175,58969927.47725322
2016-09-13,14122.916587635458,34718.521822656156,37849.41645486303,12151482.637929654,44595941.28120183
2016-09-14,9978.874487406727,35373.455695075165,26743.38362625003,12380709.493276305,45437203.84032404
2016-09-15,9966.888167813298,36687.67288147349,26711.260289739643,12840685.508515721,47125315.81625269
2016-09-16,9873.347514052382,42664.73212254461,26460.571337660385,14932656.242890611,54802848.41140854
2016-09-17,5105.04842171845,27561.580478026393,13681.529770205447,9646553.167309238,35402850.1240249
2016-09-18,11472.670259339542,40863.262354400336,30746.756295029976,14302141.824040117,52488860.49422723
2016-09-19,7705.662148312209,41871.24564767903,20651.174557476723,14654935.97668766,53783615.03444371
2016-09-20,10465.65636558817,36065.063578964386,28047.959059776294,12622772.252637533,46325574.16717975
2016-09-21,12321.55002570219,35995.921137641664,33021.75406888187,12598572.39817458,46236760.70130071
2016-09-22,9707.526607802387,41855.549029465736,26016.171308910398,14649442.160313006,53763452.72834873
2016-09-23,8576.563730462249,53322.90341013715,22985.19079763883,18663016.193548,68493269.43032116
2016-09-24,8351.299024592738,47552.90625599255,22381.481385908537,16643517.189597392,61081708.085822426
2016-09-25,7886.967345889248,50627.38035848703,21137.072486983183,17719583.12547046,65030870.070476584
2016-09-26,9512.385050920571,52405.0228977229,25493.191936467134,18341758.014203012,67314251.91212505
2016-09-27,6923.808596160494,42541.35645765854,18555.807037710125,14889474.76018049,54644372.3698624
2016-09-28,9554.241752265261,44066.1882135771,25605.3678960709,15423165.874751983,56603018.760339774
2016-09-29,13401.881425838415,40953.7491477453,35917.04222124696,14333812.201710856,52605090.78027884
2016-09-30,11147.749465332941,44029.67316942237,29875.968567092285,15410385.609297829,56556115.18612303
2016-10-01,10009.370405169826,45189.76732338882,26825.112685855136,15816418.563186087,58046256.12689294
2016-10-02,6782.958557469956,57237.71995994274,18178.328934019482,20033201.98597996,73521851.28854644
2016-10-03,12486.862357559647,61735.96684047043,33464.791118259855,21607588.394164648,79299849.40658426
2016-10-04,11006.145516741148,46647.71630484718,29496.46998486628,16326700.706696512,59918991.5935762
2016-10-05,13134.66055414858,41655.34009249585,35200.8902851182,14579369.032373548,53506284.34881092
2016-10-06,9948.527661800044,49486.99893475581,26662.054133624122,17320449.62716453,63566050.13169383
2016-10-07,10854.857753415487,47518.906212071925,29091.018779153506,16631617.174225172,61038035.02940638
2016-10-08,13291.54337640711,48771.5087411103,35621.336248771055,17070028.059388604,62647002.977956176
2016-10-09,9961.503304672688,56529.291224489694,26696.828856522803,19785251.92857139,72611874.577857
2016-10-10,11689.344966305263,45171.3396293063,31327.444509698107,15809968.870257204,58022585.75384394
2016-10-11,11135.709481240907,55894.22555681258,29843.701409725632,19562978.9448844,71796132.72772574
2016-10-12,11691.26984702352,48624.10329365594,31332.603190023034,17018436.15277958,62457660.680701055
2016-10-13,9493.663568149554,49116.57143298203,25443.018362640803,17190800.001543712,63090236.00566542
2016-10-14,8764.276099333485,56295.8954902384,23488.25994621374,19703563.421583436,72312077.75721121
2016-10-15,10485.525544091337,53024.23227325104,28101.208458164783,18558481.29563786,68109626.35499094
2016-10-16,10311.651431159786,57090.57770558695,27635.225835508227,19981702.19695543,73332847.06282642
2016-10-17,11975.475327825767,64426.58984497296,32094.273878573058,22549306.445740536,82755954.65586777
2016-10-18,7137.517652413443,54693.72693349772,19128.547308468027,19142804.4267242,70254092.2460778
2016-10-19,12033.947504968208,57617.12916798809,32250.979313314798,20165995.20879583,74009202.4162807
2016-10-20,8355.877289423202,63375.966957048346,22393.751135654184,22181588.43496692,81406429.5563286
2016-10-21,13409.017759807275,65098.73247046862,35936.1675962835,22784556.364664014,83619321.85831693
2016-10-22,12877.407479565216,65248.44193070462,34511.45204523478,22836954.675746616,83811623.65999007
2016-10-23,12144.622242988018,62099.60517338012,32547.58761120789,21734861.81068304,79766942.84520677
2016-10-24,11039.326064410656,65013.93268516837,29585.39385262056,22754876.439808927,83510396.53409876
2016-10-25,8474.652193578713,65003.68239199556,22712.067878790953,22751288.837198444,83497230.03251828
2016-10-26,12688.408109754972,66160.94050732841,34004.93373414333,23156329.177564945,84983728.08166334
2016-10-27,12385.544002975143,64697.744345648374,33193.25792797338,22644210.520976927,83104252.61198533
2016-10-28,12023.062237406397,63902.4731291698,32221.806796249144,22365865.595209427,82082726.7344186
2016-10-29,12544.534664067998,70433.45099656293,33619.35289970224,24651707.848797023,90471767.80508508
2016-10-30,8319.856538543516,64705.609372229046,22297.215523296625,22646963.280280165,83114355.23862821
2016-10-31,12619.868392227083,66443.29964898013,33821.24729116858,23255154.877143044,85346418.39911497
2016-11-01,9683.377433124942,61854.32729201885,25951.451520774848,21649014.552206594,79451883.4065982
2016-11-02,11455.575356146976,71739.71121137367,30700.941954473896,25108898.923980784,92149659.05100948
2016-11-03,11661.777905456805,63222.88364393559,31253.56478662424,22128009.275377456,81209794.04063526
2016-11-04,12193.225903269373,61383.96635190281,32677.84542076192,21484388.22316598,78847704.77901915
2016-11-05,13618.229467612544,73388.27978890015,36496.85497320162,25685897.92611505,94267245.38884224
2016-11-06,10127.743234825219,62502.70743482105,27142.35186933159,21875947.60218737,80284727.70002764
2016-11-07,14947.60613647115,70293.6177769493,40059.58444574269,24602766.221932247,90292152.03449135
2016-11-08,11163.594837047665,67932.54802770147,29918.434163287744,23776391.809695512,87259357.94158253
2016-11-09,16319.027228017942,63339.6198790155,43734.99297108808,22168866.957655426,81359741.73459542
2016-11-10,15698.763599805636,66945.22685872512,42072.68644747911,23430829.40055379,85991143.9000324
2016-11-11,12211.979452097172,77205.57902436088,32728.104931620423,27021952.658526305,99170566.25679153
2016-11-12,11078.365547921834,72579.51932712024,29690.019668430516,25402831.764492083,93228392.57568595
2016-11-13,11552.362135194157,64211.12648951263,30960.330522320342,22473894.271329418,82479191.97577897
2016-11-14,15772.214586058926,77324.91596425154,42269.535090637924,27063720.58748804,99323854.5560811
2016-11-15,15689.291019011687,73814.65914125656,42047.299930951325,25835130.699439794,94814929.66694404
2016-11-16,15497.778900315156,67327.22279428678,41534.04745284462,23564527.97800037,86481817.67926136
2016-11-17,12736.883622021236,61727.219004315004,34134.848107016915,21604526.65151025,79288612.81104262
2016-11-18,11575.982625363948,78866.28052959188,31023.633435975382,27603198.185357153,101303737.34026074
2016-11-19,14380.869867929121,68469.18022635508,38540.73124605005,23964213.079224274,87948662.00075307
2016-11-20,15539.503034984195,74856.48898098595,41645.86813375764,26199771.143345077,96153160.09607643
2016-11-21,13019.585660081215,77968.7571812248,34892.489569017656,27289065.01342868,100150868.59928326
2016-11-22,15794.475631794245,67440.0680844018,42329.19469320858,23604023.82954063,86626767.4544141
2016-11-23,14854.120457714822,76183.42938052551,39809.04282667572,26664200.28318393,97857615.03928502
2016-11-24,17300.052121801837,67467.50719362631,46364.13968642893,23613627.51776921,86662012.99021299
2016-11-25,13347.219039874833,64039.186378089005,35770.54702686456,22413715.23233115,82258334.90265532
2016-11-26,12784.759764169585,70805.22215724023,34263.15616797449,24781827.755034078,90949307.86097506
2016-11-27,13963.888173961957,71094.14498367207,37423.22030621805,24882950.744285222,91320429.23152676
2016-11-28,13622.734797287616,68117.24066888225,36508.929256730815,23841034.234108787,87496595.63917924
2016-11-29,15910.924952885223,76069.70945125319,42641.2788737324,26624398.307938617,97711541.79013473
2016-11-30,13331.996164401473,72924.83309388463,35729.74972059595,25523691.58285962,93671948.1090948
2016-12-01,13931.314646770696,69293.84552773998,37335.92325334546,24252845.93470899,89007944.58038199
2016-12-02,17934.005755838098,68357.42429896868,48063.135425646105,23925098.504639033,87805111.51202525
2016-12-03,17295.264942273545,61499.43125944704,46351.3100452931,21524800.940806463,78996019.45275971
2016-12-04,18836.998938042598,70896.68544150489,50483.15715395416,24813839.904526707,91066792.449613
2016-12-05,13120.461599574399,60577.550374140985,35162.83708685939,21202142.630949344,77811863.4555841
2016-12-06,21508.662105284093,64582.864738183205,57643.21444216137,22604002.65836412,82956689.75619632
2016-12-07,17992.36607371636,58271.83605305016,48219.54107755984,20395142.618567556,74850173.41014293
2016-12-08,15015.916577958411,55990.49172072862,40242.656428928545,19596672.102255017,71919786.6152759
2016-12-09,17122.55226266551,72298.10637886109,45888.44006394357,25304337.232601378,92866917.64364706
2016-12-10,17114.37357470866,70331.38954287916,45866.52118021921,24615986.340007707,90340669.86782828
2016-12-11,13450.356913971462,60627.29622917067,36046.95652944352,21219553.680209734,77875762.00636972
2016-12-12,16724.193156961475,64742.79618562768,44820.837660656754,22659978.664969686,83162121.70043875
2016-12-13,16885.953859341276,55769.249511088616,45254.356343034626,19519237.328881014,71635600.99699332
2016-12-14,19208.500544816496,62560.85660562996,51478.781460108214,21896299.811970484,80359420.30993167
2016-12-15,19099.1218641257,55043.73488621381,51185.64659585688,19265307.210174832,70703677.46134163
2016-12-16,18972.109538229608,65252.60348255143,50845.25356245535,22838411.218893,83816969.17333731
2016-12-17,18087.987337174087,56793.43699539087,48475.80606362656,19877702.948386803,72951169.82057957
2016-12-18,18588.60767476721,53163.66435671408,49817.46856837612,18607282.524849925,68288726.86619923
2016-12-19,16904.812395627217,57821.45553957529,45304.897220280945,20237509.438851353,74271659.64058447
2016-12-20,19490.76968830764,55209.042618270796,52235.262764664476,19323164.916394778,70916015.24316883
2016-12-21,17399.457332253165,53289.34192601622,46630.545650438486,18651269.674105674,68450159.70396782
2016-12-22,19921.553873844412,63545.94711480431,53389.76438190303,22241081.490181506,81624769.06896612
2016-12-23,17527.719908300674,64916.97412448396,46974.28935424581,22720940.943569385,83385853.26289964
2016-12-24,17281.421985963567,65554.81460586353,46314.210922382365,22944185.112052236,84205159.3612317
2016-12-25,18136.453963469023,52064.00592333896,48605.696622096984,18222402.073168635,66876215.60852889
2016-12-26,20701.603505848492,57749.0695462569,55480.29739567396,20212174.341189913,74178679.83216698
2016-12-27,16731.01052773845,59294.687592426155,44839.10821433905,20753140.657349154,76164026.2124714
2016-12-28,19988.180209195812,54448.907888915935,53568.32296064478,19057117.761120576,69939622.18331252
2016-12-29,22749.35837812423,50856.974293204796,60968.28045337294,17799941.002621677,65325783.47962155
2016-12-30,20042.06944909026,56896.28539693294,53712.746123561905,19913699.88892653,73083278.59236036
2016-12-31,20741.19122596447,53529.28974326152,55586.39248558479,18735251.41014153,68758372.67521942
2017-01-01,20952.781386370356,57141.333578592974,56153.45411547256,19999466.752507538,73398042.98170266
2017-01-02,23121.301586761954,51606.64213231002,61965.088252522044,18062324.74630851,66288731.818952225
2017-01-03,20255.446954150593,48675.71978488654,54284.59783712359,17036501.92471029,62523962.06368676
2017-01-04,21347.51720073262,44375.08859320896,57211.34609796342,15531281.007623136,56999801.29797691
2017-01-05,22580.685945913872,55098.540803442935,60516.23833504918,19284489.281205025,70774075.66202244
2017-01-06,23569.96501579349,39414.864023365764,63167.506242326555,13795202.408178017,50628392.83801332
2017-01-07,23287.750236234053,38970.69622682965,62411.170633107264,13639743.679390376,50057859.30336268
2017-01-08,23636.51185266494,43152.67020936051,63345.85176514204,15103434.573276177,55429604.88392357
2017-01-09,21087.370118624705,44798.4308816015,56514.15191791421,15679450.808560522,57543584.46741711
2017-01-10,25806.581726046206,48889.40031200851,69161.63902580383,17111290.109202977,62798434.70077492
2017-01-11,22130.725419693885,49461.92473206066,59310.344124779615,17311673.65622123,63533842.31833191
2017-01-12,24306.141973905484,35845.57106193931,65140.4604900667,12545949.871678757,46043636.029061034
2017-01-13,23130.238269399448,35379.453167572385,61989.03856199052,12382808.608650334,45444907.59374673
2017-01-14,24426.059532471765,37140.13123171104,65461.839547024334,12999045.931098865,47706498.56713284
2017-01-15,25182.79920971313,46172.87227018507,67489.90188203119,16160505.294564772,59309054.431052715
2017-01-16,24447.91470605088,36202.434291951664,65520.41141221637,12670852.002183082,46502026.84801191
2017-01-17,25725.021179876014,42962.71903538378,68943.05676206772,15036951.66238432,55185612.60095046
2017-01-18,20910.416277897202,33531.769715823706,56039.91562476451,11736119.400538297,43071558.19997555
2017-01-19,25303.706547127247,38276.39658883398,67813.93354630102,13396738.806091892,49166031.41835724
2017-01-20,23240.97958969049,39446.809436264564,62285.82530037052,13806383.302692598,50669426.720881835
2017-01-21,21432.745464624844,40814.57157123659,57439.75784519459,14285100.049932808,52426317.1832534
2017-01-22,25207.464378194734,37145.18655753532,67556.00453356189,13000815.29513736,47712992.13315411
2017-01-23,24770.390870789357,35987.692502409285,66384.64753371548,12595692.37584325,46226191.019344725
2017-01-24,25893.846128245706,39583.482622644915,69395.5076236985,13854218.91792572,50844983.42878739
2017-01-25,24387.75112030426,35115.99413016419,65359.17300241542,12290597.945557466,45106494.4601959
2017-01-26,22519.8616861313,44563.96019783221,60353.22931883188,15597386.069241272,57242406.87411547
2017-01-27,23925.926410716143,33622.470467787556,64121.48278071927,11767864.663725644,43188063.315873116
2017-01-28,25662.08551670811,41871.51407206682,68774.38918477774,14655029.925223386,53783959.82556982
2017-01-29,23153.731884161512,28750.161968570712,62052.00144955286,10062556.68899975,36929583.04862908
2017-01-30,26772.948829182344,31318.583060279765,71751.50286220868,10961504.071097916,40228719.94092935
2017-01-31,24505.72577377234,40094.47943539381,65675.34507370988,14033067.802387834,51501358.83476335
2017-02-01,28782.96276393736,31471.92392750588,77138.34020735213,11015173.374627057,40425686.2848813
2017-02-02,27566.624232933274,34131.00438113095,73878.55294426117,11945851.53339583,43841275.127562694
2017-02-03,27012.35197140914,28189.49845988931,72393.1032833765,9866324.460961258,36209410.771727815
2017-02-04,24715.56352798299,34107.04716196378,66237.71025499442,11937466.506687323,43810502.07954247
2017-02-05,24461.870620445297,30068.120884087177,65557.8132627934,10523842.30943051,38622501.27560997
2017-02-06,26330.32037289913,30079.08517308806,70565.25859936967,10527679.81058082,38636584.90483161
2017-02-07,23163.9422993002,32720.329892864334,62079.36536212454,11452115.462502517,42029263.747384235
2017-02-08,24216.093077794307,25874.748275136826,64899.12944848875,9056161.896297889,33236114.159413252
2017-02-09,28196.991517311588,34088.803330119925,75567.93726639506,11931081.165541973,43787067.87753904
2017-02-10,30515.688993497377,30838.81794243157,81782.04650257298,10793586.27985105,39612461.647053346
2017-02-11,26202.5175199153,23866.90826685771,70222.74695337302,8353417.893400198,30657043.668778725
2017-02-12,22726.513054511317,34247.40523903062,60907.054986090334,11986591.833660714,43990792.029534824
2017-02-13,28384.21178372831,42600.41854103135,76069.68758039188,14910146.489360973,54720237.61595477
2017-02-14,27425.448379827478,35551.92179120645,73500.20165793765,12443172.626922257,45666443.540804684
2017-02-15,27574.183109339352,39270.365164567665,73898.81073302947,13744627.807598682,50442784.053887166
2017-02-16,29580.650737579363,31839.839575167895,79276.1439767127,11143943.851308763,40898273.93430316
2017-02-17,29015.043235627807,32220.976660902994,77760.31587148253,11277341.831316048,41387844.520929895
2017-02-18,26016.083262150838,34935.10602358918,69723.10314256424,12227287.108256212,44874143.687300295
2017-02-19,31357.411896673402,29102.084637433236,84037.86388308472,10185729.623101631,37381627.71678299
2017-02-20,25042.393360837403,23623.8399744509,67113.61420704424,8268343.991057815,30344822.447182182
2017-02-21,30899.83231368944,35050.8353520812,82811.5506006877,12267792.37322842,45022798.0097483
2017-02-22,27040.63023191595,28286.460573899356,72468.88902153475,9900261.200864773,36333958.60717372
2017-02-23,31468.61634840264,32459.79735959664,84335.89181371908,11360929.075858824,41694609.70840188
2017-02-24,29409.555156330654,29870.38849510439,78817.60781896616,10454635.973286536,38368514.021961585
2017-02-25,26726.721863926767,37426.52385512752,71627.61459532374,13099283.34929463,48074369.89191129
2017-02-26,27807.847149479723,34492.22194917859,74525.03036060567,12072277.682212504,44305259.093719885
2017-02-27,23465.346960564173,30411.071751341442,62887.129854311985,10643875.112969505,39063021.664598085
2017-02-28,30390.32366110575,42075.67693712849,81446.06741176342,14726486.92799497,54046207.02574154
2017-03-01,25649.184717136966,30828.267650048063,68739.81504192707,10789893.677516822,39598909.796486735
2017-03-02,26128.923829592557,27475.674080668145,70025.51586330806,9616485.928233849,35292503.356618226
2017-03-03,28395.098560282433,32617.028488565218,76098.86414155693,11415959.970997825,41896573.093562014
2017-03-04,27291.26338336784,32785.38362894655,73140.58586742582,11474884.27013129,42112825.27138183
2017-03-05,30047.599999855818,40280.794861050905,80527.5679996136,14098278.201367816,51740680.99901988
2017-03-06,26738.051109340886,31630.026076958537,71657.97697303358,11070509.126935488,40628768.49585324
2017-03-07,33219.35460741523,28807.708400752796,89027.87034787283,10082697.940263478,37003501.44076696
2017-03-08,30080.51950260486,27862.071912912455,80615.79226698104,9751725.16951936,35788831.37213605
2017-03-09,28754.04438838792,33685.98203391262,77060.83896087963,11790093.711869417,43269643.92256076
2017-03-10,30587.866926143124,36961.118161163686,81975.48336206358,12936391.35640729,47476556.27801476
2017-03-11,28060.52374406215,31236.897411462287,75202.20363408656,10932914.0940118,40123794.72502331
2017-03-12,31916.17708423851,40993.25859769686,85535.35458575921,14347640.509193901,52655840.66874161
2017-03-13,32588.079986793735,38207.462380031735,87336.05436460722,13372611.833011106,49077485.427150756
2017-03-14,25368.38918755651,29483.798758008903,67987.28302265145,10319329.565303115,37871939.50466243
2017-03-15,30236.179976565694,39549.64257682716,81032.96233719606,13842374.901889505,50801515.88993448
2017-03-16,29401.95635761013,30986.723101643012,78797.24303839516,10845353.085575053,39802445.82406045
2017-03-17,31189.425704406858,41958.458629439316,83587.66088781039,14685460.52030376,53895640.109514795
2017-03-18,27525.346162705093,37548.27534690139,73767.92771604966,13141896.371415487,48230759.68309484
2017-03-19,25108.30116929431,48596.66969208731,67290.24713370876,17008834.392230555,62422422.21948614
2017-03-20,30349.1000963223,41686.79219872674,81335.58825814378,14590377.26955436,53546684.5792645
2017-03-21,28754.137482546517,48895.556916107846,77061.08845322467,17113444.920637745,62806342.85874052
2017-03-22,28622.22673001881,37207.572656444376,76707.56763645042,13022650.429755531,47793127.0772028
2017-03-23,27572.804081724615,44980.33980036955,73895.11493902197,15743118.93012934,57777246.473574676
2017-03-24,27218.55918498091,39899.61673054783,72945.73861574884,13964865.85569174,51251057.69038869
2017-03-25,27379.98162784083,45839.347450709596,73378.35076261342,16043771.607748358,58880641.800436474
2017-03-26,31051.85663422198,50353.14551817445,83218.9757797149,17623600.931361057,64678615.418095075
2017-03-27,33159.94181066394,42575.614165885854,88868.64405257937,14901464.958060047,54688376.39608037
2017-03-28,30188.729751582032,42921.3281930072,80905.79573423984,15022464.867552517,55132446.063917734
2017-03-29,28906.894640449602,50922.896020180204,77470.47763640493,17823013.60706307,65410459.937921464
2017-03-30,26263.324905016118,44687.18604122294,70385.7107454432,15640515.11442803,57400690.46995087
2017-03-31,28299.502811055743,47902.603807432126,75842.6675336294,16765911.332601242,61530894.59064656
2017-04-01,28706.127695678675,50651.60670174529,76932.42222441886,17728062.34561085,65061988.80839182
2017-04-02,29149.589785695876,56870.32030117852,78120.90062566496,19904612.105412483,73049926.42686382
2017-04-03,29879.989790947064,46248.88924144741,80078.37263973814,16187111.234506592,59406698.23063919
2017-04-04,30043.72308364404,49023.355341906434,80517.17786416603,17158174.36966725,62970499.93667881
2017-04-05,28506.74926273146,54020.79723855795,76398.08802412031,18907279.03349528,69389714.05292767
2017-04-06,27757.25862621223,45023.17523160914,74389.45311824878,15758111.331063196,57832268.58500193
2017-04-07,31036.62892711101,57761.891615852,83178.16552465751,20216662.065548196,74195149.78056188
2017-04-08,31918.77262594059,51215.35181718846,85542.31063752079,17925373.13601596,65786119.40917857
2017-04-09,27236.421494628892,57637.481344252155,72993.60960560544,20173118.470488254,74035344.78669189
2017-04-10,32639.350020492246,55160.748482065996,87473.45805491922,19306261.9687231,70853981.42521377
2017-04-11,29782.55822399084,50419.59396898317,79817.25604029546,17646857.889144108,64763968.45315887
2017-04-12,28371.65568042137,50874.487368459595,76036.03722352927,17806070.57896086,65348279.024786346
2017-04-13,27168.794205067166,57931.64036203414,72812.36846958,20276074.126711946,74413192.04503284
2017-04-14,30667.73468742407,58128.61562549907,82189.5289622965,20345015.46892467,74666206.77095354
2017-04-15,30223.560871534282,55231.26075578336,80999.14313571189,19330941.264524177,70944554.44080372
2017-04-16,26593.732774273005,68030.71395326832,71271.20383505165,23810749.88364391,87385452.07297315
2017-04-17,32013.846353139175,46567.79612093423,85797.108226413,16298728.64232698,59816334.11734002
2017-04-18,27674.90604665424,68239.5651935504,74168.74820503336,23883847.817742635,87653721.49111547
2017-04-19,29795.27173260826,58294.034018913924,79851.32824339015,20402911.906619873,74878686.69729494
2017-04-20,27119.850235153288,63223.153638102274,72681.19863021081,22128103.773335792,81210140.84814236
2017-04-21,27487.89187932455,65662.96151646275,73667.5502365898,22982036.530761957,84344074.06789638
2017-04-22,30194.20542003799,69704.477224054,80920.47052570182,24396567.028418902,89535400.99429737
2017-04-23,27131.452772815792,69704.56162403956,72712.29343114633,24396596.568413846,89535509.40607882
2017-04-24,28767.57262194914,57427.84940022505,77097.0946268237,20099747.290078767,73766072.55458908
2017-04-25,29399.27312894663,62132.03846493975,78790.05198557697,21746213.46272891,79808603.4082151
2017-04-26,31159.88193070533,60807.482232318056,83508.4835742903,21282618.78131132,78107210.92741254
2017-04-27,29557.5758014381,58605.83406171443,79214.30314785411,20512041.921600047,75279193.85227217
2017-04-28,29309.622740325816,64348.140784974086,78549.7889440732,22521849.274740927,82655186.8382992
2017-04-29,29254.44024203408,71730.81882418234,78401.89984865134,25105786.588463813,92138236.77966219
2017-04-30,26342.412916384834,63677.8238995061,70597.66661591135,22287238.364827134,81794164.79891558
2017-05-01,29437.28093335095,70388.35473723983,78891.91290138055,24635924.15803394,90413841.65998456
2017-05-02,32301.310057329712,62533.8261376438,86567.51095364364,21886839.14817533,80324699.67380345
2017-05-03,28066.711577453647,75431.38715016992,75218.78702757577,26400985.502559472,96891616.79439326
2017-05-04,27569.125396874853,61029.385762848775,73885.2560636246,21360285.01699707,78392246.01237924
2017-05-05,29036.077460468026,68876.30044724846,77816.68759405431,24106705.15653696,88471607.92449065
2017-05-06,25866.11302234197,68979.75872248696,69321.18289987648,24142915.552870434,88604500.07903449
2017-05-07,30505.193367756307,65806.14099921308,81753.91822558691,23032149.349724576,84527988.1134892
2017-05-08,27834.97685959384,71929.78772342774,74597.7379837115,25175425.703199707,92393812.33074293
2017-05-09,26148.606007994644,65303.50598299205,70078.26410142565,22856227.09404722,83882353.43515329
2017-05-10,25221.84529795587,64042.967295899616,67594.54539852175,22415038.553564865,82263191.49158305
2017-05-11,26438.81021274169,75071.05731580425,70856.01137014774,26274870.06053149,96428773.12215057
2017-05-12,26573.7975609988,76692.10318871767,71217.77746347678,26842236.116051182,98511006.54590784
2017-05-13,26000.055582357996,63556.967804265754,69680.14896071944,22244938.73149301,81638925.14457935
2017-05-14,27654.67191070928,69173.39413270431,74114.52072070088,24210687.94644651,88853224.76345868
2017-05-15,25253.949544828338,70930.2406078144,67680.58478013995,24825584.21273504,91109894.0607376
2017-05-16,27016.332700084888,74920.7009757417,72403.77163622751,26222245.34150959,96235640.4033402
2017-05-17,23367.262388329214,72095.6032955284,62624.2632007223,25233461.153434936,92606802.43310621
2017-05-18,25276.133439340505,68150.18143806631,67740.03761743255,23852563.50332321,87538908.05719617
2017-05-19,25618.568964247657,72003.04453291421,68657.76482418373,25201065.58651997,92487910.7025283
2017-05-20,23953.752412185757,69702.19328271896,64196.056464657835,24395767.648951635,89532467.2716525
2017-05-21,26908.68208798054,75967.05492007466,72115.26799578784,26588469.22202613,97579682.0448359
2017-05-22,24247.428010742653,63089.85923303708,64983.10706879031,22081450.73156298,81038924.18483613
2017-05-23,25355.968003868413,69369.5471778787,67953.99425036735,24279341.512257546,89105183.3499852
2017-05-24,24718.91850820942,68492.26331089454,66246.70160200125,23972292.15881309,87978312.22284403
2017-05-25,24780.353654132898,74107.46884841236,66411.34779307617,25937614.096944325,95191043.73578566
2017-05-26,23266.566297064837,70892.4332487539,62354.39767613377,24812351.637063865,91061330.50802438
2017-05-27,24292.083472661896,71162.37073231008,65102.783706733884,24906829.75630853,91408065.2056523
2017-05-28,26965.40233977144,72500.89923744851,72267.27827058747,25375314.73310698,93127405.07050261
2017-05-29,21233.85666203287,71577.39081778323,56906.7358542481,25052086.78622413,91941158.50544256
2017-05-30,28231.898456659666,69355.87312012633,75661.48786384791,24274555.592044212,89087619.02280225
2017-05-31,24862.25371257763,61424.703224512596,66630.83994970805,21498646.128579404,78900031.29188642
2017-06-01,25227.91653548951,63822.75294738645,67610.8163151119,22337963.531585258,81980326.1609179
2017-06-02,25298.172498361117,69355.66050530078,67799.1022956078,24274481.17685527,89087345.91905884
2017-06-03,24877.39745167244,61901.307957936355,66671.42517048215,21665457.785277724,79512230.07196924
2017-06-04,22706.339037896993,62240.36714325123,60852.98862156394,21784128.50013793,79947751.59550619
2017-06-05,24109.200510556115,61775.09069144048,64612.65736829039,21621281.742004167,79350103.99315529
2017-06-06,24832.774091497628,68636.12258075555,66551.83456521365,24022642.90326444,88163099.4549805
2017-06-07,24654.31232729962,70254.04877450163,66073.55703716299,24588917.071075566,90241325.65084733
2017-06-08,24529.030761887476,62135.77688781863,65737.80244185844,21747521.91073652,79813405.41240303
2017-06-09,20944.28259513199,61019.94632169334,56130.67735495374,21356981.21259267,78380121.0502151
2017-06-10,23389.000425951883,58809.08272277222,62682.52114155105,20583178.952970274,75540266.7574009
2017-06-11,21498.719505276742,63500.908840615324,57616.568274141675,22225318.094215363,81566917.40577038
2017-06-12,23559.13732793824,63461.41218443266,63138.488038874486,22211494.264551427,81516183.95090374
2017-06-13,19747.078789159506,52107.13925316904,52922.17115494748,18237498.738609165,66931620.370695636
2017-06-14,20112.584584501164,48811.97006097804,53901.726686463124,17084189.521342315,62698975.543326296
2017-06-15,20732.631596154108,54199.498199302674,55563.452677693014,18969824.369755935,69619255.43700428
2017-06-16,20307.221050974946,71287.81049747956,54423.352416612855,24950733.674117845,91569192.5840125
2017-06-17,20821.73679417571,60285.64721290018,55802.25460839091,21099976.52451506,77436913.84497027
2017-06-18,22052.398051137596,62166.9608479413,59100.42677704876,21758436.296779454,79853461.2091806
2017-06-19,19312.03075627263,64552.88435621382,51756.242426810655,22593509.524674837,82918179.95555665
2017-06-20,21970.3369766036,59840.70348127362,58880.50309729765,20944246.218445763,76865383.62169595
2017-06-21,18266.264725334906,57596.17147104029,48953.58946389755,20158660.0148641,73982282.25455123
2017-06-22,20613.83824386169,54494.83679237441,55245.08649354933,19073192.87733104,69998617.85980491
2017-06-23,22140.320429954496,48722.27118082421,59336.058752278055,17052794.913288474,62583757.3317687
2017-06-24,23250.96969725445,59972.78809247293,62312.59878864193,20990475.832365524,77035046.30478147
2017-06-25,21593.014615611894,54971.180218959824,57869.27916983988,19239913.07663594,70610480.9912539
2017-06-26,19916.604544848866,50499.61148023968,53376.50018019496,17674864.018083885,64866750.94636786
2017-06-27,19361.44756311848,49587.011230247845,51888.67946915753,17355453.930586744,63694515.92525335
2017-06-28,20329.33762118687,51434.92322073089,54482.62482478082,18002223.12725581,66068158.877028815
2017-06-29,19527.044976421992,57884.443142815864,52332.480536810945,20259555.09998555,74352567.21694697
2017-06-30,18499.229386416402,49952.76851173961,49577.93475559596,17483468.979108863,64164331.15332952
2017-07-01,23808.9304627242,47420.30820278717,63807.93364010086,16597107.870975507,60911385.88648011
2017-07-02,18575.988902808054,46864.48838427587,49783.65025952559,16402570.934496554,60197435.32960235
2017-07-03,15899.323885489743,41958.69010867145,42610.188013112514,14685541.538035005,53895937.44458847
2017-07-04,22139.5239077172,52713.11645238457,59333.9240726821,18449590.7583346,67709998.08308798
2017-07-05,16687.73502792392,51686.136197631124,44723.129874836115,18090147.66917089,66390841.94585717
2017-07-06,15513.441972809645,36446.50145296757,41576.02448712985,12756275.508538648,46815531.11633684
2017-07-07,17885.95225979294,49248.29575066438,47934.35205624508,17236903.512732532,63259435.891728394
2017-07-08,22431.83392294065,54549.98098610114,60117.31491348094,19092493.345135394,70069450.5766469
2017-07-09,21229.67238042382,51682.469110584745,56895.52197953584,18088864.18870466,66386131.572546095
2017-07-10,19809.95573294734,41811.24655010998,53090.68136429887,14633936.292538494,53706546.19361627
2017-07-11,15335.591474215085,46035.53741357705,41099.38515089643,16112438.094751967,59132647.80773972
2017-07-12,12797.433971861485,40848.63431177803,34297.12304458878,14297022.009122308,52470070.77347887
2017-07-13,18924.45156070632,50588.75281273652,50717.530182692935,17706063.48445778,64981252.98796005
2017-07-14,20055.112816488265,44323.5194223683,53747.702348188555,15513231.797828905,56933560.69803208
2017-07-15,17488.554799022953,39377.176312937394,46869.326861381516,13782011.709528087,50579982.973968074
2017-07-16,14878.0945708983,37615.30905027634,39873.29345000745,13165358.167596718,48316864.47507995
2017-07-17,20049.753083247306,46484.864643493966,53733.338263102785,16269702.625222886,59709808.63456799
2017-07-18,17179.57572298297,35166.45469110389,46041.26293759436,12308259.141886361,45171311.05072294
2017-07-19,16693.91762381448,29583.616552134128,44739.69923182281,10354265.793246944,38000155.46121628
2017-07-20,19242.66457980651,36659.63157749768,51570.34107388145,12830871.05212419,47089296.76129577
2017-07-21,15772.528914002898,31193.06674121431,42270.37748952777,10917573.359425008,40067494.22908978
2017-07-22,15146.042206486896,38188.34419485602,40591.39311338488,13365920.468199605,49052928.11829255
2017-07-23,18600.942056614225,46522.8252250107,49850.524711726124,16282988.828753743,59758569.00152624
2017-07-24,12751.462258161517,33374.826495161964,34173.91885187287,11681189.273306686,42869964.63303554
2017-07-25,18584.114951832384,30270.775074943398,49805.42807091079,10594771.276230188,38882810.58376479
2017-07-26,14192.63148596968,28574.996515750485,38036.25238239874,10001248.78051267,36704583.0244815
2017-07-27,16324.892805642006,32208.47950475651,43750.71271912058,11272967.826664777,41371791.92385973
2017-07-28,14092.50659974829,35742.6735357783,37767.91768732542,12509935.737522407,45911464.156707235
2017-07-29,20045.0210010879,32056.91504622085,53720.656282915574,11219920.266177297,41177107.37687068
2017-07-30,13377.970052491057,31979.387201756417,35852.95974067604,11192785.520614745,41077522.86065611
2017-07-31,13602.140298218514,32222.46027668508,36453.73599922562,11277861.096839778,41389750.22540198
2017-08-01,13379.61097712076,29436.404312168776,35857.357418683634,10302741.509259071,37811061.338980794
2017-08-02,11872.40580327675,28608.818783221886,31818.047552781693,10013086.57412766,36748027.72704851
2017-08-03,15105.376575128734,28095.07138268067,40482.409221345006,9833274.983938236,36088119.19105332
2017-08-04,12959.444455128158,27327.205878829107,34731.31113974346,9564522.057590187,35101795.95135599
2017-08-05,10732.636083593568,29536.040177046474,28763.464704030765,10337614.061966265,37939043.60741619
2017-08-06,17674.462329668047,35317.01685953399,47367.55904351037,12360955.900836898,45364708.15607142
2017-08-07,10035.130558222603,29217.105558908963,26894.14989603658,10225986.945618136,37529372.090418555
2017-08-08,13383.304003700365,29884.028286098433,35867.25472991698,10459409.90013445,38386034.33349343
2017-08-09,11131.117853762136,28168.936726234344,29831.395848082528,9859127.85418202,36182999.22484801
2017-08-10,12403.50447223822,31865.658033556236,33241.391985598435,11152980.31174468,40931437.74410298
2017-08-11,13421.393801247896,32253.020443797865,35969.33538734436,11288557.155329252,41429004.76005835
2017-08-12,13318.462078928336,25307.43074758824,35693.47837152794,8857600.761655884,32507394.795277093
2017-08-13,11657.945569576026,32895.02549774681,31243.294126463752,11513258.924211381,42253660.25185577
2017-08-14,12560.896548503159,26424.792575065385,33663.202749988464,9248677.401272884,33942646.06267148
2017-08-15,15435.478934105537,25117.031093135127,41367.08354340284,8790960.882597294,32262826.43913207
2017-08-16,13985.462079593397,23274.28272488009,37481.03837331031,8145998.95370803,29895816.16010847
2017-08-17,13202.748604105813,31686.398851105747,35383.36625900358,11090239.597887011,40701179.32424533
2017-08-18,9869.395357435918,38300.8005121249,26449.97955792826,13405280.179243715,49197378.257824436
2017-08-19,11941.52681156205,30791.65073828493,32003.291854986295,10777077.758399725,39551875.37332699
2017-08-20,13429.033650991814,22266.713199897997,35989.81018465806,7793349.619964299,28601593.105268978
2017-08-21,14415.00839255398,30384.461504942876,38632.22249204467,10634561.526730007,39028840.803099126
2017-08-22,13505.366092513785,13180.458312241466,36194.38112793695,4613160.409284513,16930298.702074163
2017-08-23,10550.685780369075,24298.643105423882,28275.83789138912,8504525.086898359,31211607.068916976
2017-08-24,12990.168140364123,26867.095713911884,34813.65061617585,9403483.499869158,34510784.44451981
2017-08-25,10933.222185077662,29309.536741649834,29301.035456008136,10258337.859577442,37648099.94464921
2017-08-26,12300.577842694198,31552.339461462077,32965.54861842045,11043318.811511727,40528980.03824804
2017-08-27,13466.282067835147,32136.899736789732,36089.635941798195,11247914.907876406,41279847.71190641
2017-08-28,12152.647853649329,22956.825891576907,32569.096247780202,8034889.062051917,29488042.857730538
2017-08-29,8345.970750666282,24299.450478836276,22367.201611785636,8504807.667592697,31212644.140065197
2017-08-30,10841.688967003633,33821.93451710107,29055.726431569736,11837677.080985375,43444274.88721632
2017-08-31,11021.658320422453,33254.547061156656,29538.044298732177,11639091.47140483,42715465.700055726
2017-09-01,11421.481378653429,37408.86176393804,30609.57009479119,13093101.617378313,48051682.93577841
2017-09-02,9693.198604493984,29896.95872786012,25977.77226004388,10463935.554751042,38402643.48593632
2017-09-03,7491.496999321099,37745.46999929227,20077.211958180545,13210914.499752294,48484056.21409092
2017-09-04,10764.020345147066,39444.10316856242,28847.57452499414,13805436.108996846,50665950.52001842
2017-09-05,9237.751561056635,38444.697942632134,24757.174183631785,13455644.279921245,49382214.507310964
2017-09-06,10757.768609625507,33175.7578202271,28830.81987379636,11611515.237079486,42614260.92008171
2017-09-07,10584.290029100268,42938.57401465739,28365.89727798872,15028500.905130085,55154598.32182741
2017-09-08,12135.284509085805,42540.58791319064,32522.562484349957,14889205.769616723,54643385.17449337
2017-09-09,10703.326482976596,37691.411838564905,28684.91497437728,13191994.143497715,48414618.50663661
2017-09-10,9408.817464392461,32900.33425862016,25215.630804571796,11515116.990517056,42260479.35519759
2017-09-11,10054.649429487132,40941.59951865711,26946.460471025515,14329559.831529988,52589484.581715055
2017-09-12,10263.433800583527,41494.23193427179,27506.002585563852,14522981.176995127,53299340.919572115
2017-09-13,10821.235637965325,41759.061874711784,29000.91150974707,14615671.656149123,53639514.97806728
2017-09-14,10585.129084389948,30839.62204333773,28368.145946165063,10793867.715168206,39613494.51466732
2017-09-15,11139.458419776505,32283.714819264973,29853.748565001035,11299300.18674274,41468431.68534585
2017-09-16,9139.148344782796,43453.05683297198,24492.917564017895,15208569.891540192,55815451.50195251
2017-09-17,9799.738392939225,47966.83298615394,26263.298893077124,16788391.54515388,61613396.97071473
2017-09-18,10487.355329646292,53633.0640471908,28106.112283452065,18771572.416516777,68891670.76861657
2017-09-19,7405.587840059768,47826.53890524808,19846.975411360178,16739288.616836827,61433189.22379115
2017-09-20,8358.434279233212,40295.508655632664,22400.60386834501,14103428.029471433,51759580.86816016
2017-09-21,8277.331659083506,52472.920483198395,22183.248846343795,18365522.169119436,67401466.36066833
2017-09-22,6894.921463542187,43138.70022556431,18478.389522293062,15098545.078947507,55411660.43973735
2017-09-23,13659.522703616189,53422.80641381285,36607.52084569139,18697982.244834494,68621594.8385426
2017-09-24,6738.194827434043,56009.76597865625,18058.362137523236,19603418.092529684,71944544.39958394
2017-09-25,12626.83569256943,59164.606596108315,33839.91965608607,20707612.30863791,75996937.17270112
2017-09-26,8397.922415532355,53556.46947324912,22506.432073626715,18744764.31563719,68793285.03838849
2017-09-27,8449.368656064891,47805.983179421535,22644.30799825391,16732094.112797536,61406785.39396696
2017-09-28,9003.762719467772,42477.15259731785,24130.08408817363,14867003.409061247,54561902.51125478
2017-09-29,8032.822232624394,48450.25824651346,21527.96358343338,16957590.38627971,62234356.71764653
2017-09-30,10244.892104401422,35862.51469857161,27456.310839795813,12551880.144500064,46065400.13031523
2017-10-01,8421.06201809758,45904.70387629602,22568.446208501515,16066646.356703606,58964592.12910223
2017-10-02,8329.1959965504,47546.67592091935,22322.245270755073,16641336.572321773,61073705.220420904
2017-10-03,9468.851624089742,54254.69800924851,25376.52235256051,18989144.303236976,69690159.5928797
2017-10-04,10416.622814629622,63384.04495087295,27916.549143207387,22184415.73280553,81416805.7393963
2017-10-05,10059.389983599765,53296.58736042225,26959.165156047373,18653805.576147787,68459466.46446238
2017-10-06,8545.051022084484,54260.32837082191,22900.73673918642,18991114.929787666,69697391.79232073
2017-10-07,8999.98938503165,51857.18855042485,24119.97155188482,18150015.9926487,66610558.693020724
2017-10-08,13459.798350050254,51354.43997169014,36072.25957813468,17974053.990091547,65964778.14363598
2017-10-09,10017.146418567296,60879.563977200065,26845.952401760354,21307847.392020024,78199799.92871349
2017-10-10,12168.275517104033,55469.67320789993,32610.97838583881,19414385.622764975,71250795.23554745
2017-10-11,8333.672235122001,51268.38757948329,22334.241590126967,17943935.652819153,65854243.84584629
2017-10-12,13190.263652235388,64507.34532857072,35349.906587990845,22577570.864999752,82859685.0745491
2017-10-13,10622.263355813959,61596.28889402243,28467.66579358141,21558701.11290785,79120433.0843718
2017-10-14,9566.442786137493,56976.94213098401,25638.066666848485,19941929.7458444,73186882.16724895
2017-10-15,8232.251883927607,59792.74902791425,22062.43504892599,20927462.159769986,76803786.12635584
2017-10-16,10695.831846925463,64270.883815965775,28664.829349760243,22494809.33558802,82555950.26160803
2017-10-17,11342.200622266355,63618.717558060125,30397.097667673832,22266551.14532104,81718242.70332822
2017-10-18,7975.985918410911,63681.58232620915,21375.642261341243,22288553.814173203,81798992.49801566
2017-10-19,8667.187269487578,65051.102863875036,23228.06188222671,22767886.00235626,83558141.62864748
2017-10-20,11665.928571496186,59709.57825308582,31264.688571609782,20898352.388580035,76696953.26608872
2017-10-21,8305.530011410076,63455.94790990209,22258.820430579002,22209581.76846573,81509165.09026924
2017-10-22,13581.777569041551,61855.37481423576,36399.16388503136,21649381.184982516,79453228.94888583
2017-10-23,12621.389707939743,58515.3840650684,33825.32441727851,20480384.42277394,75163010.83158036
2017-10-24,14925.282025206943,66309.1930440832,39999.75582755461,23208217.565429118,85174158.46512486
2017-10-25,12696.081396105294,69957.40352111844,34025.49814156219,24485091.23239145,89860284.82287662
2017-10-26,10632.090973754344,66057.51717935002,28494.003809661644,23120131.012772504,84850880.81687509
2017-10-27,13674.244978916557,60098.72937660535,36646.97654349638,21034555.28181187,77196817.88424957
2017-10-28,14236.82717795566,61923.52173760376,38154.69683692117,21673232.608161315,79540763.67195202
2017-10-29,10176.853165788418,72506.22897929065,27273.96648431296,25377180.142751727,93134251.12389883
2017-10-30,10817.21351924016,71500.87205438045,28990.13223156363,25025305.219033156,91842870.15385167
2017-10-31,14897.847629400758,60946.91725584086,39926.23164679403,21331421.0395443,78286315.21512757
2017-11-01,10654.699905637788,74442.98374861089,28554.595747109273,26055044.31201381,95622012.62509067
2017-11-02,11583.569961452053,66572.0031846512,31043.967496691504,23300201.114627916,85511738.09068446
2017-11-03,13850.92057158674,62975.379656477846,37120.46713185246,22041382.879767247,80891875.16874579
2017-11-04,12173.856271261315,70762.70650209472,32625.934806980327,24766947.27573315,90894696.50194067
2017-11-05,12195.911736765023,69012.43826034722,32685.043454530263,24154353.391121525,88646476.945416
2017-11-06,15617.95740811688,55928.85351135259,41856.12585375324,19575098.728973404,71840612.3353324
2017-11-07,12509.811222336219,70012.91225470221,33526.29407586107,24504519.28914577,89931585.79116498
2017-11-08,14239.180589625896,61307.6840442128,38161.003980197405,21457689.41547448,78749720.15479134
2017-11-09,9864.111376351992,69550.68523114097,26435.81848862334,24342739.83089934,89337855.17940058
2017-11-10,11889.796356581635,74798.72257195112,31864.654235638784,26179552.90018289,96078959.14367121
2017-11-11,9386.902922342537,67125.45713888068,25156.899831878,23493909.99860824,86222649.69489224
2017-11-12,8736.101561983913,68281.40768962192,23412.752186116886,23898492.69136767,87707468.17731935
2017-11-13,12299.432999510076,77396.3222450188,32962.48043868701,27088712.78575658,99415575.92372665
2017-11-14,8933.002459053298,73715.74200109224,23940.44659026284,25800509.70038228,94687870.60040297
2017-11-15,13570.093005101467,72054.3874996185,36367.849253671935,25219035.624866474,92553860.74325997
2017-11-16,15151.564260210942,65805.19255135876,40606.19221736533,23031817.392975565,84526769.83222032
2017-11-17,15399.4572930683,72167.62440412442,41270.54554542305,25258668.541443545,92699313.54709782
2017-11-18,14214.039524703703,68776.07680085552,38093.625926205925,24071626.88029943,88342870.6506989
2017-11-19,11043.29723064554,67793.86010882749,29596.036578130046,23727851.038089618,87081213.3097889
2017-11-20,16545.232206149016,65690.01584879275,44341.22231247937,22991505.547077462,84378825.35777429
2017-11-21,17208.156596735855,66835.92968167993,46117.85967925209,23392575.388587974,85850751.67611787
2017-11-22,13147.297600575928,75635.38480335409,35234.75756954349,26472384.681173928,97153651.77990831
2017-11-23,14964.345081848154,71688.38411484014,40104.444819353055,25090934.440194044,92083729.39551213
2017-11-24,17776.31174301613,62823.93494782991,47640.51547128323,21988377.231740467,80697344.44048752
2017-11-25,16802.718229290007,66909.85926255844,45031.28485449722,23418450.741895456,85945714.22275633
2017-11-26,14903.825257969687,69816.09795061102,39942.25169135877,24435634.282713853,89678777.81755984
2017-11-27,15462.554333727516,68440.8596152602,41439.645614389745,23954300.865341067,87912284.17580171
2017-11-28,17102.3388912163,75456.93749785388,45834.26822845968,26409928.12424886,96924436.21599331
2017-11-29,15675.244025926453,70511.19256625137,42009.6539894829,24678917.398187976,90571626.85134988
2017-11-30,12246.76888235227,69108.00887782195,32821.340604704084,24187803.10723768,88769237.40356229
2017-12-01,13985.773540488866,66581.24467121836,37481.87308851016,23303435.634926423,85523608.78017998
2017-12-02,14100.236249795433,79284.6271581889,37788.633149451765,27749619.505366113,101841103.58469363
2017-12-03,15895.406656936419,60566.479031994284,42599.689840589606,21198267.661197998,77797642.31659666
2017-12-04,12996.03447183942,68305.26092982756,34829.37238452965,23906841.325439647,87738107.6643635
2017-12-05,18138.186313253813,67136.08486633118,48610.33931952022,23497629.70321591,86236301.01080239
2017-12-06,15741.005624111034,72810.22769617866,42185.895072617575,25483579.693662528,93524737.47574148
2017-12-07,14960.087507753717,57227.076842967916,40093.03452077996,20029476.89503877,73508180.20479228
2017-12-08,15536.47486508453,58898.2222551873,41637.752638426544,20614377.78931555,75654766.48678808
2017-12-09,17522.062208524912,59930.43139119139,46959.12671884677,20975650.986916985,76980639.12198533
2017-12-10,19264.89362659603,59045.318361292804,51629.91491927736,20665861.42645248,75843711.4350806
2017-12-11,20641.284834744292,55351.421553985994,55318.643357114706,19372997.543895096,71098900.986095
2017-12-12,13651.782815176026,56367.61333206409,36586.777944671754,19728664.666222427,72404199.3250363
2017-12-13,20177.482344076412,59432.81777706695,54075.65268212479,20801486.221973434,76341454.43464251
2017-12-14,17495.654928555614,55005.33199462013,46888.35520852905,19251866.198117044,70654348.94708955
2017-12-15,14531.491304407467,64487.71253628262,38944.396695812015,22570699.387698915,82834466.75285502
2017-12-16,18654.44346266954,56033.67618631523,49993.90847995437,19611786.66521033,71975257.0613219
2017-12-17,19160.389384899678,44841.12839524609,51349.843551531136,15694394.93833613,57598429.4236936
2017-12-18,22723.617158727742,59563.637812351044,60899.29398539035,20847273.234322865,76509492.76996492
2017-12-19,17616.285139476404,56042.1516853839,47211.64417379676,19614753.089884363,71986143.83987561
2017-12-20,16305.528897981123,49677.12492001875,43698.81744658941,17386993.722006563,63810266.959764086
2017-12-21,21397.418415745495,52373.985174609166,57345.08135419793,18330894.81111321,67274383.95678547
2017-12-22,18470.37525096109,56529.5783090844,49500.60567257572,19785352.40817954,72612243.33801891
2017-12-23,20325.251105276402,53742.28751571052,54471.67296214076,18809800.63049868,69031968.31393015
2017-12-24,20107.102550935848,47065.170159235175,53887.03483650808,16472809.55573231,60455211.06953757
2017-12-25,15748.102709758416,40465.32710427666,42204.91526215256,14162864.486496828,51977712.66544336
2017-12-26,21197.309194863705,44346.2287018614,56808.78864223473,15521180.04565149,56962730.76754097
2017-12-27,17536.047483094837,40756.07496689244,46996.607254694165,14264626.238412354,52351178.294973336
2017-12-28,24176.02169219551,43017.37548684503,64791.73813508397,15056081.420395758,55255818.81285243
2017-12-29,20772.916913095647,53788.004317328174,55671.41732709634,18825801.51106486,69090691.54560804
2017-12-30,21343.631643681307,54670.015045333144,57200.9328050659,19134505.2658666,70223634.32573041
2017-12-31,21655.131238327253,45549.51386010239,58035.75171871704,15942329.851035833,58508350.553301506
2018-01-01,18780.5487251118,39630.701696066375,50331.87058329963,13870745.59362323,50905636.328597255
2018-01-02,22954.94982913078,40726.79687944114,61519.26554207049,14254378.9078044,52313570.59164215
2018-01-03,19745.31855711779,46819.25298408584,52917.45373307568,16386738.544430044,60139330.45805826
2018-01-04,20774.456212054843,54610.46348325362,55675.54264830698,19113662.219138768,70147140.34423928
2018-01-05,24517.103979972057,50147.47288693472,65705.83866632511,17551615.51042715,64414428.92326764
2018-01-06,23024.125635381977,37909.17667303131,61704.656702823704,13268211.835560957,48694337.43650871
2018-01-07,19083.580415061617,43457.032728997605,51143.99551236514,15209961.45514916,55820558.54039742
2018-01-08,23056.91551813818,45732.81272924664,61792.53358861033,16006484.455236323,58743797.95071731
2018-01-09,22770.988961959854,41753.46003887713,61026.25041805241,14613711.013606995,53632319.41993767
2018-01-10,22819.50557588737,33742.53999990283,61156.27494337816,11809888.99996599,43342292.62987518
2018-01-11,22954.19448843048,36468.857139681655,61517.24122899369,12764099.998888578,46844246.99592108
2018-01-12,21692.387512401932,47400.48791438735,58135.598533237186,16590170.77003557,60885926.72603054
2018-01-13,23636.937844879052,51104.63666649018,63346.99342427586,17886622.833271563,65643905.79810663
2018-01-14,20901.552509023277,43546.818179986534,56016.16072418239,15241386.362995287,55935887.9521927
2018-01-15,23252.482671712645,31709.007818193502,62316.653560189894,11098152.736367725,40730220.542469546
2018-01-16,21186.463206160824,36965.99757470245,56779.72139251101,12938099.151145857,47482823.88470529
2018-01-17,22753.01498757827,33117.26653748776,60978.08016670977,11591043.288120715,42539128.86740302
2018-01-18,22200.68916329462,32728.01536657904,59497.84695762959,11454805.378302662,42039135.73837077
2018-01-19,22940.014900533202,38051.457081859284,61479.23993342899,13318009.978650749,48877096.621648245
2018-01-20,21237.656054446776,36643.23848084843,56916.91822591736,12825133.468296947,47068239.8286498
2018-01-21,26272.42429256067,39078.373443380275,70410.0971040626,13677430.705183094,50196170.68802196
2018-01-22,25266.620306173707,36156.8095207819,67714.54242054553,12654883.332273664,46443421.82944435
2018-01-23,22582.198552001828,33943.58959638256,60520.2921193649,11880256.358733894,43600540.836553395
2018-01-24,24033.73572660166,43912.25483913395,64410.41174729245,15369289.19369688,56405291.34086755
2018-01-25,23538.72198049533,37000.71533090437,63083.77490772749,12950250.36581653,47527418.842546664
2018-01-26,24093.27957778113,33496.98561456263,64569.989268453435,11723944.96509692,43026878.0219057
2018-01-27,25972.159349578233,35514.31258523701,69605.38705686967,12430009.40483295,45618134.51573692
2018-01-28,23121.44673732859,38510.62326505864,61965.47725604063,13478718.142770521,49466895.58396781
2018-01-29,23955.98662938453,31623.64486173417,64202.044166750544,11068275.70160696,40620571.82489754
2018-01-30,25907.8049792844,32610.98870427049,69432.9173444822,11413846.04649467,41888814.99063544
2018-01-31,27722.165470201024,23999.527644795144,74295.40346013875,8399834.6756783,30827393.259739358
2018-02-01,26379.15758429185,28105.318371809877,70696.14232590217,9836861.430133456,36101281.44858979
2018-02-02,22663.518271877536,18768.98461262359,60738.228968631796,6569144.614418256,24108760.734915
2018-02-03,24505.83681818602,33956.070251543846,65675.64267273854,11884624.588040346,43616572.23810807
2018-02-04,25377.414575455394,38941.40279288071,68011.47106222046,13629490.977508249,50020231.88745527
2018-02-05,25717.170123333137,34293.00029340668,68922.01593053281,12002550.102692338,44049358.87688088
2018-02-06,25273.364456746574,34698.877525091106,67732.61674408082,12144607.133781886,44570708.18097952
2018-02-07,29163.032896761753,25893.744344895113,78156.9281633215,9062810.520713288,33260514.611017767
2018-02-08,28415.621600700615,41322.94740726962,76153.86588987765,14463031.592544366,53079325.94463782
2018-02-09,29968.581086503742,33592.315071897276,80315.79731183003,11757310.275164045,43149328.70985205
2018-02-10,28391.570709803324,30152.35546270465,76089.40950227292,10553324.411946626,38730700.59184412
2018-02-11,30019.55694619422,30475.40977215455,80452.41261580052,10666393.420254093,39145663.85233252
2018-02-12,26946.388383876114,23504.71867793156,72216.320868788,8226651.5372760445,30191811.141803082
2018-02-13,26975.88843518759,26236.012575346816,72295.38100630275,9182604.401371386,33700158.15303299
2018-02-14,27905.74282308456,27084.970073149794,74787.39076586663,9479739.525602426,34790644.05896091
2018-02-15,25774.623254584476,29567.619145358807,69075.9903222864,10348666.700875582,37979606.79221339
2018-02-16,29675.551830504985,40001.344585905885,79530.47890575336,14000470.60506706,51381727.1205961
2018-02-17,29284.92076464077,24260.51879441909,78483.58764923726,8491181.578046681,31162636.39143132
2018-02-18,29407.492021906415,33236.14060414265,78812.0786187092,11632649.211449927,42691822.60602123
2018-02-19,28893.541132097555,27630.190440469567,77434.69023402144,9670566.654164348,35490979.62078316
2018-02-20,27128.729328849036,25574.75028068106,72704.99460131543,8951162.59823837,32850766.735534817
2018-02-21,30355.661036447786,34059.40161099724,81353.17157768007,11920790.563849036,43749301.36932596
2018-02-22,32095.54672334617,28854.936899595254,86016.06521856775,10099227.914858337,37064166.4475301
2018-02-23,27733.687205003393,30877.067134899444,74326.2817094091,10806973.497214805,39661592.73477834
2018-02-24,27877.834205993975,42715.575511958334,74712.59567206386,14950451.429185415,54868156.745110475
2018-02-25,28837.562331195557,23264.833281126826,77284.6670476041,8142691.648394389,29883678.349607408
2018-02-26,28908.277326379037,30589.685590853613,77474.18323469583,10706389.956798764,39292451.14145146
2018-02-27,29826.313771677724,38454.32615758066,79934.52090809631,13459014.15515323,49394581.94941235
2018-02-28,30555.90527076892,32858.151295988566,81889.82612566071,11500352.953595998,42206295.33969731
2018-03-01,27093.186947581005,32457.55787112481,72609.7410195171,11360145.254893683,41691733.08545981
2018-03-02,30092.3093808493,32922.46970281579,80647.38914067612,11522864.395985525,42288912.33326688
2018-03-03,30232.278017348883,25743.061974487115,81022.50508649502,9010071.69107049,33066963.106228694
2018-03-04,29714.04463234812,42948.95268085392,79633.63961469296,15032133.438298874,55167929.718556866
2018-03-05,29988.885319640092,45001.71281033031,80370.21265663546,15750599.483615607,57804700.10486928
2018-03-06,28707.361942867057,41255.81432772305,76935.73000688372,14439535.014703067,52993093.50396025
2018-03-07,29556.560122337807,35260.207791178975,79211.58112786533,12341072.72691264,45291736.90776939
2018-03-08,28219.630898518306,42397.649477081686,75628.61080802906,14839177.316978589,54459780.75331142
2018-03-09,27612.001015623548,29259.400404464577,74000.16272187111,10240790.141562602,37583699.81953475
2018-03-10,34451.17734058818,43413.23383001959,92329.15527277633,15194631.840506857,55764298.85466017
2018-03-11,29709.24293526623,40068.34500978368,79620.7710665135,14023920.753424289,51467789.16506714
2018-03-12,27482.47280477961,34500.66917211864,73653.02711680936,12075234.210241525,44316109.5515864
2018-03-13,26069.080484304268,45953.5197606566,69865.13569793545,16083731.91622981,59027296.132563405
2018-03-14,32737.7397718421,40660.65146153007,87737.14258853684,14231228.011535523,52228606.80233537
2018-03-15,24956.630913801364,30892.876326571888,66883.77084898765,10812506.714300161,39681899.64148159
2018-03-16,28863.05630492915,39435.483312638724,77352.99089721013,13802419.159423552,50654878.315084435
2018-03-17,28556.229263906804,48860.237640267136,76530.69442727024,17101083.174093496,62760975.24892313
2018-03-18,28734.164534098334,46269.32683783892,77007.56095138354,16194264.39324362,59432950.323204085
2018-03-19,31907.54725359337,45542.257041586265,85512.22663963023,15939789.96455519,58499029.169917546
2018-03-20,26464.75741262714,45613.63470717309,70925.54986584073,15964772.147510583,58590713.78136384
2018-03-21,28651.623622041257,42537.86210811447,76786.35130707058,14888251.737840062,54639883.877873026
2018-03-22,28895.711576167647,48504.47872680622,77440.5070241293,16976567.55438218,62304002.92458259
2018-03-23,27427.683989573256,51473.04757022074,73506.19309205633,18015566.649577256,66117129.603948526
2018-03-24,26579.992214853242,55106.92339093629,71234.3791358067,19287423.186827697,70784843.09565765
2018-03-25,30332.834467956043,48241.094017507356,81291.9963741222,16884382.906127572,61965685.265488185
2018-03-26,34021.943496704225,50948.46948839451,91178.80857116733,17831964.320938077,65443309.05784274
2018-03-27,28526.469940507235,51091.830623917194,76450.93944055939,17882140.718371015,65627456.436421625
2018-03-28,32583.43889706674,53561.58169333743,87323.61624413886,18746553.5926681,68799851.68509193
2018-03-29,30893.152776272695,53367.26913378274,82793.64944041082,18678544.19682396,68550257.20234393
2018-03-30,30675.362326490605,57799.48236558361,82209.97103499483,20229818.827954262,74243435.09859215
2018-03-31,29924.75696919756,54004.36548274701,80198.34867744947,18901527.918961454,69368607.46258853
2018-04-01,31124.541520592076,58825.85841955523,83413.77127518677,20589050.44684433,75561815.13991868
2018-04-02,30337.31289477525,61487.41375285441,81303.99855799766,21520594.81349904,78980582.96554148
2018-04-03,30832.939056105068,48167.67567155365,82632.27667036159,16858686.485043775,61871379.400110655
2018-04-04,30697.642223319148,63186.258312869555,82269.68115849532,22115190.409504343,81162748.80288094
2018-04-05,32113.213010510928,62272.77993521934,86063.41086816929,21795472.97732677,79989385.82678925
2018-04-06,30629.503886939216,50590.89377051816,82087.0704169971,17706812.819681354,64984003.048230566
2018-04-07,30768.046966472648,62181.022410512705,82458.3658701467,21763357.843679447,79871523.28630356
2018-04-08,31144.556271121593,53468.51548715615,83467.41080660587,18713980.420504652,68680308.14325207
2018-04-09,29862.4739168048,53959.43593420154,80031.43009703686,18885802.576970536,69310895.45748186
2018-04-10,28425.34932915483,54440.16712791662,76179.93620213495,19054058.494770814,69928394.67580889
2018-04-11,29131.39257425161,62730.947534684434,78072.13209899432,21955831.63713955,80577902.10830215
2018-04-12,28090.584932325935,59002.29968327344,75282.76761863352,20650804.889145702,75788453.94316472
2018-04-13,31009.169110045023,44647.48510458636,83104.57321492066,15626619.786605226,57349694.616841175
2018-04-14,32593.09127467452,62612.76032818066,87349.48461612772,21914466.114863228,80426090.64154805
2018-04-15,29905.333613227842,67013.01606493101,80146.29408345062,23454555.62272585,86078219.13540387
2018-04-16,30334.48678422461,62898.78744876526,81296.42458172196,22014575.60706784,80793492.47793896
2018-04-17,28534.478280933647,72069.30772499778,76472.40179290218,25224257.70374922,92573025.77275963
2018-04-18,29741.38767103263,59536.04897187583,79706.91895836745,20837617.14015654,76474054.90437451
2018-04-19,30329.62200943054,59793.24730470924,81283.38698527384,20927636.556648232,76804426.16289902
2018-04-20,27137.205293042225,57459.334914605446,72727.71018535316,20110767.220111907,73806515.6978107
2018-04-21,26707.32364100559,68375.65129563905,71575.62735789499,23931477.95347367,87828524.08924836
2018-04-22,28837.90225848509,69478.90940347261,77285.57805274005,24317618.291215416,89245659.12876058
2018-04-23,25992.84106575234,67955.54468238686,69660.81405621627,23784440.6388354,87288897.14452592
2018-04-24,28046.511116037516,66394.41519786546,75164.64979098055,23238045.31925291,85283626.32165816
2018-04-25,31362.855148818424,66499.43898625234,84052.45179883338,23274803.645188317,85418529.37784111
2018-04-26,28599.279907954508,74736.97556447842,76646.07015331808,26157941.447567444,95999645.11257252
2018-04-27,31649.536424758382,66172.95865760211,84820.75761835247,23160535.530160736,84999165.3956899
2018-04-28,29495.36020683338,72620.55519276993,79047.56535431345,25417194.317469474,93281103.14511296
2018-04-29,27928.997228720407,72415.2425259427,74849.71257297069,25345334.884079944,93017379.0245734
2018-04-30,28407.262735283915,64124.14993108646,76131.4641305609,22443452.475880258,82367470.58648054
2018-05-01,30367.660131303088,64797.95842427649,81385.32915189228,22679285.44849677,83232977.59598315
2018-05-02,34379.84866113175,70939.65521712539,92137.99441183309,24828879.325993884,91121987.12639755
2018-05-03,26472.380637626513,80414.00513827016,70945.98010883905,28144901.798394557,103291789.60010803
2018-05-04,31354.025518261245,68497.72160616468,84028.78838894014,23974202.562157635,87985323.40311852
2018-05-05,25745.228532038956,77044.9190373012,68997.2124658644,26965721.663055416,98964198.50341338
2018-05-06,28345.708125343855,66773.83174712116,75966.49777592154,23370841.111492407,85770986.87917712
2018-05-07,24866.533352210725,66992.24179948265,66642.30938392474,23447284.629818927,86051534.59143546
2018-05-08,23477.858919895647,70959.34323929265,62920.66190532034,24835770.133752428,91147276.3908714
2018-05-09,27536.59587162323,71130.51434538446,73798.07693595026,24895680.020884562,91367145.67664634
2018-05-10,28675.60241647234,64875.4621497341,76850.61447614587,22706411.752406936,83332531.13133346
2018-05-11,26436.29788294661,70687.44483353436,70849.27832629692,24740605.691737026,90798022.88867489
2018-05-12,31768.62174588031,63017.90906170716,85139.90627895924,22056268.171597507,80946504.18976285
2018-05-13,28449.808597937365,64670.849506333085,76245.48704247214,22634797.327216577,83069706.19088483
2018-05-14,27721.330651991244,57409.13391765582,74293.16614733654,20093196.871179536,73742032.5172289
2018-05-15,23838.701138386234,75824.26235915074,63887.71905087511,26538491.825702757,97396265.00032912
2018-05-16,18553.524186039467,70528.37034593627,49723.44481858578,24684929.621077694,90593691.70935513
2018-05-17,29381.933654035915,62990.34776388166,78743.58219281626,22046621.71735858,80911101.702706
2018-05-18,22878.896092977415,63151.880034169015,61315.44152917947,22103158.011959154,81118589.90389009
2018-05-19,23449.70081999114,72519.13855536502,62845.19819757626,25381698.49437775,93150833.47436634
2018-05-20,24768.322821715123,62168.48126145482,66379.10516219653,21758968.441509187,79855414.18033871
2018-05-21,25241.761128348287,58605.66386264273,67647.91982397341,20511982.351924952,75278975.23156457
2018-05-22,29830.716841534027,67094.41657319966,79946.3211353112,23483045.800619878,86182778.08827496
2018-05-23,23079.886544274395,69333.91265534276,61854.09593865538,24266869.429369964,89059410.80578777
2018-05-24,22881.54063634107,64714.48479380368,61322.52890539407,22650069.677831285,83125755.71764082
2018-05-25,30252.29899506434,72522.85393256338,81076.16130677244,25382998.87639718,93155605.87637766
2018-05-26,27053.700500709056,60805.44242930422,72503.91734190028,21281904.850256477,78104590.80044127
2018-05-27,29006.341735695496,65913.97805267609,77736.99585166393,23069892.31843663,84666504.80866243
2018-05-28,25792.90417145167,64123.49388184838,69124.98317949049,22443222.858646933,82366627.89123425
2018-05-29,27255.41495009835,68617.10493132891,73044.51206626359,24015986.725965116,88138671.28429197
2018-05-30,25570.21397909462,67028.21105610846,68528.17346397358,23459873.86963796,86097737.1015713
2018-05-31,26567.502642998174,58113.61660369602,71200.90708323511,20339765.811293606,74646940.52744754
2018-06-01,24922.676540768498,65980.72017536286,66792.77312925959,23093252.061377,84752235.06525359
2018-06-02,20391.751530502326,62083.2732553399,54649.894101746235,21729145.639368962,79745964.49648409
2018-06-03,19471.351958303345,65827.67321168528,52183.223248252965,23039685.624089845,84555646.24040973
2018-06-04,20651.213073330386,62510.06348943188,55345.251036525435,21878522.221301157,80294176.55217524
2018-06-05,24544.052201718696,56809.6785110671,65778.05990060611,19883387.478873484,72972032.04746568
2018-06-06,23613.818714351124,67068.3286664533,63285.03415446101,23473915.03325865,86149268.17205925
2018-06-07,23213.60476178732,61812.99614980409,62212.46076159002,21634548.65243143,79398793.55442335
2018-06-08,23211.438901819005,52331.352993128734,62206.656256874936,18315973.547595054,67219622.91967385
2018-06-09,23318.57260072537,53241.87787851637,62493.77456994399,18634657.25748073,68389192.13495427
2018-06-10,23376.7656424066,66426.34926986671,62649.73192164969,23249222.24445335,85324645.63714379
2018-06-11,19722.524088073646,59496.75647928254,52856.36455603737,20823864.76774889,76423583.69763842
2018-06-12,21685.44853486861,55964.78330485483,58117.00207344788,19587674.156699188,71886764.15508603
2018-06-13,22600.021576379277,57472.8062739663,60568.057824696465,20115482.195888203,73823819.65890971
2018-06-14,23322.09734645849,51168.13402112421,62503.22088850875,17908846.907393474,65725468.15013405
2018-06-15,24002.58220603317,53507.34121965933,64326.9203121689,18727569.426880762,68730179.79665239
2018-06-16,19597.256413455336,62480.919283260715,52520.647188060306,21868321.74914125,80256740.81934838
2018-06-17,20719.792260388796,61115.90850393686,55529.04325784198,21390567.976377897,78503384.47330688
2018-06-18,20957.21871123739,62775.13769732119,56165.34614611621,21971298.194062416,80634664.37220906
2018-06-19,20605.39221922138,51120.84047925145,55222.4511475133,17892294.167738006,65664719.59559848
2018-06-20,18935.8926219134,54975.63526772195,50748.192226727915,19241472.34370268,70616203.50138883
2018-06-21,19882.321793796116,60828.99230061487,53284.622407373594,21290147.305215202,78134840.61013979
2018-06-22,21358.929863295103,53327.403811594595,57241.93203363088,18664591.33405811,68499050.19599326
2018-06-23,20507.883949338404,51593.1708051193,54961.128984226925,18057609.781791754,66271427.89917573
2018-06-24,19475.067812015444,53374.97757996035,52193.1817362014,18681242.152986124,68560158.70145908
2018-06-25,18646.47039913062,54370.45509169771,49972.54066967007,19029659.282094195,69838849.5652857
2018-06-26,22642.349581689396,51822.988231671006,60681.49687892758,18138045.881084852,66566628.38358141
2018-06-27,18944.41480300212,59210.93539111738,50771.03167204568,20723827.386891082,76056446.50989027
2018-06-28,17704.587703186757,49637.613179208485,47448.29504454051,17373164.61272297,63759514.1286933
2018-06-29,18924.783158350885,53773.751125283576,50718.41886438037,18820812.89384925,69072383.32042675
2018-06-30,23041.849035065985,47401.36285393584,61752.15541397684,16590476.998877542,60887050.58588058
2018-07-01,18624.402537994687,50974.78963774386,49913.398801825766,17841176.37321035,65477117.28968198
2018-07-02,18521.89160043655,43970.35240285152,49638.66948916995,15389623.34099803,56479917.66146277
2018-07-03,19274.622238673463,41871.648010497425,51655.98759964488,14655076.8036741,53784131.86948395
2018-07-04,20164.16243863025,46093.86612674962,54039.95533552907,16132853.144362366,59207571.03980988
2018-07-05,19201.19914222081,46392.30600652253,51459.21370115177,16237307.102282884,59590917.06537818
2018-07-06,18866.334251969056,38099.75016729825,50561.77579527707,13334912.558554387,48939129.0898946
2018-07-07,15612.001154026439,46865.53076933999,41840.163092790855,16402935.769268993,60198774.2732172
2018-07-08,19965.83099053769,51286.39210639955,53508.427054641004,17950237.23723984,65877370.66067021
2018-07-09,18812.971770839806,40605.832238165545,50418.76434585068,14212041.283357939,52158191.50992364
2018-07-10,20867.70524241139,29727.996671672692,55925.450049662526,10404798.83508544,38185611.724763565
2018-07-11,18317.88597074827,48634.06546541279,49091.934401605366,17021922.912894476,62470457.090322725
2018-07-12,20420.13988713387,33768.4021511623,54725.974897518776,11818940.752906803,43375512.56316797
2018-07-13,14602.52302115331,38539.80386464667,39134.761696690875,13488931.352626333,49504378.06413864
2018-07-14,17517.55189202404,39161.53155197535,46947.03907062443,13706536.043191371,50302987.27851233
2018-07-15,17204.632022396312,45009.74560959368,46108.41382002212,15753410.963357788,57815018.23552308
2018-07-16,18364.68296589117,31502.068189858688,49217.35034858834,11025723.86645054,40464406.589873485
2018-07-17,13697.120129995366,32670.454838864975,36708.28194838759,11434659.19360274,41965199.24052206
2018-07-18,14134.688495682589,38273.17613765182,37880.96516842934,13395611.648178134,49161894.74881375
2018-07-19,14570.169264686298,32719.9102889722,39048.05362935928,11451968.60114027,42028724.76618479
2018-07-20,11592.71635181112,27011.357414653623,31068.479822853802,9453975.095128767,34696088.59912258
2018-07-21,18468.295373391455,32397.35202812156,49495.0316006891,11339073.209842546,41614398.680122145
2018-07-22,13777.825911323584,38317.08513641782,36924.57344234721,13410979.797746237,49218295.85772869
2018-07-23,15953.759887099572,39504.28808248013,42756.07649742685,13826500.828868046,50743258.041945726
2018-07-24,14643.07492860087,24976.84772073067,39243.44080865033,8741896.702255733,32082760.89727854
2018-07-25,14116.400784961908,32266.6423183559,37831.95410369791,11293324.811424565,41446502.05792815
2018-07-26,13642.979600518876,45477.293209440446,36563.18532939059,15917052.623304155,58415583.127526246
2018-07-27,13632.553439548761,25436.22425545359,36535.24321799068,8902678.489408756,32672830.056130134
2018-07-28,18002.09581077657,30186.27202150585,48245.61677288121,10565195.207527047,38774266.41162426
2018-07-29,15257.8095656347,26994.463517793214,40890.929635901,9448062.231227625,34674388.388605386
2018-07-30,15423.315650473916,30722.343589634067,41334.4859432701,10752820.256371923,39462850.340884954
2018-07-31,13098.079027785672,29955.086178315756,35102.851794465605,10484280.162410514,38477308.19604659
2018-08-01,14481.494203559889,21203.08946563153,38810.4044655405,7421081.312971035,27235368.4186037
2018-08-02,17586.47043727043,33968.74953216422,47131.74077188475,11889062.336257478,43632858.77406494
2018-08-03,15279.329693205798,39193.276879376856,40948.60357779154,13717646.907781899,50343764.15155957
2018-08-04,16307.612951813655,28731.856748346003,43704.402710860595,10056149.861921102,36906069.993250445
2018-08-05,14309.354833356267,25465.370109661035,38349.070953394796,8912879.538381362,32710267.9058596
2018-08-06,13334.435632060357,29125.387112558197,35736.28749392176,10193885.489395369,37411559.746081
2018-08-07,12443.149747995021,36851.566495056,33347.64132462666,12898048.273269601,47335837.162899435
2018-08-08,13113.238211594742,25373.235328391573,35143.47840707391,8880632.36493705,32591920.779318973
2018-08-09,13727.553727576778,25972.283272383967,36789.84398990577,9090299.145334387,33361397.8633772
2018-08-10,13028.405896613705,36071.33449149686,34916.12780292473,12624967.0720239,46333629.15432771
2018-08-11,15717.69042843496,37675.490657907154,42123.410348205696,13186421.730267502,48394167.75008173
2018-08-12,13106.893410377856,37062.13335960053,35126.47433981265,12971746.675860185,47606310.30040688
2018-08-13,13964.514550836768,37002.79328181327,37424.89899624254,12950977.648634644,47530087.970489144
2018-08-14,10872.454907897445,25710.977271071453,29138.179153165154,8998842.044875007,33025750.304691274
2018-08-15,15779.6615343048,22576.10714150093,42289.49291193687,7901637.499525324,28999009.62325794
2018-08-16,11524.216760607293,35802.620252585075,30884.900918427546,12530917.088404777,45988465.71444553
2018-08-17,11894.851751309263,36934.29892194263,31878.202693508825,12927004.622679919,47442106.9652353
2018-08-18,9263.11488937019,33962.18803517877,24825.147903512112,11886765.81231257,43624430.53118713
2018-08-19,8341.701829704303,29139.02545664283,22355.760903607534,10198658.90982499,37429078.19905771
2018-08-20,14546.153860777044,31841.421592862436,38983.69234688248,11144497.55750185,40900306.03603179
2018-08-21,11719.967878160058,32515.997957938816,31409.513913468956,11380599.285278585,41766799.37697241
2018-08-22,12100.545760022154,28895.38882943611,32429.462636859374,10113386.090302637,37116126.95141067
2018-08-23,9851.117082439101,31085.591316974514,26400.99378093679,10879956.960941078,39929442.046653755
2018-08-24,7803.407456775856,38103.203492418135,20913.131984159296,13336121.222346345,48943564.88601109
2018-08-25,14728.840004457434,25386.364848559002,39473.29121194592,8885227.696995651,32608785.64797404
2018-08-26,11818.856976860781,27079.772862573758,31674.536697986896,9477920.501900814,34783968.241975985
2018-08-27,14576.68377361481,39153.13343415172,39065.51251328769,13703596.701953102,50292199.89616788
2018-08-28,13341.96672163837,41724.40265339454,35756.47081399083,14603540.928688088,53594995.20828529
2018-08-29,5694.081080164459,38043.94339844405,15260.137294840752,13315380.189455416,48867445.29530138
2018-08-30,9109.336042513069,42483.44518234219,24413.020593935027,14869205.813819766,54569985.33671854
2018-08-31,13190.082081169101,30169.450485473026,35349.419977533194,10559307.669915559,38752659.1485901
2018-09-01,8399.112960801873,40454.92070775979,22509.622734949022,14159222.247715926,51964345.64911745
2018-09-02,12359.55839800356,32419.571521598093,33123.616506649545,11346850.032559332,41642939.61949275
2018-09-03,9104.593091661141,40277.36675507316,24400.309485651862,14097078.364275604,51736277.59689147
2018-09-04,10838.657017874179,36602.10290745153,29047.6008079028,12810736.017608035,47015401.18462149
2018-09-05,11193.644548400822,28396.802858829305,29998.967389714206,9938881.000590255,36475693.27216624
2018-09-06,10441.499827955033,37628.286025539994,27983.21953891949,13169900.108938998,48333533.39980612
2018-09-07,7695.099732546525,33859.558623460995,20622.86728322469,11850845.518211346,43492603.05183564
2018-09-08,9280.494994376077,20381.06170359901,24871.72658492789,7133371.596259653,26179473.758272924
2018-09-09,11303.443378736454,43124.94645231383,30293.2282550137,15093731.258309841,55393993.71799712
2018-09-10,10596.230909710473,44257.101765112515,28397.89883802407,15489985.617789378,56848247.21728702
2018-09-11,9220.30392503019,43600.66569708991,24710.41451908091,15260232.993981468,56005055.087911986
2018-09-12,12025.759516627959,46808.466138712945,32229.035504562933,16382963.148549529,60125474.75517677
2018-09-13,10387.577503191114,48579.76389369541,27838.70770855219,17002917.36279339,62400706.72145174
2018-09-14,12681.391654201132,43603.55979792842,33986.129633259035,15261245.929274946,56008772.56043905
2018-09-15,8426.28576477892,39068.342311989254,22582.44584960751,13673919.80919624,50183285.6997502
2018-09-16,13646.412791010845,46475.22249210209,36572.38627990907,16266327.872235728,59697423.29110512
2018-09-17,9124.975605836209,46738.98303792676,24454.934623641042,16358644.063274363,60036223.71221691
2018-09-18,12816.281349301062,45771.7645047166,34347.634016126845,16020117.576650808,58793831.506308466
2018-09-19,7010.849030397569,45775.37791393008,18789.075401465485,16021382.269875526,58798472.93044318
2018-09-20,12225.51136613127,48269.85780791412,32764.370461231803,16894450.232769944,62002632.35426569
2018-09-21,9432.743083474654,48619.3343636877,25279.751463712073,17016767.027290694,62451534.990156844
2018-09-22,9729.732808836014,43204.34233401625,26075.68392768052,15121519.816905687,55495977.72804387
2018-09-23,8673.17299806574,52879.78317405996,23244.103634816183,18507924.110920984,67924081.48708001
2018-09-24,9815.909088036702,53509.556491922034,26306.636355938364,18728344.77217271,68733025.31387386
2018-09-25,11210.769820882135,43341.86458323957,30044.863119964124,15169652.604133848,55672625.05717122
2018-09-26,10493.89901950478,51981.022932776425,28123.649372272816,18193358.026471745,66769623.9571513
2018-09-27,9560.771902460367,49782.826027008196,25622.868698593786,17423989.10945287,63946040.03169203
2018-09-28,9856.379185056916,52350.539204401975,26415.096215952537,18322688.72154069,67244267.60805432
2018-09-29,7571.09024030088,54509.12197447774,20290.52184400636,19078192.691067208,70016967.17621665
2018-09-30,8306.71533661882,50655.50066006096,22261.997102138437,17729425.231021337,65066990.5978483
2018-10-01,12557.64843711226,61696.33686723842,33654.49781146086,21593717.903533444,79248944.70596774
2018-10-02,8890.69892235161,62204.32069743414,23827.07311190232,21771512.244101945,79901449.93585414
2018-10-03,12400.762481176173,56101.50767436773,33234.04344955215,19635527.686028704,72062386.60772534
2018-10-04,9200.877046604419,64453.86685699588,24658.350484899845,22558853.399948556,82790991.9778112
2018-10-05,9996.542968888192,52966.49372402733,26790.735156620358,18538272.803409565,68035461.1885131
2018-10-06,10659.287608568506,60912.94286020925,28566.890790963596,21319530.001073238,78242675.10393877
2018-10-07,11071.794729270343,65619.76981945864,29672.409874444522,22966919.436810523,84288594.33309461
2018-10-08,10615.499651310522,60774.646722968166,28449.5390655122,21271126.35303886,78065033.71565261
2018-10-09,8040.618652193504,49208.844379205286,21548.857987878593,17223095.53272185,63208760.605089195
2018-10-10,10625.958701328786,62514.88236547389,28477.569319561146,21880208.82791586,80300366.3984512
2018-10-11,12408.080895778487,55940.22742134878,33253.656800686345,19579079.59747207,71855222.1227225
2018-10-12,9936.9789682398,58716.18111246485,26631.103634882667,20550663.389362697,75420934.63896109
2018-10-13,8639.731650450503,59006.07184866124,23154.480823207352,20652125.14703143,75793299.28960535
2018-10-14,11643.852570220995,62665.69078883632,31205.52488819227,21932991.77609271,80494079.81826025
2018-10-15,11897.998920473488,63613.23740924038,31886.63710686895,22264633.093234133,81711203.45216927
2018-10-16,6311.092518828269,71497.96291961672,16913.72795045976,25024287.021865852,91839133.37024768
2018-10-17,11053.125133962878,60988.245453527634,29622.375359020516,21345885.90873467,78339401.28505625
2018-10-18,13004.60302175615,56061.261735973596,34852.336098306485,19621441.607590757,72010690.69985808
2018-10-19,13174.174353443843,70920.20664419973,35306.7872672295,24822072.325469904,91097005.43447454
2018-10-20,10641.884267152473,73315.86385274933,28520.24983596863,25660552.348462265,94174227.1188565
2018-10-21,11049.828404224816,71260.56305774921,29613.54012332251,24941197.070212223,91534193.24767886
2018-10-22,10941.629231452525,71173.71998722438,29323.56634029277,24910801.995528534,91422643.32358971
2018-10-23,10231.066031078666,67198.4474242525,27419.256963290827,23519456.598488376,86316405.71645233
2018-10-24,9536.131626068534,71580.70044429452,25556.832757863674,25053245.15550308,91945409.7206963
2018-10-25,13321.281709720542,70349.14226905329,35701.03498205105,24622199.79416865,90363473.24459895
2018-10-26,9860.937498636358,67358.90507958211,26427.312496345443,23575616.77785374,86522513.57472321
2018-10-27,10249.541563626308,70176.90507810879,27468.77139051851,24561916.777338073,90142234.57283072
2018-10-28,10164.30379959942,63466.61185869866,27240.334182926446,22213314.15054453,81522862.93249843
2018-10-29,13975.732059301541,74868.86335059236,37454.96191892813,26204102.172707323,96169054.97383587
2018-10-30,12059.554996514915,70289.08451856727,32319.607390659974,24601179.58149854,90286329.06409964
2018-10-31,14546.104162605185,74774.78054113804,38983.5591557819,26171173.18939831,96048205.6050918
2018-11-01,10289.691062287475,72803.9423059777,27576.372046930435,25481379.807092194,93516663.89202835
2018-11-02,9960.252684119423,73410.94330535775,26693.477193440056,25693830.15687521,94296356.67573203
2018-11-03,11949.778624340732,71261.37641697116,32025.406713233162,24941481.745939907,91535238.00759946
2018-11-04,12744.17969705811,69425.67521334824,34154.40158811574,24298986.324671883,89177279.8115458
2018-11-05,10012.223401556665,70878.2708020054,26832.758716171862,24807394.780701887,91043138.84517592
2018-11-06,12527.616063814161,70233.19064958936,33574.01105102195,24581616.727356274,90214533.38939752
2018-11-07,14263.801076846466,67934.44429449669,38226.986885948536,23777055.503073838,87261793.69628099
2018-11-08,12315.43757963602,73074.39648253929,33005.372713424535,25576038.768888753,93864062.28182173
2018-11-09,12710.275609537208,58219.34025209801,34063.53863355972,20376769.0882343,74782742.55381988
2018-11-10,8683.72266934683,63395.42327637873,23272.376753849505,22188398.146732554,81431421.19850847
2018-11-11,10620.406204090003,71385.24828473412,28462.688626961208,24984836.89965694,91694351.42174096
2018-11-12,12933.744539930689,67096.73271115244,34662.43536701425,23483856.448903352,86185753.1674753
2018-11-13,10661.430944908074,70099.71816629279,28572.634932353638,24534901.358202472,90043087.98460308
2018-11-14,12949.514168018819,64358.51524394531,34704.697970290435,22525480.335380856,82668512.83084774
2018-11-15,12963.191634468543,63399.333093445624,34741.3535803757,22189766.582705967,81436443.3585309
2018-11-16,11537.699743814108,72590.54298753753,30921.03531342181,25406690.045638137,93242552.46749195
2018-11-17,14496.047063044305,72731.98152762433,38849.40612895874,25456193.534668516,93424230.27223346
2018-11-18,13416.915456218512,71714.1350220731,35957.333422665615,25099947.25772558,92116806.43585289
2018-11-19,12108.9904878765,74286.53833515389,32452.09450750902,26000288.41730386,95421058.49150516
2018-11-20,13997.20413108819,59705.698755101614,37512.50707131635,20896994.564285565,76691970.05092803
2018-11-21,13624.352545076274,65237.347422861996,36513.26482080441,22833071.598001696,83797372.76466623
2018-11-22,13958.640902978024,62920.58693911508,37409.15761998111,22022205.428690277,80821493.92329332
2018-11-23,15824.343431250918,61341.79822244637,42409.240395752466,21469629.37785623,78793539.81673236
2018-11-24,15133.127581450692,65403.39033541656,40556.78191828786,22891186.617395796,84010654.88584258
2018-11-25,14724.000111157362,62301.79293435397,39460.32029790173,21805627.52702389,80026653.02417767
2018-11-26,17074.257340849603,71099.36379222258,45759.00967347694,24884777.3272779,91327132.79110989
2018-11-27,13956.332477454567,72063.24305909286,37402.971039578246,25222135.070682496,92565235.70940475
2018-11-28,17537.422232533067,67630.01292591525,47000.29158318862,23670504.524070334,86870751.60333812
2018-11-29,16491.09253607292,58478.28845749032,44196.12799667543,20467400.960121613,75115361.52364632
2018-11-30,16282.335478257319,69481.34458843833,43636.65908172962,24318470.605953414,89248787.12384903
2018-12-01,12717.592134213894,62069.05711413614,34083.14691969324,21724169.98994765,79727703.86310787
2018-12-02,17125.428884314515,58437.781384184134,45896.149409962905,20453223.484464448,75063330.18798453
2018-12-03,14441.478593327425,64765.851848003884,38703.1626301175,22668048.14680136,83191736.69876099
2018-12-04,16800.624394751445,67927.92170826496,45025.673377933876,23774772.597892735,87253415.43426634
2018-12-05,16043.080481968585,65906.51136754674,42995.45569167581,23067278.97864136,84656913.85161379
2018-12-06,17756.966095646447,64882.2331345108,47588.66913633248,22708781.597078778,83341228.46127911
2018-12-07,15982.476344871548,60471.99535469736,42833.03660425575,21165198.374144074,77676278.03310876
2018-12-08,13759.633265761076,49836.40224509339,36875.81715223969,17442740.785782687,64014858.68382246
2018-12-09,15052.173913690629,53460.940917943364,40339.82608869089,18711329.321280178,68670578.60909826
2018-12-10,13878.841675200269,60682.17861344241,37195.295689536724,21238762.514704842,77946258.42896678
2018-12-11,16559.2476815821,65822.06652675656,44378.78378664003,23037723.284364797,84548444.45361881
2018-12-12,20150.125546231753,52562.680851298515,54002.336463901105,18396938.29795448,67516763.55349295
2018-12-13,17560.163459976488,48941.689302664476,47061.23807273699,17129591.255932566,62865599.909272514
2018-12-14,20954.969557104465,52532.599604748895,56159.31841303997,18386409.861662112,67478124.19229995
2018-12-15,18076.978226747833,52068.00757701661,48446.301647684195,18223802.65195581,66881355.73267782
2018-12-16,18560.965177756654,50249.30929758136,49743.38667638784,17587258.254153475,64545237.79274325
2018-12-17,15460.852143217213,52958.816199317036,41435.083743822135,18535585.66976096,68025599.40802273
2018-12-18,20306.2860226454,52683.360209606275,54420.84654068967,18439176.073362194,67671776.18923925
2018-12-19,18610.283149536546,56701.18341610188,49875.55884075795,19845414.195635658,72832670.09798287
2018-12-20,19300.164412335806,56878.069678661726,51724.440625059964,19907324.387531605,73059880.50224099
2018-12-21,21931.858411291527,60325.33727815612,58777.38054226129,21113868.04735464,77487895.73379152
2018-12-22,18361.88831022346,48616.260335443585,49209.86067139888,17015691.117405254,62447586.40087728
2018-12-23,21845.34204296525,45324.89499057648,58545.51667514688,15863713.246701768,58219827.61539549
2018-12-24,19944.6652560329,41551.872051366685,53451.70288616817,14543155.21797834,53373379.64998051
2018-12-25,16412.060944833458,50371.400684899774,43984.32333215367,17629990.23971492,64702064.17975376
2018-12-26,19941.745147799636,52044.54886823467,53443.87699610303,18215592.103882134,66851223.02124743
2018-12-27,21281.768136976683,45474.4781895923,57035.13860709751,15916067.366357304,58411967.234531306
2018-12-28,19111.943197845758,47441.49246990394,51220.007770226635,16604522.364466377,60938597.0775916
2018-12-29,20159.200223495212,47574.56287296874,54026.65659896717,16651097.005539058,61109526.01032834
2018-12-30,21487.67075809162,47491.64418450101,57586.957631685545,16622075.464575354,61003016.95499155
2018-12-31,22752.858995824376,47243.111236234865,60977.66210880933,16535088.932682201,60683776.382943675
2019-01-01,22463.56920686623,43508.77360282473,60202.36547440149,15228070.760988655,55887019.692828365
2019-01-02,22393.891158803002,40362.917120797974,60015.62830559205,14127020.992279291,51846167.041664995
2019-01-03,19841.617732063147,52986.96822078921,53175.53552192924,18545438.877276223,68061760.67960374
2019-01-04,22403.906934993756,36938.994286298584,60042.47058578327,12928648.000204505,47448138.16075053
2019-01-05,21943.505837765682,43963.6176538842,58808.59564521203,15387266.178859467,56471266.87641424
2019-01-06,20289.016250766424,40374.866088819974,54374.56355205402,14131203.13108699,51861515.491089255
2019-01-07,24177.685881743128,49375.01581127409,64796.19816307159,17281255.53394593,63422207.80958156
2019-01-08,21164.06575467549,38305.138189456346,56719.696222530314,13406798.36630972,49202950.00435667
2019-01-09,22828.514146092566,43056.76840552855,61180.41791152808,15069868.941934992,55306419.01690142
2019-01-10,23072.176659859226,37844.865996295295,61833.43344842273,13245703.098703353,48611730.3722413
2019-01-11,24287.43084794358,31224.464282792578,65090.31467248879,10928562.498977402,40107824.37124707
2019-01-12,22963.414835060074,34311.08445728233,61541.951757961004,12008879.560048817,44072587.98537916
2019-01-13,24216.25003458773,32747.600945755064,64899.55009269512,11461660.331014272,42064293.41482238
2019-01-14,19631.329626035793,33644.342120999536,52611.96339777593,11775519.742349837,43216157.454423904
2019-01-15,26312.340937365392,43877.3867498164,70517.07371213926,15357085.36243574,56360503.28013916
2019-01-16,25829.816402279328,38719.29148259856,69223.9079581086,13551752.018909495,49734929.90939785
2019-01-17,24117.383038535358,36952.20168024696,64634.58654327476,12933270.588086434,47465103.05827721
2019-01-18,22531.671006350567,35696.17825581621,60384.878297019524,12493662.389535671,45851740.96959591
2019-01-19,26125.977101083117,21991.874795459,70017.61863090275,7697156.178410649,28248563.17476708
2019-01-20,25293.90889206638,30342.835186401146,67787.6758307379,10619992.315240402,38975371.79693227
2019-01-21,22336.99704499753,26276.152970093743,59863.15208059338,9196653.539532809,33751718.49008541
2019-01-22,24351.37382361056,28819.76299823032,65261.681847276304,10086917.049380612,37018985.57122684
2019-01-23,24164.919610070912,29591.90879631361,64761.98455499005,10357168.078709763,38010806.84886483
2019-01-24,26390.14176206415,29340.110113048515,70725.57992233193,10269038.53956698,37687371.44021082
2019-01-25,25390.08560148312,32648.64356733132,68045.42941197476,11427025.248565963,41937182.662237085
2019-01-26,25620.68582195355,26187.32749510946,68663.43800283552,9165564.623288311,33637622.1674681
2019-01-27,27713.73541767433,25929.265721647003,74272.8109193672,9075243.00257645,33306141.81945557
2019-01-28,25765.735336921356,42027.16107610613,69052.17070294924,14709506.376637144,53983888.402258314
2019-01-29,28162.124842724592,34429.66451578012,75474.49457850191,12050382.580523042,44224904.07051957
2019-01-30,24334.81814132029,34274.33939713336,65217.31261873838,11996018.788996674,44025388.95561779
2019-01-31,22681.784267120238,33581.52131159377,60787.18183588224,11753532.45905782,43135464.124742195
2019-02-01,27742.68493187119,29263.283069180157,74350.39561741479,10242149.074213054,37588687.10236191
2019-02-02,24481.32735975453,30126.761737054458,65609.95732414215,10544366.607969059,38697825.45124645
2019-02-03,28844.48001615044,24706.808412482264,77303.20644328318,8647382.94436879,31735895.40583346
2019-02-04,28168.05713212829,29581.368667772113,75490.39311410382,10353479.03372024,37997268.05375328
2019-02-05,27083.553239519828,30330.658905167085,72583.92268191314,10615730.61680848,38959731.36368712
2019-02-06,26728.84159153602,48065.869893316776,71633.29546531654,16823054.46266087,61740609.8779654
2019-02-07,25507.34694941206,38765.677702350484,68359.68982442433,13567987.195822667,49794513.00866919
2019-02-08,26470.246518008178,26015.2799714866,70940.26066826192,9105347.99002031,33416627.12337454
2019-02-09,26208.179818539887,30964.15471679742,70237.9219136869,10837454.150879096,39773456.733726285
2019-02-10,25363.439416730645,31847.55863761016,67974.01763683814,11146645.523163555,40908189.070010245
2019-02-11,27752.062120858194,29822.061718350364,74375.52648389997,10437721.601422627,38306438.27722104
2019-02-12,30708.789343922763,34892.48918293005,82299.555441713,12212371.214025514,44819402.35547364
2019-02-13,28832.0415658743,32216.62525107935,77269.87139654312,11275818.837877773,41382255.13501143
2019-02-14,27297.798856648962,34499.043304347404,73158.10093581922,12074665.15652159,44314021.12443423
2019-02-15,28735.16781672564,25928.09975534296,77010.24974882472,9074834.914370036,33304644.13573803
2019-02-16,26037.6914463111,30558.845822740936,69781.01307611376,10695596.037959326,39252837.459310725
2019-02-17,26093.577846678938,36459.38937147322,69930.78862909955,12760786.280015625,46832085.64765734
2019-02-18,29498.468143520364,26112.68820484697,79055.89462463457,9139440.871696439,33541747.999125928
2019-02-19,30796.00053500511,37652.32776829151,82533.2814338137,13178314.718902025,48364415.018370435
2019-02-20,29359.88603718829,39136.162792759445,78684.49457966462,13697656.977465807,50270401.10729951
2019-02-21,30443.010956756712,32537.61702505077,81587.269364108,11388165.95876777,41794569.068677716
2019-02-22,27552.29311831103,38999.20133824551,73840.14555707357,13649720.468385927,50094474.118976355
2019-02-23,31380.56132370732,23753.066845742585,84099.90434753562,8313573.396009905,30510814.36335635
2019-02-24,30906.627270851935,35814.24471812754,82829.76108588319,12534985.651344638,46003397.34043482
2019-02-25,28653.083717808066,35892.787956702145,76790.26436372563,12562475.784845749,46104286.1303839
2019-02-26,30277.820540135006,40355.20512153327,81144.55904756182,14124321.792536642,51836260.97860948
2019-02-27,26860.7198378624,31692.57734523376,71986.72916547125,11092402.070831815,40709115.59995276
2019-02-28,29519.224104484412,35925.978234357564,79111.52060001822,12574092.382025147,46146919.04203229
2019-03-01,30318.87863402336,28293.96833940962,81254.5947391826,9902888.918793365,36343602.33197165
2019-03-02,30370.678484738535,33759.581460442874,81393.41833909928,11815853.511155004,43364182.38593886
2019-03-03,29624.58975087466,30782.597069748852,79393.9005323441,10773908.974412099,39540245.9360924
2019-03-04,27475.766170993236,40022.290079228296,73635.05333826187,14007801.527729902,51408631.60676874
2019-03-05,32905.96027264849,46967.23200494012,88187.97353069796,16438531.201729039,60329409.51034557
2019-03-06,31659.733009794356,43727.18916555378,84848.08446624888,15304516.207943821,56167574.48315382
2019-03-07,29829.210618277637,47329.562918564035,79942.28445698407,16565347.021497412,60794823.5688955
2019-03-08,28562.962169779334,44862.68911182608,76548.73861500862,15701941.189139128,57626124.1641406
2019-03-09,34298.076702951534,38894.77108649936,91918.84556391012,13613169.880274775,49960333.46060842
2019-03-10,31106.533412415545,37359.84644750855,83365.50954527367,13075946.256627992,47988722.76182473
2019-03-11,27526.895817196404,42783.28132074119,73772.08079008637,14974148.462259416,54955124.85649206
2019-03-12,36305.555070072165,39657.01412224246,97298.8875877934,13879954.942784859,50939434.64002043
2019-03-13,29263.023977656656,48000.87033291614,78424.90426011985,16800304.616520647,61657117.942630775
2019-03-14,25251.997042640087,42664.30401067274,67675.35207427543,14932506.403735459,54802298.50170913
2019-03-15,31270.745413766632,46673.30138047697,83805.59770889458,16335655.48316694,59951855.62322267
2019-03-16,29680.552086394735,48895.11560612288,79543.8795915379,17113290.462143008,62805775.996064834
2019-03-17,30556.48538854964,37873.9148458685,81891.38084131305,13255870.196053974,48649043.61951809
2019-03-18,27015.27906537269,44786.27262280216,72400.94789519881,15675195.417980753,57527967.18398936
2019-03-19,25888.693871358777,33625.45419537767,69381.69957524152,11768908.968382183,43191895.91396261
2019-03-20,27423.91258875489,43077.27572292627,73496.0857378631,15077046.503024194,55332760.666098796
2019-03-21,29146.322116884912,48761.99603271333,78112.14327325157,17066698.611449666,62634783.90402027
2019-03-22,32594.592938046462,58139.02443194823,87353.50907396452,20348658.55118188,74679576.88283749
2019-03-23,30524.666472563636,56732.41197065963,81806.10614647056,19856344.189730868,72872783.17631228
2019-03-24,30451.6329561975,59007.486037617105,81610.3763226093,20652620.113165986,75795115.81531917
2019-03-25,31240.29707306626,49700.92844466899,83723.99615581759,17395324.955634147,63840842.58717732
2019-03-26,30666.360937045738,55219.72821361415,82185.84731128259,19326904.874764953,70929740.89038737
2019-03-27,26035.57285999708,41773.828915180675,69775.33526479217,14620840.120313236,53658483.241549574
2019-03-28,28540.49267165572,46877.33034945253,76488.52036003734,16407065.622308385,60213930.83387177
2019-03-29,27115.54335767935,65742.28024773124,72669.65619858066,23009798.08670593,84445958.97821076
2019-03-30,33764.827481733446,52693.22586427796,90489.73765104564,18442629.052497286,67684448.62266503
2019-03-31,24875.613916362803,53249.82733180077,66666.64529585232,18637439.56613027,68399403.20769809
2019-04-01,27633.452106716744,63531.42599029745,74057.65164600089,22235999.096604105,81606116.68453707
2019-04-02,32000.211591702864,53846.866137174584,85760.56706576368,18846403.148011103,69166299.55320075
2019-04-03,30577.061869373283,67909.8246550782,81946.52580992041,23768438.62927737,87230169.76944795
2019-04-04,30524.594840481903,59206.375437934264,81805.91417249151,20722231.40327699,76050589.25002655
2019-04-05,28415.538941988445,54343.63143376601,76153.64436452904,19020271.0018181,69804394.57667243
2019-04-06,29323.436971272513,69493.72625996129,78586.81108301034,24322804.19098645,89264691.38092028
2019-04-07,29989.83965342264,59454.09054381245,80372.77027117269,20808931.690334354,76368779.30352707
2019-04-08,32592.936638153526,62131.12664312231,87349.07019025146,21745894.325092807,79807432.1730906
2019-04-09,28992.68928932282,57067.13114714146,77700.40729538517,19973495.90149951,73302729.9585032
2019-04-10,30430.26935800353,58832.35941043067,81553.12187944946,20591325.79365073,75570165.66269818
2019-04-11,28811.3518916466,68181.41266228957,77214.4230696129,23863494.43180135,87579024.56471094
2019-04-12,29694.077134722553,61316.20985548294,79580.12672105644,21460673.44941903,78760671.55936784
2019-04-13,26422.321396562726,58604.50402931309,70811.82134278811,20511576.41025958,75277485.42565265
2019-04-14,26894.138562552744,68318.43367785218,72076.29134764135,23911451.78724826,87755028.05920112
2019-04-15,28760.64009579947,63137.16559615682,77078.51545674258,22098007.958654884,81099689.20826343
2019-04-16,28159.8931273076,67491.27960907761,75468.51358118438,23621947.863177158,86692548.65786017
2019-04-17,27777.27053363549,64068.24132467694,74443.08503014312,22423884.46363693,82295655.98154753
2019-04-18,29773.330105695197,64265.496163441356,79792.52468326314,22492923.65720447,82549029.8219404
2019-04-19,25693.146383023937,70228.41522077736,68857.63230650415,24579945.327272076,90208399.35108852
2019-04-20,27355.04793892807,65500.56357008012,73311.52847632724,22925197.249528043,84135473.90576792
2019-04-21,29168.416305141407,61605.45058348619,78171.35569777897,21561907.704220165,79132201.274488
2019-04-22,27251.04313381736,62542.767294037374,73032.79559863053,21889968.552913077,80336184.58919099
2019-04-23,30250.665137512744,68376.85481624167,81071.78256853415,23931899.18568458,87830070.0114624
2019-04-24,29615.28813895368,74185.40025266046,79368.97221239588,25964890.088431157,95291146.62454234
2019-04-25,28319.278333154354,67169.08756482108,75895.66593285368,23509180.647687376,86278692.97701266
2019-04-26,28694.944573166395,70386.88504732486,76902.45145608594,24635409.766563702,90411953.84328878
2019-04-27,28101.539183016353,73717.08472612595,75312.12501048383,25800979.65414408,94689595.33070877
2019-04-28,30249.13013987119,72833.58379281907,81067.6687748548,25491754.32748667,93554738.38187608
2019-04-29,28235.50777407447,71795.80380868341,75671.16083451959,25128531.33303919,92221709.99225383
2019-04-30,25808.826050154436,78819.78668434251,69167.65381441389,27586925.33951988,101244015.99603796
2019-05-01,30053.535815268435,70701.33791244931,80543.47598491941,24745468.269357253,90815868.54854111
2019-05-02,26025.210092486996,71363.12013590737,69747.56304786516,24977092.047567584,91665927.81457303
2019-05-03,30721.343082655898,74194.54454924123,82333.19946151781,25968090.59223443,95302892.47350036
2019-05-04,30583.878337911523,71763.87456122291,81964.79394560288,25117356.096428018,92180696.87389082
2019-05-05,34633.127364810935,70428.4170710846,92816.7813376933,24649945.974879604,90465301.72780815
2019-05-06,28198.400801808424,76151.28188332984,75571.71414884659,26652948.659165442,97816321.57913718
2019-05-07,26806.868281330844,64348.68167191394,71842.40699396667,22522038.585169878,82655881.60757345
2019-05-08,27648.019825024174,75925.13570616333,74096.69313106479,26573797.497157164,97525836.81456679
2019-05-09,25458.970631248663,78517.26149297801,68230.04129174643,27481041.5225423,100855422.38773024
2019-05-10,26128.864286602624,65526.042580734815,70025.35628809503,22934114.903257184,84168201.69495386
2019-05-11,24901.89167816348,68732.47347353744,66737.06969747813,24056365.7157381,88286862.17675883
2019-05-12,21431.704799290703,68898.90668940126,57436.968862099086,24114617.341290444,88500645.64253592
2019-05-13,23842.701480414173,77272.05361452163,63898.439967509985,27045218.76508257,99255952.86785303
2019-05-14,29596.19501301436,60478.94354429652,79317.80263487849,21167630.24050378,77685202.98264888
2019-05-15,26856.21094780376,64212.826705656254,71974.64534011408,22474489.34697969,82481375.90341546
2019-05-16,25367.85755636073,63866.72793615272,67985.85825104677,22353354.777653452,82036812.03398816
2019-05-17,26238.650258940095,78498.73459943561,70319.58269395946,27474557.109802462,100831624.59297504
2019-05-18,22954.61073734135,67750.28992567657,61518.35677607483,23712601.473986797,87025247.40953155
2019-05-19,26833.866211757606,62914.686802860466,71914.76144751039,22020140.381001163,80813915.19827427
2019-05-20,23797.762346000443,65597.25914942069,63778.00308728119,22959040.70229724,84259679.37743087
2019-05-21,23665.24251195458,59499.94144004494,63422.849932038276,20824979.50401573,76427674.77973773
2019-05-22,27988.97609855679,67201.18263034022,75010.45594413219,23520413.920619074,86319919.088672
2019-05-23,24887.349378522347,77670.29240995008,66698.09633443989,27184602.343482524,99767490.60058086
2019-05-24,23557.045637936655,69891.63203658177,63132.88230967024,24462071.212803617,89775801.35098927
2019-05-25,22919.71061515645,80464.80430320324,61424.82444861929,28162681.506121133,103357041.12746455
2019-05-26,25086.650325759358,62247.42509972292,67232.22287303508,21786598.78490302,79956817.54059409
2019-05-27,25631.317776262556,67657.62909111203,68691.93164038366,23680170.18188921,86906224.5675334
2019-05-28,23298.633159731795,60216.63616042261,62440.33686808121,21075822.656147912,77348269.14806284
2019-05-29,23802.940194653824,63190.42336377803,63791.87972167225,22116648.177322306,81168098.81077287
2019-05-30,22757.31502345909,66945.71282365406,60989.604262870365,23430999.488278918,85991768.12198363
2019-05-31,24065.30258519391,63825.91000913735,64495.01092831968,22339068.50319807,81984381.40673691
2019-06-01,24555.28868362738,67411.4984010646,65808.17367212138,23594024.44037261,86590069.69616747
2019-06-02,25375.245797772055,62159.34309302578,68005.65873802912,21755770.082559023,79843676.20299162
2019-06-03,23002.70665358105,64363.41123220163,61647.25383159722,22527193.93127057,82674801.72776298
2019-06-04,20743.80852983604,67830.39411062625,55593.40685996059,23740637.938719187,87128141.23509942
2019-06-05,22142.967925772606,53328.55044861917,59343.154041070586,18664992.65701671,68500523.05125132
2019-06-06,24734.755881485733,60175.3116165756,66289.14576238177,21061359.065801457,77295187.77149135
2019-06-07,23739.956598538167,52143.142674800685,63623.08368408229,18250099.936180238,66977866.76578147
2019-06-08,27792.412601162352,50211.387861779665,74483.6657711151,17573985.75162288,64496527.70845597
2019-06-09,19644.77315787058,55972.383828868704,52647.99206309315,19590334.340104043,71896527.02818184
2019-06-10,26200.097173858245,58551.62201469721,70216.2604259401,20493067.70514402,75209558.47787856
2019-06-11,23910.981428641873,49912.364735390576,64081.430228760226,17469327.6573867,64112432.50260919
2019-06-12,23160.362720189263,59334.86209403639,62069.77209010723,20767201.732912738,76215630.35978974
2019-06-13,24291.892472707652,52742.92668190343,65102.27182685651,18460024.3386662,67748289.32290496
2019-06-14,25939.326681420476,44590.08816866095,69517.39550620689,15606530.859031333,57275968.25264499
2019-06-15,21040.159214015333,51546.14145139821,56387.6266935611,18041149.507989373,66211018.694321
2019-06-16,23157.544986821318,56179.06740827535,62062.220564681134,19662673.59289637,72162012.08592968
2019-06-17,23865.062742205402,55856.40725585869,63958.36814911048,19549742.53955054,71747555.12015048
2019-06-18,20183.009976012505,45735.29837091247,54090.46673571352,16007354.429819364,58746990.757437065
2019-06-19,20351.706000108363,54123.21399883764,54542.57208029042,18943124.89959317,69521268.38150693
2019-06-20,21430.611246535045,42806.41092063865,57434.03814071392,14982243.822223527,54984834.82756034
2019-06-21,25958.61684967157,42407.810022775535,69569.09315711982,14842733.507971438,54472831.974255174
2019-06-22,21500.28809600193,40720.529694861565,57620.772097285175,14252185.393201549,52305520.39304968
2019-06-23,21677.73468869984,54522.72470456453,58096.32896571557,19082953.646597583,70034439.88301313
2019-06-24,21710.390199876172,47102.50623781403,58183.84573566815,16485877.18323491,60503169.262472115
2019-06-25,19682.15950608299,41508.0294937194,52748.18747630242,14527810.32280179,53317063.884682566
2019-06-26,23038.29458552295,34116.23540334296,61742.62948920151,11940682.391170034,43822304.37559403
2019-06-27,20717.354641889207,43230.902460793535,55522.51044026308,15130815.861277735,55530094.21088929
2019-06-28,19059.231235368923,43548.56408496517,51078.739710788715,15241997.429737808,55938130.567137755
2019-06-29,16555.346234626504,47664.459333100385,44368.32790879903,16682560.766585134,61224998.01336744
2019-06-30,18354.808211259977,36690.92921855986,49190.88600617674,12841825.226495951,47129498.58124014
2019-07-01,20399.466949167905,51483.064947526225,54670.57142376999,18019072.731634177,66129996.92509743
2019-07-02,17614.875459164246,33607.69802606662,47207.86623056018,11762694.309123315,43169088.11448257
2019-07-03,15566.171728553256,34638.324340911575,41717.34023252273,12123413.51931905,44492927.61590091
2019-07-04,21618.306127590018,30642.388970539585,57937.06042194125,10724836.139688853,39360148.63265809
2019-07-05,16605.615008865963,31438.385506390503,44503.04822376079,11003434.927236676,40382606.1829586
2019-07-06,19654.3175828152,36294.38082859402,52673.57112194474,12703033.290007904,46620132.174329005
2019-07-07,21239.895932941694,41016.71727832531,56922.92110028374,14355851.047413858,52685973.344008856
2019-07-08,16833.76264909671,35487.79737565747,45114.48389957918,12420729.081480114,45584075.72903202
2019-07-09,17730.993337342472,38952.45201394524,47519.06214407783,13633358.204880835,50034424.61191267
2019-07-10,17008.672045904037,28458.76633532642,45583.241083022825,9960568.217364248,36555285.35772679
2019-07-11,15485.187196211207,41243.359619756025,41500.30168584604,14435175.86691461,52977095.43157662
2019-07-12,18934.112023911563,36529.026902016856,50743.42022408299,12785159.415705899,46921535.055640645
2019-07-13,15951.090503308653,45448.45212980488,42748.922548867195,15906958.245431706,58378536.760734364
2019-07-14,16964.380311788165,42949.68603720126,45464.53923559229,15032390.11302044,55168871.71478502
2019-07-15,14368.699019255608,34604.1652872778,38508.11337160503,12111457.85054723,44449050.311508335
2019-07-16,19446.295171251106,37752.92189162111,52116.07105895297,13213522.66206739,48493628.16978732
2019-07-17,14084.831328502432,41465.27528596982,37747.34796038652,14512846.350089438,53262146.10482824
2019-07-18,16513.810000528574,36500.01363075883,44257.01080141658,12775004.77076559,46884267.508709714
2019-07-19,16290.330783052465,30368.38617570801,43658.08649858061,10628935.161497802,39008192.04269693
2019-07-20,16646.33023871747,35286.92889152738,44612.165039762825,12350425.112034582,45326060.161166914
2019-07-21,13279.650928150217,32690.922476838463,35589.46448744258,11441822.866893461,41991489.921499
2019-07-22,20258.765491390197,26400.066339535435,54293.49151692573,9240023.2188374,33910885.21313326
2019-07-23,14568.947746649103,32021.416928234517,39044.779961019594,11207495.92488208,41131510.04431723
2019-07-24,16147.505408693665,28633.395541875343,43275.314495299026,10021688.43965637,36779596.57353888
2019-07-25,16232.226180098394,33634.87397936758,43502.3661626637,11772205.892778652,43203995.62649765
2019-07-26,12458.08536920359,22726.340952927363,33387.66878946563,7954219.333524576,29191984.954035196
2019-07-27,14885.386491466059,25795.366655707032,39892.83579712904,9028378.32949746,33134148.46925568
2019-07-28,15705.950398607072,29864.55250711538,42091.947068266956,10452593.377490383,38361017.6953897
2019-07-29,14876.003181775082,39171.49642681994,39867.688527157225,13710023.74938698,50315787.16025021
2019-07-30,13667.75845088044,26619.1839096537,36629.59264835958,9316714.368378794,34192341.73195017
2019-07-31,15792.379333053723,25512.53057960071,42323.57661258398,8929385.702860247,32770845.529497106
2019-08-01,14707.952843285804,29804.235977561468,39417.31362000596,10431482.592146512,38283541.1131777
2019-08-02,12493.435638435574,35497.54267876533,33482.40751100734,12424139.937567864,45596593.57087406
2019-08-03,12131.65956404296,37988.69084450555,32512.847631635137,13296041.795576943,48796473.38976738
2019-08-04,10311.235261160284,24523.33528055295,27634.110499909562,8583167.348193532,31500224.16787026
2019-08-05,14961.140930903533,20818.728568209946,40095.85769482147,7286554.998873481,26741656.845865674
2019-08-06,12880.640955855815,33358.65873771503,34520.11776169359,11675530.558200259,42849197.148594946
2019-08-07,16387.67341571935,35630.25961629565,43918.96475412786,12470590.865703477,45767068.47713176
2019-08-08,12773.2068619466,33883.99370386713,34232.19439001689,11859397.796353495,43523989.912617326
2019-08-09,14862.33476413336,25224.462510103764,39831.05716787741,8828561.878536316,32400822.09422828
2019-08-10,16767.666803090702,37737.77045340118,44937.34703228308,13208219.658690412,48474166.14739381
2019-08-11,14891.9601849961,26043.750872671684,39910.45329578955,9115312.805435088,33453197.995946772
2019-08-12,11608.887375027996,31600.90773684584,31111.81816507503,11060317.707896043,40591365.98797847
2019-08-13,12472.819666136154,29905.916240735605,33427.156705244895,10467070.68425746,38414149.41122488
2019-08-14,12155.683614533626,30619.71535891379,32577.23208695012,10716900.375619827,39331024.378524765
2019-08-15,12355.440897706785,36765.014686149356,33112.58160585419,12867755.140152276,47224661.36435885
2019-08-16,14319.706938237854,37177.9752421531,38376.81459447745,13012291.334753584,47755109.19854565
2019-08-17,15279.041085976638,39271.574978478384,40947.830110417395,13745051.242467435,50444338.05985548
2019-08-18,9933.612220822573,27797.32153150409,26622.080751804497,9729062.536026431,35705659.507217005
2019-08-19,9795.501195235287,41503.07939978805,26251.94320323057,14526077.789925816,53310705.48902774
2019-08-20,6995.348093057411,35370.93611156252,18747.53288939386,12379827.639046881,45433967.43530206
2019-08-21,12304.80522331123,31879.375303705223,32976.8779984741,11157781.356296828,40949057.57760936
2019-08-22,12101.09769591271,35115.98128542988,32430.941825046062,12290593.449900458,45106477.96113468
2019-08-23,12433.371387225472,44172.46469080362,33321.43531776427,15460362.641781267,56739530.89533725
2019-08-24,10861.404915840347,41181.40123321949,29108.56517445213,14413490.431626821,52897509.88407043
2019-08-25,13654.318880733994,28311.29649318516,36593.57460036711,9908953.772614805,36365860.345496334
2019-08-26,11042.247715615193,36586.60856252636,29593.22387784872,12805312.996884225,46995498.6985651
2019-08-27,10554.0951948707,34079.596147477816,28284.97512225348,11927858.651617235,43775241.25143525
2019-08-28,12912.149926670803,48930.20580306752,34604.56180347776,17125572.03107363,62850849.35404022
2019-08-29,10628.634826094558,42772.69680730161,28484.741333933416,14970443.882555563,54941529.04897892
2019-08-30,13350.662108460536,31881.73048951649,35779.77445067424,11158605.67133077,40952082.81378393
2019-08-31,12920.289584086788,38863.39206845983,34626.3760853526,13602187.223960938,49920027.11193664
2019-09-01,11539.402552137406,43469.514210890804,30925.59883972825,15214329.973811781,55836591.00388923
2019-09-02,9319.475830360005,47180.88832085088,24976.195225364812,16513310.912297806,60603851.04813295
2019-09-03,10728.575392227247,34219.370494481285,28752.582051169025,11976779.67306845,43954781.400161214
2019-09-04,11890.155246242313,30864.32878041218,31865.6160599294,10802515.073144263,39645230.31843945
2019-09-05,8906.131088712293,32148.57563507645,23868.431317748946,11252001.472276757,41294845.40325569
2019-09-06,8771.450382213461,39561.62320250886,23507.487024332077,13846568.1208781,50816905.00362263
2019-09-07,11302.267431505192,41420.87563463624,30290.076716433916,14497306.472122686,53205114.752690256
2019-09-08,9030.987566062528,47155.418488137344,24203.046677047576,16504396.470848069,60571135.04801241
2019-09-09,11590.093608712074,44724.85176148315,31061.45087134836,15653698.116519101,57449072.0876251
2019-09-10,8855.470284151195,37366.36199395414,23732.660361525206,13078226.697883947,47997091.98123408
2019-09-11,9140.421273989905,38259.1044613397,24496.329014292947,13390686.561468896,49143819.680590846
2019-09-12,10470.665854256169,39901.94137448548,28061.384489406533,13965679.481069919,51254043.6955266
2019-09-13,6044.663272528399,56863.17969232482,16199.69757037611,19902112.892313685,73040754.31479122
2019-09-14,10074.757790935115,35589.32244821252,27000.350879706108,12456262.85687438,45714484.68472897
2019-09-15,11767.373272782566,46052.59259776112,31536.56037105728,16118407.409216389,59154555.191824146
2019-09-16,8532.63247984737,55084.48952839837,22867.455045990955,19279571.334939428,70756026.7992277
2019-09-17,13075.90231451023,49786.46000840264,35043.41820288741,17425261.002940923,63950707.880793184
2019-09-18,10823.257593667135,57152.92148809076,29006.330351027922,20003522.520831764,73412927.65145257
2019-09-19,8963.80843697137,46074.63279212089,24023.006611083274,16126121.47724231,59182865.821479276
2019-09-20,13055.131620936685,49573.36004045462,34987.752744110316,17350676.014159117,63676980.97196396
2019-09-21,9296.123755726583,54855.546703398875,24913.611665347245,19199441.346189607,70461949.74051586
2019-09-22,7132.7364272058885,46153.401121134164,19115.733624911783,16153690.392396955,59284043.74009682
2019-09-23,14746.573612466687,47383.64746918602,39520.817281410724,16584276.614215108,60864295.17416944
2019-09-24,8210.28495179986,49506.38317399439,22003.563670823627,17327234.110898037,63590949.18699579
2019-09-25,8114.260521329702,54951.74501997923,21746.218197163602,19233110.75699273,70585516.47816332
2019-09-26,8251.618146337412,56210.9622284539,22114.336632184266,19673836.779958863,72202980.98244902
2019-09-27,11598.826798890128,51798.68114018074,31084.855821025543,18129538.39906326,66535405.92456216
2019-09-28,6230.283679655641,56424.737277642795,16697.16026147712,19748658.047174975,72477575.03313215
2019-09-29,12059.222483993024,52751.686540223156,32318.716257101307,18463090.289078105,67759541.36091664
2019-09-30,10716.181931787196,54980.73384067656,28719.367577189685,19243256.844236795,70622752.61834903
2019-10-01,11841.540866129097,56162.96412975737,31735.32952122598,19657037.445415076,72141327.42467333
2019-10-02,10560.455276774277,64404.13481266412,28302.020141755063,22541447.18443244,82727111.16686705
2019-10-03,10755.546382604376,56483.103287390586,28824.864305379728,19769086.150586706,72552546.17265321
2019-10-04,7033.981210162793,58491.51816024652,18851.069643236286,20472031.35608628,75132355.07683665
2019-10-05,10817.941140306291,64705.92609018,28992.08225602086,22647074.131563,83114762.06283621
2019-10-06,8965.448563408712,62034.12612082863,24027.40214993535,21711944.14229002,79682835.00220437
2019-10-07,11078.786938612213,59628.97217741317,29691.148995480733,20870140.262094606,76593414.76188721
2019-10-08,9582.249041099702,58168.36671869168,25680.427430147203,20358928.351542085,74717267.05015945
2019-10-09,6634.2256743844755,66773.22761687273,17779.724807350394,23370629.665905453,85770210.87387301
2019-10-10,9499.171637987934,62410.67090442968,25457.779989807666,21843734.81655039,80166506.77673993
2019-10-11,12446.730594752626,58812.16536607478,33357.23799393704,20584257.878126174,75544226.41272306
2019-10-12,8999.286314397914,66413.95760729676,24118.08732258641,23244885.162553865,85308728.54657269
2019-10-13,9711.369603737841,63728.29522508417,26026.470538017416,22304903.32877946,81858995.21662061
2019-10-14,9861.921429575172,66851.33652070303,26429.949431261462,23397967.78224606,85870541.76084304
2019-10-15,8573.80887965444,65762.24760972231,22977.8077974739,23016786.663402807,84471607.0546883
2019-10-16,11956.561095951258,61683.26352581427,32043.583737149373,21589142.234034993,79232151.99890842
2019-10-17,7548.299557224719,69469.31970850771,20229.44281336225,24314261.8979777,89233341.16557816
2019-10-18,7519.205298925022,68904.79213993726,20151.47020111906,24116677.248978037,88508205.5037494
2019-10-19,8888.053388278904,65651.39984813545,23819.983080587463,22977989.946847405,84329223.10492997
2019-10-20,8362.497286098518,65483.71019217578,22411.49272674403,22919298.56726152,84113825.74184978
2019-10-21,12654.101556910326,73026.73945576235,33912.99217251968,25559358.809516817,93802846.83092672
2019-10-22,11496.025542089435,68009.28068149732,30809.348452799688,23803248.23852406,87357921.0353833
2019-10-23,11930.400602140273,64201.39940623507,31973.473613735932,22470489.792182274,82466697.53730895
2019-10-24,10571.764399416881,64644.82655600752,28332.328590437242,22625689.294602633,83036279.71119165
2019-10-25,12606.240687803018,72793.49851065327,33784.72504331209,25477724.478728645,93503248.83693412
2019-10-26,11110.038685322705,67277.25771869601,29774.90367666485,23547040.201543603,86417637.53966503
2019-10-27,11824.897180863463,65316.198167452545,31690.724444714084,22860669.358608387,83898656.54609278
2019-10-28,13835.05443480192,66166.74581096882,37077.945885269146,23158361.033839084,84991184.99418944
2019-10-29,11565.605320144687,73933.9919723598,30995.822257987762,25876897.19032593,94968212.68849616
2019-10-30,12132.666335148358,79131.14826495248,32515.545778197604,27695901.892733365,101643959.94633144
2019-10-31,7691.827594794922,69638.18636700069,20614.097954050394,24373365.22845024,89450250.38841237
2019-11-01,10064.2202675581,71808.8884070202,26972.110317055707,25133110.942457072,92238517.15881746
2019-11-02,12050.72224313467,69154.60580112062,32295.93561160092,24204112.03039222,88829091.15153944
2019-11-03,12504.364879006722,67944.642267272,33511.69787573801,23780624.793545198,87274892.99231087
2019-11-04,10910.714887359469,77216.7186044997,29240.715898123377,27025851.511574898,99184875.04747987
2019-11-05,12232.036210159931,69772.48004505924,32781.857043228614,24420368.015770737,89622750.6178786
2019-11-06,12059.858319695242,80430.51507704746,32320.42029678325,28150680.276966605,103312996.61646745
2019-11-07,10775.276820680505,65120.196044253826,28877.741879423756,22792068.61548884,83646891.81884404
2019-11-08,15528.581638309919,70141.00908218433,41616.598790670585,24549353.178764515,90096126.16606577
2019-11-09,8659.389482188475,62194.31574672347,23207.163812265113,21768010.511353213,79888598.5766663
2019-11-10,12358.408367242619,71782.90060420588,33120.53442421022,25124015.211472057,92205135.82610245
2019-11-11,11355.469429181194,72369.78146904799,30432.6580702056,25329423.514166795,92958984.29699214
2019-11-12,10048.784185055767,68457.5814349038,26930.741615949457,23960153.502216328,87933763.35313392
2019-11-13,14835.29164232344,65398.628259473786,39758.58160142682,22889519.890815824,84004537.99929407
2019-11-14,14210.552657298495,60395.34552215332,38084.281121559965,21138370.932753664,77577821.32320595
2019-11-15,13969.147777577951,62320.00947473596,37437.31604390891,21812003.316157583,80050052.17029832
2019-11-16,11861.071413548161,68900.41112116525,31787.671388309074,24115143.892407835,88502578.08513676
2019-11-17,13368.401169115987,67689.13663623654,35827.31513323085,23691197.822682787,86946696.00924583
2019-11-18,15486.594253974567,73779.13981943767,41504.07260065184,25822698.93680318,94769305.09806767
2019-11-19,13970.808569094683,67329.56501223837,37441.76696517375,23565347.75428343,86484826.25822018
2019-11-20,17412.407750152142,70741.53939914837,46665.252770407744,24759538.78970193,90867507.35820608
2019-11-21,17019.596380849212,66401.78916524087,45612.51830067589,23240626.207834303,85293098.1827519
2019-11-22,12983.20542957254,61877.04865318388,34794.99055125441,21656967.028614357,79481068.99501468
2019-11-23,17944.46776164759,66913.2281134908,48091.173601215545,23419629.839721777,85950041.51177892
2019-11-24,12421.378999564899,70056.56716260058,33289.29571883393,24519798.5069102,89987660.52036044
2019-11-25,15602.849249727362,66717.95540060397,41815.63598926933,23351284.39021139,85699213.7120758
2019-11-26,12696.253501261182,56325.86991089196,34025.95938337997,19714054.468812183,72350579.90054071
2019-11-27,15449.99455648296,61678.928879371415,41405.985411374335,21587625.107779995,79226584.14555258
2019-11-28,13990.713589259443,59630.63410312575,37495.11241921531,20870721.93609401,76595549.50546502
2019-11-29,19367.681222702202,59671.477823990186,51905.38567684191,20885017.238396566,76648013.26491539
2019-11-30,14629.9352511047,56669.35970214271,39208.226472960596,19834275.89574995,72791792.53740232
2019-12-01,15159.976009674852,55630.18467269977,40628.73570592861,19470564.63544492,71456972.21208286
2019-12-02,15470.91557989284,66379.64195850215,41462.053754112814,23232874.68547575,85264650.095696
2019-12-03,15688.644300458745,54988.49911906101,42045.56672522944,19245974.691671353,70632727.11843386
2019-12-04,16627.7218562832,70257.62633579089,44562.294574838976,24590169.21752681,90245921.02832338
2019-12-05,15900.905558850007,61094.57804759492,42614.42689771802,21383102.31665822,78475985.50213566
2019-12-06,14560.165306570096,57487.01471336654,39021.24302160786,20120455.149678286,73842070.3993193
2019-12-07,15304.171650278178,59642.16229921959,41015.18002274552,20874756.804726858,76610357.47334756
2019-12-08,13313.375113717488,44032.49185133228,35679.84530476287,15411372.147966295,56559735.78303631
2019-12-09,19030.592806734792,68511.35022102599,51001.988722049246,23978972.577359095,88002829.35890788
2019-12-10,16241.93673126748,51151.80673103264,43528.39043979685,17903132.35586142,65704495.74601141
2019-12-11,16824.786307209895,40786.38682855507,45090.427303322525,14275235.389994273,52390113.881278984
2019-12-12,14984.980580721971,57531.06658812353,40159.74795633488,20135873.305843234,73898655.03244467
2019-12-13,17920.981050418814,54777.558326045255,48028.229215122425,19172145.41411584,70361773.66980512
2019-12-14,19299.688120081435,52419.4800886582,51723.16416181825,18346818.031030368,67332822.17388146
2019-12-15,18329.7497800141,48309.8877084484,49123.72941043779,16908460.69795694,62054050.76150196
2019-12-16,15018.391262937026,45281.33614822019,40249.28858467123,15848467.651877064,58163876.28238882
2019-12-17,13796.65920777967,42322.81561187533,36975.04667684952,14812985.464156365,54363656.65345386
2019-12-18,19470.511360224595,54351.57682936131,52180.970445401916,19023051.890276454,69814600.43731458
2019-12-19,17407.703665970603,50488.358552382444,46652.64582480122,17670925.493333854,64852296.560535245
2019-12-20,20469.226872950938,49081.741588365476,54857.528019508514,17178609.555927914,63045497.07025544
2019-12-21,20034.762264154317,53411.23646515267,53693.16286793357,18693932.762803435,68606733.2394886
2019-12-22,20804.029309463207,48848.97999881729,55754.798549361396,17097142.99958605,62746514.8084808
2019-12-23,19513.0860055653,56877.01452246532,52295.070494915,19906955.08286286,73058525.1541067
2019-12-24,18784.25166483181,36561.952669078164,50341.794461749254,12796683.434177356,46963828.2034309
2019-12-25,20591.27920434535,42583.585015942044,55184.62826764554,14904254.755579714,54698614.952977546
2019-12-26,21067.884777067364,49011.28184849455,56461.93120254054,17153948.646973092,62954991.53439125
2019-12-27,23851.831480975055,46073.59099941887,63922.90836901315,16125756.849796603,59181527.63875353
2019-12-28,19852.474310864232,44164.9130571232,53204.63115311615,15457719.569993118,56729830.82187474
2019-12-29,20689.513631707276,48045.589258145425,55447.8965329755,16815956.2403509,61714559.40208779
2019-12-30,19728.501694272538,43296.22624259395,52872.384540650404,15153679.184907882,55614002.60861193
2019-12-31,23212.85801970031,36297.86540576133,62210.459492796836,12704252.892016465,46624608.11370043
2020-01-01,19089.64486114035,38888.32973836222,51160.248227856144,13610915.408426777,49952059.54892627
2020-01-02,20049.80752303425,42188.699818496054,53733.484161731794,14766044.93647362,54191384.91685818
2020-01-03,25876.764522963214,39129.03850112747,69349.72892154142,13695163.475394612,50261249.95469823
2020-01-04,17620.08268196637,41488.846830771035,47221.821587669874,14521096.390769862,53292423.754125394
2020-01-05,22851.15510437752,34005.80161968185,61241.09567973176,11902030.566888647,43680452.18048134
2020-01-06,21856.559431222908,29351.902275550026,58575.579275677395,10273165.796442509,37702518.47294401
2020-01-07,21832.16071789471,41960.48447731754,58510.19072395782,14686169.56706114,53898242.31111438
2020-01-08,21511.346777875835,35659.878438713386,57650.409364707244,12480957.453549685,45805113.85452734
2020-01-09,26003.99387355441,38914.98473543366,69690.70358112582,13620244.65740178,49986297.89266453
2020-01-10,22773.82091817953,42022.72460136049,61033.84006072114,14707953.610476172,53978189.75044755
2020-01-11,24026.148218761606,33961.694056603,64390.07722628111,11886592.91981105,43623796.015706554
2020-01-12,26544.60370355176,30365.83395167418,71139.53792551871,10628041.883085962,39004913.71092548
2020-01-13,25492.947827145006,28008.223453142797,68321.10017674862,9802878.208599977,35976563.025561914
2020-01-14,24866.448881423028,32438.28425510566,66642.08300221372,11353399.48928698,41666976.12568322
2020-01-15,26080.206526921313,27550.006126968783,69894.95349214913,9642502.144439073,35387982.8700914
2020-01-16,25193.67854665831,35082.90685619468,67519.05850504428,12279017.399668135,45063993.85678206
2020-01-17,23255.073193088534,32378.298779569086,62323.596157477274,11332404.572849179,41589924.782356486
2020-01-18,25745.106404271988,39282.34427150984,68996.88516344893,13748820.495028444,50458171.216754384
2020-01-19,23646.353846229846,22157.436600108034,63372.22830789599,7755102.810037811,28461227.312838767
2020-01-20,24514.78221169475,25730.202957275473,65699.61632734194,9005571.035046415,33050445.698620345
2020-01-21,21346.300674223276,35606.8756684362,57208.08580691838,12462406.48395267,45737031.796106294
2020-01-22,23426.63433225698,28088.35143447188,62783.380010448716,9830923.002065158,36079487.41757913
2020-01-23,23862.638991455784,28521.746063456216,63951.8724971015,9982611.122209674,36636182.818509504
2020-01-24,26301.976336057898,30368.070859232528,70489.29658063517,10628824.800731385,39007787.018684186
2020-01-25,22785.93933860249,26069.501352457413,61066.31742745468,9124325.473360093,33486274.48723154
2020-01-26,21419.31510988266,23719.005467206247,57403.764494485535,8301651.913522186,30467062.522626422
2020-01-27,24673.41136205807,25169.27659679029,66124.74245031562,8809246.8088766,32329935.78857712
2020-01-28,28340.345004855048,32603.146226730012,75952.12461301153,11411101.179355504,41878741.3282347
2020-01-29,25310.575279696408,32677.73957954048,67832.34174958638,11437208.852839168,41974556.489919744
2020-01-30,25722.39591850128,29335.69505165043,68936.02106158344,10267493.268077651,37681700.293844976
2020-01-31,23215.405360052515,26754.154898280856,62217.286364940745,9363954.214398298,34365711.96684176
2020-02-01,27278.850445942546,30048.1787521561,73107.31919512602,10516862.563254634,38596885.607144505
2020-02-02,26172.342454552738,32592.607717194172,70141.87777820133,11407412.70101796,41865204.61273591
2020-02-03,25705.00216231779,30802.258458013166,68889.40579501168,10780790.460304607,39565500.98931791
2020-02-04,26222.37536639599,42949.25067669522,70275.96598194126,15032237.736843325,55168312.494215004
2020-02-05,28384.464961048216,27250.715011363747,76070.36609560922,9537750.253977312,35003543.432096735
2020-02-06,25866.511472808663,35022.8018510601,69322.25074712723,12257980.647871034,44986788.977686696
2020-02-07,25336.880599329495,32619.58139989307,67902.84000620306,11416853.489962574,41899852.308162645
2020-02-08,25756.690265346806,25444.5945845441,69027.92991112944,8905608.104590435,32683581.743846893
2020-02-09,27122.336300364055,25796.33737559307,72687.86128497568,9028718.081457574,33135395.358949296
2020-02-10,26673.57119277048,27230.304047188652,71485.1707966249,9530606.416516026,34977325.54861382
2020-02-11,28300.5695198807,28333.030262357737,75845.52631328028,9916560.591825208,36393777.37199851
2020-02-12,25584.43623331162,21123.38430570159,68566.28910527514,7393184.506995556,27132987.14067369
2020-02-13,28171.68548528311,31616.672888814177,75500.11710055874,11065835.51108496,40611616.325681806
2020-02-14,23838.879938811195,33268.782828578114,63888.198236014,11644073.99000234,42733751.543308586
2020-02-15,28283.84403511273,23781.200132649923,75800.70201410212,8323420.046427473,30546951.570388827
2020-02-16,26066.25652790705,33452.98689718352,69857.5674947909,11708545.41401423,42970361.66943222
2020-02-17,30688.816720876755,30433.973356056806,82246.02881194971,10651890.674619881,39092438.77585497
2020-02-18,25044.605642150433,31907.60078670286,67119.54312096316,11167660.275346,40985313.21051982
2020-02-19,30668.629749191452,42027.85901380487,82191.9277278331,14709750.654831702,53984784.90323234
2020-02-20,26518.553390607445,27540.504793991593,71069.72308682796,9639176.677897057,35375778.4078822
2020-02-21,26579.42799988228,39575.142552483114,71232.86703968451,13851299.893369088,50834270.60866455
2020-02-22,25562.862698224373,42129.58087661053,68508.47203124133,14745353.306813685,54115446.63600622
2020-02-23,27585.59811112884,40377.173339852576,73929.40293782529,14132010.668948403,51864479.15504064
2020-02-24,22872.30207063924,32126.458345144747,61297.76954931317,11244260.420800662,41266435.74433843
2020-02-25,26296.005854643,32372.47754623409,70473.29569044325,11330367.14118193,41582447.40813769
2020-02-26,30145.12408981879,32829.32615083625,80788.93256071435,11490264.152792687,42169269.44074916
2020-02-27,30066.929693000144,34642.96312018652,80579.3715772404,12125037.092065282,44498886.12787958
2020-02-28,29985.370908396086,43250.699684858395,80360.79403450151,15137744.889700437,55555523.745200604
2020-02-29,28681.730866485035,36050.87468260426,76867.0387221799,12617806.138911491,46307348.52980517
2020-03-01,32202.332235543738,35352.937886765045,86302.25039125723,12373528.260367766,45410848.7155497
2020-03-02,27919.58861551416,43028.16701021749,74824.49748957796,15059858.45357612,55269680.524624355
2020-03-03,23392.78940558841,39011.17547560393,62692.67560697694,13653911.416461375,50109854.89841324
2020-03-04,34332.25672446341,38077.30055418553,92010.44802156196,13327055.193964936,48910292.561851315
2020-03-05,26293.767537551073,48643.370831632565,70467.29700063689,17025179.791071396,62482409.83323202
2020-03-06,32573.690172441093,45576.15588469271,87297.48966214214,15951654.559642445,58542572.23388778
2020-03-07,28748.352379373922,53034.33942433785,77045.58437672212,18562018.798518244,68122608.99056196
2020-03-08,30650.000271380264,47209.05913546528,82142.0007272991,16523170.697412847,60640036.45950515
2020-03-09,26375.811100993273,46764.79799391759,70687.17375066197,16367679.297871156,60069383.02318714
2020-03-10,26450.099477669402,47142.93743310535,70886.266600154,16500028.10158687,60555103.13282382
2020-03-11,29370.461962265446,44923.67926923837,78712.8380588714,15723287.744233428,57704466.021336675
2020-03-12,25256.680237700268,42208.37611653886,67687.90303703673,14772931.6407886,54216659.12169416
2020-03-13,29615.758373517165,46050.77748462205,79370.232441026,16117772.119617715,59152223.67899702
2020-03-14,26547.468678606296,48406.44681778275,71147.21605866488,16942256.38622396,62178080.93744194
2020-03-15,29101.64658910269,49870.02441415486,77992.41285879521,17454508.5449542,64058046.35998191
2020-03-16,31481.577906042476,50614.06187123808,84370.62878819383,17714921.654933326,65013762.473605305
2020-03-17,32647.40608459006,51531.49171890815,87495.04830670137,18036022.101617854,66192201.112937525
2020-03-18,32452.96139298957,55684.39116047115,86973.93653321205,19489536.9061649,71526600.44562519
2020-03-19,27296.951591601497,51347.21045218993,73155.83026549201,17971523.658266474,65955491.825837955
2020-03-20,32480.655254409266,58938.82875289618,87048.15608181684,20628590.063513663,75706925.53309514
2020-03-21,30773.43531752551,45251.64782349419,82472.80665096837,15838076.738222964,58125741.62927828
2020-03-22,29942.70067460832,60018.47655691225,80246.43780795031,21006466.794919282,77093733.13735376
2020-03-23,31901.246352550133,59582.606178982875,85495.34022483436,20853912.162644006,76533857.6369035
2020-03-24,30950.88720859782,50337.14343540323,82948.37771904215,17618000.202391133,64658060.742775455
2020-03-25,31489.023376884354,54739.069926876145,84390.58265005007,19158674.47440665,70312335.3210724
2020-03-26,34079.173659904634,59286.201268095465,91332.18540854442,20750170.44383341,76153125.52886862
2020-03-27,30751.12371101366,56813.30073945278,82413.01154551661,19884655.25880847,72976684.79982708
2020-03-28,27487.16610503768,53866.32253867907,73665.60516150098,18853212.888537675,69191291.30093327
2020-03-29,27845.171758015058,59571.64961373818,74625.06031148037,20850077.364808362,76519783.92884669
2020-03-30,26578.172162113588,61324.25528670828,71229.50139446442,21463489.350347895,78771005.91577677
2020-03-31,31887.624091524813,67693.48176533444,85458.8325652865,23692718.617867053,86952277.32757208
2020-04-01,29653.341963330426,55860.095683772925,79470.95646172554,19551033.48932052,71752292.9058063
2020-04-02,27593.85615282609,67439.15983736917,73951.53448957393,23603705.94307921,86625600.8111007
2020-04-03,29149.462803515802,65578.81095992312,78120.56031342235,22952583.83597309,84235982.67802124
2020-04-04,29663.78747016533,62588.30870042659,79498.9504200431,21905908.045149308,80394682.52569796
2020-04-05,30509.346537558937,54813.305570072735,81765.04872065796,19184656.949525457,70407691.00475843
2020-04-06,26481.764526721992,66628.52366774008,70971.12893161495,23319983.283709027,85584338.65121213
2020-04-07,29835.76634764609,62987.83110895799,79959.85381169153,22045740.888135295,80907869.05945653
2020-04-08,26769.65491788102,62056.478409619085,71742.67517992113,21719767.44336668,79711546.51715572
2020-04-09,30453.760634347032,60180.51565681208,81616.07850005005,21063180.479884226,77301872.3611751
2020-04-10,34574.12641290242,67206.58647636323,92658.6587865785,23522305.266727127,86326860.32888855
2020-04-11,33112.54429270213,61538.651833170006,88741.61870444172,21538528.1416095,79046398.27970687
2020-04-12,28560.502677636003,74640.45513497922,76542.14717606449,26124159.297242723,95875664.6208808
2020-04-13,28918.996698458588,74254.3514523861,77502.91115186902,25989023.008335132,95379714.44058993
2020-04-14,29806.596719551835,63974.42763783673,79881.67920839893,22391049.673242856,82175152.30080128
2020-04-15,29273.041567557608,66513.46843921827,78451.7514010544,23279713.953726392,85436550.21017586
2020-04-16,29709.39430744078,60191.69833018884,79621.1767439413,21067094.415566094,77316236.50512756
2020-04-17,28880.318971104367,60903.60238903657,77399.2548425597,21316260.836162798,78230677.26871747
2020-04-18,26811.70071284909,74878.55559999598,71855.35791043557,26207494.45999859,96181504.66819482
2020-04-19,33925.92383693549,72486.76630276753,90921.47588298713,25370368.205968633,93109251.31590489
2020-04-20,30049.442481560644,66286.09157463933,80532.50585058253,23200132.051123764,85144484.62762421
2020-04-21,32317.68024817091,71663.57976541301,86611.38306509804,25082252.917894553,92051868.20867302
2020-04-22,28898.806193577482,79786.0748940002,77448.80059878765,27925126.212900065,102485213.20134324
2020-04-23,31841.89259781244,65212.84873682761,85336.27216213733,22824497.057889663,83765904.20245506
2020-04-24,25998.367321878133,67550.98644723864,69675.6244226334,23642845.256533522,86769242.09147802
2020-04-25,28555.04804597945,77765.88689761762,76527.52876322492,27218060.414166167,99890281.71998984
2020-04-26,21686.030890426384,71290.32636678236,58118.562786342714,24951614.228373826,91572424.21813194
2020-04-27,25793.782957688156,69273.33962965445,69127.33832660427,24245668.870379057,88981604.75429113
2020-04-28,30062.11354392687,72976.98246811822,80566.46429772401,25541943.863841377,93738933.98029785
2020-04-29,29518.381741782043,61852.03818600663,79109.26306797587,21648213.36510232,79448943.04992552
2020-04-30,30708.250979338474,67175.92079685713,82298.11262462712,23511572.278899994,86287470.26356298
2020-05-01,29653.666539326554,67245.12856695111,79471.82632539517,23535794.998432886,86376367.6442487
2020-05-02,28052.639258421677,71817.27794688343,75181.0732125701,25136047.281409204,92249293.52277178
2020-05-03,25980.742628043332,72612.00534509732,69628.39024315613,25414201.87078406,93270120.86577749
2020-05-04,27058.643155508493,71483.65183952848,72517.16365676277,25019278.143834967,91820750.78787433
2020-05-05,25902.958394384303,76511.98096903581,69419.92849694994,26779193.33916253,98279639.55472648
2020-05-06,27832.724105526966,69524.87733680877,74591.70060281227,24333707.067883067,89304704.93913086
2020-05-07,26646.651967424066,70972.86388993631,71413.0272726965,24840502.361477707,91164643.66662318
2020-05-08,24175.090159501902,71645.26589174963,64789.241627465104,25075843.062112372,92028344.03795241
2020-05-09,23453.212850396194,67814.02607411079,62854.610439061806,23734909.125938777,87107116.49219531
2020-05-10,26153.45162880013,66441.63708368767,70091.25036518434,23254572.979290683,85344282.8339968
2020-05-11,28108.216934727792,72646.16025394876,75330.02138507049,25426156.088882066,93313992.84619719
2020-05-12,30182.767493771225,57827.374330251434,80889.81688330689,20239581.015588,74279262.32720795
2020-05-13,29009.21069423478,71449.65095285316,77744.68466054922,25007377.833498605,91777076.64893988
2020-05-14,28248.841671618615,76074.10285516203,75706.8956799379,26625935.99930671,97717185.11745562
2020-05-15,27695.082620091947,67050.54655427627,74222.82142184643,23467691.29399669,86126427.04896785
2020-05-16,25331.17208415231,60805.766613327796,67887.5411855282,21282018.314664725,78105007.21481954
2020-05-17,24093.753404281724,67853.36189458946,64571.25912347502,23748676.663106307,87157643.35360014
2020-05-18,27843.56039484588,71624.03036461266,74620.74185818697,25068410.627614427,92001067.00334495
2020-05-19,26139.963771172985,58327.51367268125,70055.1029067436,20414629.785438437,74921691.31255907
2020-05-20,24918.34205690605,58220.260430512964,66781.15671250822,20377091.150679536,74783924.52299389
2020-05-21,26128.150738178763,66725.71874251834,70023.44397831909,23354001.559881415,85709185.7247648
2020-05-22,26685.592551621354,66960.62970723699,71517.38803834523,23436220.397532944,86010928.8589459
2020-05-23,23250.324628196162,56938.25929951812,62310.87000356572,19928390.75483134,73137194.07023102
2020-05-24,26069.401244252567,54446.10466429011,69865.99533459688,19056136.63250154,69936021.44128065
2020-05-25,27194.28555216356,60916.59920335979,72880.68527979834,21320809.721175924,78247371.67671564
2020-05-26,24697.221115240296,58485.527842922915,66188.552588844,20469934.745023016,75124660.51423447
2020-05-27,21577.85409492485,65355.53910613527,57828.6489743986,22874438.687147345,83949189.98183076
2020-05-28,25276.892582094246,63421.737776165995,67742.07212001258,22197608.221658096,81465222.1734852
2020-05-29,27480.691044327177,60942.64618374933,73648.25199879684,21329926.164312266,78280829.02302602
2020-05-30,24732.182548089368,54334.050544706595,66282.2492288795,19016917.690647308,69792087.92467561
2020-05-31,26085.709160828395,64597.33926806305,69909.7005510201,22609068.743822064,82975282.28982697
2020-06-01,22945.845111690425,63362.50016984906,61494.86489933034,22176875.05944717,81389131.4681711
2020-06-02,21902.530076829265,52700.7121759124,58698.78060590244,18445249.261569336,67694064.78995946
2020-06-03,24584.518711697652,66886.70563720298,65886.5101473497,23410346.97302104,85915973.39098722
2020-06-04,24367.641691057175,64214.91545203914,65305.27973203323,22475220.408213697,82484058.89814427
2020-06-05,20369.67677394639,50556.71436121846,54590.733754176326,17694850.02642646,64940099.59698511
2020-06-06,25098.169851641298,67463.58734685811,67263.09520239868,23612255.571400337,86656977.94703923
2020-06-07,23764.446715639373,69086.33422309106,63688.717197913524,24180216.97808187,88741396.30956046
2020-06-08,21572.52356033202,51987.90746770638,57814.36314168982,18195767.61369723,66778467.14226884
2020-06-09,23630.423829935222,53682.92088386913,63329.5358642264,18789022.309354194,68955711.87532988
2020-06-10,22551.995680143355,45230.066374459,60439.34842278419,15830523.231060648,58098020.25799258
2020-06-11,20795.597104860582,53226.099286173594,55732.20024102637,18629134.750160757,68368924.53308998
2020-06-12,26275.147718178065,50022.040403503284,70417.39588471722,17507714.14122615,64253310.89829997
2020-06-13,21666.71088238201,50809.56309649757,58066.78516478379,17783347.08377415,65264883.79745112
2020-06-14,21826.802972246798,46995.81334543392,58495.83196562142,16448534.67090187,60366122.24220987
2020-06-15,23484.900242063253,52758.22611248965,62939.532648729524,18465379.139371376,67767941.44149294
2020-06-16,18189.929273844646,58643.77638606206,48749.010453903655,20525321.73512172,75327930.76789671
2020-06-17,17881.595382465806,50113.89801481715,47922.67562500836,17539864.305186,64371302.00003262
2020-06-18,23639.512406847305,47218.119435613735,63353.89325035078,16526341.802464807,60651674.41504584
2020-06-19,26239.790164264996,45593.59044848347,70322.6376402302,15957756.656969212,58564966.931077
2020-06-20,18909.94071531193,45980.4787693366,50678.64111703597,16093167.56926781,59061924.97921286
2020-06-21,23410.616079575182,42478.24785066051,62740.451093261494,14867386.747731177,54563309.36417342
2020-06-22,23618.397108547124,38362.40472120121,63297.304250906294,13426841.652420424,49276508.86438295
2020-06-23,24633.275994631273,39890.25097741322,66017.17966561181,13961587.842094626,51239027.38048728
2020-06-24,21973.036097395103,46074.027056853585,58887.73674101888,16125909.469898753,59182087.75452842
2020-06-25,21072.301764686374,47143.80437350093,56473.768729359486,16500331.530725325,60556216.71776194
2020-06-26,21068.803333950284,41420.09812271513,56464.39293498676,14497034.342950296,53204116.03862759
2020-06-27,18623.813310573223,42477.18016890658,49911.81967233624,14867013.059117304,54561937.926960506
2020-06-28,20972.71541324027,48298.13776239809,56206.87730748392,16904348.21683933,62038957.95580033
2020-06-29,18496.010247285845,46988.76393722839,49569.307462726065,16446067.378029935,60357067.27736986
2020-06-30,18936.376613550143,39702.53212901397,50749.48932431439,13895886.24515489,50997902.519718446
2020-07-01,19548.132196326813,39572.39368846664,52388.99428615586,13850337.790963322,50830739.69283539
2020-07-02,18230.33271807213,32496.88301099052,48857.291684433316,11373909.053846681,41742246.22761732
2020-07-03,20314.138321104707,31309.394029946918,54441.890700560616,10958287.910481421,40216916.63146681
2020-07-04,19216.99476607917,39970.606526458476,51501.54597309218,13989712.284260467,51342244.08323591
2020-07-05,20902.052048295027,32180.274902188314,56017.49948943067,11263096.215765908,41335563.111860886
2020-07-06,18023.70429923455,35554.05073611914,48303.52752194859,12443917.7576417,45669178.170545034
2020-07-07,21089.411040549192,41058.489684626315,56519.621588671835,14370471.389619209,52739629.999902494
2020-07-08,15974.846192703011,32777.91191173465,42812.58779644407,11472269.169107126,42103227.85062315
2020-07-09,18115.340672989503,29820.02112788215,48549.11300361187,10437007.394758753,38303817.13876463
2020-07-10,16883.543575510856,26437.955086614256,45247.8967823691,9253284.28031499,33959553.30875601
2020-07-11,18381.53842412792,33642.55429436819,49262.52297666283,11774894.003028864,43213860.99111593
2020-07-12,19514.846579608093,32077.57086911451,52299.78883334969,11227149.804190077,41203639.781377584
2020-07-13,15221.77844710912,34370.28142389785,40794.36623825244,12029598.49836425,44148626.4889968
2020-07-14,22149.740137742752,42542.21218014309,59361.30356915058,14889774.26305008,54645471.54539379
2020-07-15,15335.160270664186,42082.69337294562,41098.22952538002,14728942.680530967,54055219.63754865
2020-07-16,20636.58902939234,29916.18065310653,55306.05859877147,10470663.228587285,38427334.048915334
2020-07-17,13602.58212699524,39297.636123965065,36454.92010034724,13754172.64338777,50477813.60123312
2020-07-18,17113.758621047637,29364.888513812395,45864.87310440767,10277710.979834339,37719199.295992024
2020-07-19,14421.026699253545,22586.10212364795,38648.351553999506,7905135.743276782,29011848.17782579
2020-07-20,16388.12986616901,22464.13476141038,43920.18804133295,7862447.166493632,28855181.101031628
2020-07-21,17013.72602606271,37950.06872585599,45596.78574984807,13282524.054049596,48746863.27836201
2020-07-22,16031.9302814183,34219.10954321771,42965.57315420105,11976688.340126198,43954446.208263144
2020-07-23,17347.268182191103,28660.48841072295,46490.678728272156,10031170.943753032,36814397.363573626
2020-07-24,14781.73684184742,40866.74117144525,39615.05473615109,14303359.410005834,52493329.03472141
2020-07-25,14804.150418548501,29858.222908303076,39675.123121709985,10450378.017906075,38352887.325715296
2020-07-26,13525.110677920997,28268.974393705255,36247.29661682827,9894141.037796838,36311497.608714394
2020-07-27,15692.695511836937,26876.662797120818,42056.423971722994,9406831.978992285,34523073.36290169
2020-07-28,13240.041557858705,30584.230745927165,35483.311375061334,10704480.761074508,39285444.393143445
2020-07-29,13752.854224915583,33062.46621228426,36857.64932277377,11571863.17429949,42468737.84967913
2020-07-30,11504.429759453642,36751.45540004596,30831.871755335764,12863009.390016086,47207244.46135904
2020-07-31,15451.169834009594,30326.418539858754,41409.13515514571,10614246.488950564,38954284.61444857
2020-08-01,10992.524868882541,25500.081055088376,29459.966648605212,8925028.36928093,32754854.115261015
2020-08-02,13719.433329041174,30235.757793174922,36768.08132183035,10582515.227611221,38837830.88533318
2020-08-03,12902.220900590339,25501.422501796096,34577.95201358211,8925497.875628633,32756577.203557085
2020-08-04,14493.79781877173,25911.648233220923,38843.378154308244,9069076.881627323,33283512.155572277
2020-08-05,12641.155242567223,17253.120869509297,33878.296050080164,6038592.304328254,22161633.756884694
2020-08-06,14554.82057568073,30255.08184784979,39006.91914282436,10589278.646747425,38862652.63356305
2020-08-07,17842.89282089018,35626.70717345862,47818.95275998569,12469347.510710517,45762505.3643076
2020-08-08,14025.597210666328,42449.00025801703,37588.60052458576,14857150.09030596,54525740.83142287
2020-08-09,14017.518811790007,34241.83524008408,37566.950415597224,11984642.334029429,43983637.365888
2020-08-10,13804.956554251556,39265.46808596679,36997.28356539417,13742913.830088377,50436493.756424345
2020-08-11,12647.712466212652,25081.244379197404,33895.86940944991,8778435.53271909,32216858.405079063
2020-08-12,14485.956799022797,28087.410108437554,38822.364221381096,9830593.537953142,36078278.284288034
2020-08-13,10779.456616348687,43334.79852072844,28888.943731814485,15167179.482254952,55663548.699875675
2020-08-14,11607.955239026636,18886.17103358981,31109.32004059139,6610159.861756433,24259286.69264611
2020-08-15,12705.3090438782,27986.77462765937,34050.228237593576,9795371.119680779,35949012.00922846
2020-08-16,11087.242375358299,32760.40526743828,29713.809565960244,11466141.843603399,42080740.566024475
2020-08-17,11439.524361891145,40494.055627805894,30657.925289868268,14172919.469732063,52014614.45391667
2020-08-18,10246.899415994425,36129.81884663814,27461.69043486506,12645436.596323349,46408752.30850669
2020-08-19,12874.614575570651,28977.654915392228,34503.967062529344,10142179.220387278,37221797.73882131
2020-08-20,10592.529999550025,33497.38114720152,28387.98039879407,11724083.401520532,43027386.08358035
2020-08-21,7588.795625290336,38413.814456878084,20337.972275778102,13444835.059907328,49342544.66985989
2020-08-22,15330.206833603599,35453.56772646026,41084.95431405765,12408748.704261089,45540107.7446382
2020-08-23,11195.429635503235,42362.492399985604,30003.75142314867,14826872.33999496,54414621.4877815
2020-08-24,9882.327017998157,43902.45184190846,26484.636408235063,15365858.14466796,56392699.39093141
2020-08-25,11169.048594140453,45168.332034383435,29933.050232296417,15808916.2120342,58018722.49816551
2020-08-26,13690.465891090924,34291.831364661695,36690.448588123676,12002140.977631591,44047857.38790794
2020-08-27,9998.793032180914,39477.56925555474,26796.76532624485,13817149.239444159,50708937.70876006
2020-08-28,13876.257453392087,42536.816926384956,37188.3699750908,14887885.924234733,54638541.34194147
2020-08-29,13975.638287706945,35319.15264751649,37454.710611054616,12361703.42663077,45367451.57573493
2020-08-30,9640.097667427324,40944.462403532045,25835.46174870523,14330561.841236215,52593161.95733691
2020-08-31,14866.214594923955,44185.15838885313,39841.4551143962,15464805.436098596,56755835.95048185
2020-09-01,11514.653654971764,37195.45008449352,30859.27179532433,13018407.52957273,47777555.63353192
2020-09-02,11188.654782203652,42157.574249155026,29985.594816305787,14755150.98720426,54151404.12303963
2020-09-03,11711.416505734735,45738.37886967683,31386.596235369092,16008432.604386888,58750947.65809988
2020-09-04,12688.82211477534,54836.63370095956,34006.04326759791,19192821.795335844,70437655.98888254
2020-09-05,8183.758988629924,48940.279609446836,21932.474089528198,17129097.863306392,62863789.15833446
2020-09-06,12656.0690400973,44489.38454476828,33918.265027460766,15571284.590668898,57146614.44775485
2020-09-07,12475.420298822988,39951.80227100312,33434.12640084561,13983130.79485109,51318090.0171035
2020-09-08,11721.050342790422,40877.73438401861,31412.414918678332,14307207.034406511,52507449.81627189
2020-09-09,10428.2822158773,51245.88456781547,27947.796338551165,17936059.59873541,65825338.72735896
2020-09-10,10316.54048527131,53445.41390027273,27648.328500527114,18705894.865095455,68650634.15490031
2020-09-11,11933.742974776475,44731.62733880697,31982.431172400953,15656069.568582436,57457775.31669754
2020-09-12,14305.877121603166,58657.57400353141,38339.750685896484,20530150.901235994,75345653.8075361
2020-09-13,10056.270224439484,52535.38179608443,26950.80420149782,18387383.62862955,67481697.91707045
2020-09-14,10087.479948563125,46997.201909814794,27034.446262149177,16449020.668435179,60367905.8531571
2020-09-15,12714.518198386373,56453.61721527736,34074.90877167548,19758766.025347073,72514671.31302376
2020-09-16,10868.94770982833,56062.443972668036,29128.779862339925,19621855.39043381,72012209.28289208
2020-09-17,11193.51917873205,51878.569847583574,29998.631399001893,18157499.44665425,66638022.96922109
2020-09-18,5381.207055558708,59185.82569297233,14421.634908897338,20715038.99254031,76024193.10262294
2020-09-19,10798.454736155374,46237.38723456398,28939.858692896403,16183085.532097394,59391923.90279743
2020-09-20,8630.712573481469,60199.07540254761,23130.309696930337,21069676.390891664,77325712.3545724
2020-09-21,7886.027875907428,57316.133175696734,21134.554707431907,20060646.611493856,73622573.06418245
2020-09-22,10864.449771638372,60065.59353089928,29116.72538799084,21022957.735814746,77154254.89044012
2020-09-23,11297.01482387365,53784.39325882504,30275.999727981383,18824537.640588764,69086053.14096077
2020-09-24,12565.298914821125,57753.91687002393,33675.00109172062,20213870.904508375,74184906.21954574
2020-09-25,9922.334223832757,59088.943360331185,26591.85571987179,20681130.176115915,75899747.7463454
2020-09-26,9875.799209309764,62446.16158515014,26467.141880950167,21856156.55480255,80212094.55612534
2020-09-27,9008.61851895469,58249.80103682125,24143.097630798573,20387430.362887435,74821869.43179688
2020-09-28,9286.49288927801,55700.72138850452,24887.80094326507,19495252.48597658,71547576.62353405
2020-09-29,8858.798114735555,61955.80824877946,23741.57894749129,21684532.88707281,79582235.6955572
2020-09-30,9868.892633107993,53850.80790282467,26448.632256729423,18847782.765988633,69171362.75117828
2020-10-01,10231.96936958334,70034.27787320197,27421.67791048335,24511997.25562069,89959029.92812793
2020-10-02,7768.353487152713,64795.13020513496,20819.18734556927,22678295.571797237,83229344.74849586
2020-10-03,9648.310016124566,60289.37733261735,25857.470843213836,21101282.06641607,77441705.18374698
2020-10-04,10346.043919253694,67244.77974228792,27727.3977035999,23535672.90980077,86375919.57896882
2020-10-05,7618.606092370049,62885.64706722827,20417.86432755173,22009976.47352989,80776613.65785469
2020-10-06,9427.291447416153,68673.84614461224,25265.141079075293,24035846.15061428,88211555.37275441
2020-10-07,8619.836349476716,68432.3997796809,23101.161416597603,23951339.922888312,87901417.51700011
2020-10-08,10470.394515355634,68362.06556167422,28060.6573011531,23926722.946585976,87811073.21397053
2020-10-09,10762.41705031959,64170.71790292128,28843.2776948565,22459751.266022447,82427287.14630239
2020-10-10,9541.694569718622,65678.28499260118,25571.74144684591,22987399.747410413,84363757.07299621
2020-10-11,9102.317498132046,67954.13643426089,24394.210894993885,23783947.75199131,87287088.2498081
2020-10-12,11129.317227837915,70668.00508254654,29826.570170605613,24733801.77889129,90773052.52853104
2020-10-13,9765.975927989375,63427.003209535964,26172.81548701153,22199451.123337585,81471985.62264894
2020-10-14,13153.81475459817,69291.5541757517,35252.223542323096,24252043.961513095,89005001.33875306
2020-10-15,8745.875032216823,57879.21207902841,23438.94508634109,20257724.227659944,74345847.915512
2020-10-16,8887.996105194348,73892.56952270164,23819.829561920855,25862399.33294557,94915005.55191024
2020-10-17,10564.424814423131,66536.52926180832,28312.658502653994,23287785.241632912,85466171.83679278
2020-10-18,8873.359919591832,65019.89261654736,23780.604584506113,22756962.415791575,83518052.06595507
2020-10-19,12903.324147688494,67230.8782837902,34580.90871580517,23530807.39932657,86358063.15552852
2020-10-20,8004.844460131109,72039.45535218605,21452.983153151374,25213809.373265117,92534680.39988297
2020-10-21,13019.264530122338,80259.82782860733,34891.62894072787,28090939.740012567,103093748.84584612
2020-10-22,9303.842680284844,78531.94175642592,24934.298383163383,27486179.61474907,100874279.1861291
2020-10-23,12128.662430157612,71524.4769293651,32504.815312822404,25033566.925277784,91873190.61576946
2020-10-24,8939.225554688172,82081.02020388884,23957.124486564302,28728357.07136109,105433070.4518952
2020-10-25,13072.517318322814,73126.23520359353,35034.346413105144,25594182.321257737,93930649.11901589
2020-10-26,10078.250202298548,69927.4318939775,27009.71054216011,24474601.16289212,89821786.26781408
2020-10-27,8860.292445022491,73411.24098982789,23745.583752660277,25693934.34643976,94296739.05143392
2020-10-28,12819.506670961144,74985.8779882966,34356.27787817587,26245057.29590381,96319360.27596697
2020-10-29,9766.037532717492,73654.2856587794,26172.98058768288,25778999.980572786,94608929.92870212
2020-10-30,9171.33227203531,67566.56756844981,24579.17048905463,23648298.64895743,86789256.04167376
2020-10-31,13408.483585606156,79506.83500105888,35934.7360094245,27827392.250370607,102126529.55886012
2020-11-01,7803.883455545168,73256.1878060085,20914.407660861052,25639665.732102975,94097573.23681791
2020-11-02,11118.979246551895,62672.39939792849,29798.86438075908,21935339.789274972,80502697.02663915
2020-11-03,11463.616862743535,70929.52444712508,30722.493192152673,24825333.556493774,91108974.15233214
2020-11-04,13002.842596807362,74215.63111764572,34847.61815944374,25975470.891176004,95329978.17061593
2020-11-05,11701.336512033664,70004.89122448272,31359.58185225022,24501711.928568948,89921282.77784804
2020-11-06,12215.813281662626,67046.84416667494,32738.37959485584,23466395.458336227,86121671.33209395
2020-11-07,12482.155000586197,69172.2790292298,33452.17540157101,24210297.66023043,88851792.41304569
2020-11-08,13223.976379745242,58099.23242418577,35440.25669771725,20334731.348465018,74628464.04886661
2020-11-09,10461.765354303107,61303.211058628476,28037.531149532326,21456123.870519966,78743974.60480827
2020-11-10,15416.26537741032,65684.29412641388,41315.59121145966,22989502.944244858,84371475.80537863
2020-11-11,13067.593170983117,67191.5775860583,35021.14969823475,23517052.1551204,86307581.40929186
2020-11-12,14121.214742766608,68710.4125206247,37844.855510614514,24048644.382218644,88258524.88274242
2020-11-13,19773.51490273064,70914.93893494405,52993.01993931812,24820228.627230417,91090239.06193563
2020-11-14,12697.8664441085,68323.85501017388,34030.282070210786,23913349.25356086,87761991.76056835
2020-11-15,13120.642908768286,57930.9253392096,35163.32299549901,20275823.86872336,74412273.59821473
2020-11-16,14050.509202264702,60495.686193414076,37655.364662069405,21173490.167694926,77706708.91544038
2020-11-17,18408.817277084978,67393.17407036161,49335.63030258774,23587610.924626563,86566532.09337948
2020-11-18,9254.007357293282,63518.83459832571,24800.739717545996,22231592.109413996,81589943.04154937
2020-11-19,12730.059031084389,65548.76989724902,34116.558203306166,22942069.464037158,84197394.93301636
2020-11-20,14229.345570224366,65528.80159329682,38134.646128201304,22935080.557653885,84171745.64658976
2020-11-21,14287.858456880025,66604.17677262411,38291.46066443847,23311461.870418437,85553065.06443566
2020-11-22,14895.214903630449,64198.4407601344,39919.175941729605,22469454.26604704,82462897.15639263
2020-11-23,11072.713252854217,68850.53080625292,29674.871517649302,24097685.782188524,88438506.82063188
2020-11-24,12479.707959407833,67985.10523020614,33445.617331213,23794786.83057215,87326867.66819979
2020-11-25,15208.720136735597,56267.62051435415,40759.369966451406,19693667.180023953,72275758.55068791
2020-11-26,13163.327885493418,72964.43480758928,35277.71873312236,25537552.182656247,93722816.51034842
2020-11-27,13813.371935847837,60137.67288009527,37019.83678807221,21048185.508033343,77246840.81448236
2020-11-28,14597.618922753456,56243.62314480078,39121.61871297927,19685268.100680273,72244933.9294966
2020-11-29,17293.803836127845,59491.151472229976,46347.39428082263,20821903.01528049,76416384.0660794
2020-11-30,18866.284482016774,66683.00106753525,50561.642411804954,23339050.373637337,85654314.87124902
2020-12-01,17111.084738916794,61553.73144091948,45857.70710029701,21543806.004321817,79065768.03586107
2020-12-02,14768.74556890392,55234.528410686595,39580.23812466251,19332084.94374031,70948751.74352694
2020-12-03,12540.475452133505,55148.44270445607,33608.474211717796,19301954.946559627,70838174.65387383
2020-12-04,18125.71955616516,47787.928565647446,48576.92841052263,16725774.997976605,61383594.24257414
2020-12-05,19106.993948823627,60424.37014846508,51206.74378284732,21148529.551962778,77615103.4557034
2020-12-06,15210.037291332048,58536.51993890455,40762.899940769894,20487781.97861659,75190159.86152288
2020-12-07,18895.35354120087,57744.3174948466,50639.547490418336,20210511.123196308,74172575.82213044
2020-12-08,17654.13102769695,46557.9961419916,47313.07115422782,16295298.64969706,59803746.044388205
2020-12-09,16959.993556982772,60208.18888558015,45452.78273271383,21072866.109953053,77337418.6235277
2020-12-10,14950.232877516435,46663.87695577409,40066.62411174405,16332356.93452093,59939749.94969181
2020-12-11,17542.8403574671,40881.02892015563,47014.81215801183,14308360.122054469,52511681.6479399
2020-12-12,16741.412363372347,43858.484602595156,44866.985133837894,15350469.610908303,56336223.47203347
2020-12-13,17463.747749278464,49519.43126887606,46802.843968066285,17331800.94410662,63607709.464871295
2020-12-14,20488.41258576165,45276.00667225981,54908.94572984122,15846602.335290935,58157030.570517726
2020-12-15,20019.522636545084,46253.8363018254,53652.320665940824,16188842.705638891,59413052.72969473
2020-12-16,17033.847356128463,42954.32791499732,45650.710914424286,15034014.77024906,55174834.20681405
2020-12-17,19792.38052910827,49536.933148141936,53043.57981801017,17337926.601849675,63630190.62878831
2020-12-18,19257.61427219945,48321.712939129386,51610.40624949453,16912599.52869528,62069240.27031168
2020-12-19,22097.367893677696,46117.49183535649,59220.94595505623,16141122.142374773,59237918.26251541
2020-12-20,17992.520971718834,38101.58811031272,48219.95620420648,13335555.83860945,48941489.92769668
2020-12-21,18941.826229090984,49349.55734428153,50764.09429396384,17272345.070498534,63389506.40872962
2020-12-22,17564.632408881185,39998.78939075198,47073.214855801576,13999576.286763193,51378444.972420916
2020-12-23,19283.408316052926,40907.66298606032,51679.534287021845,14317682.045121111,52545893.10559448
2020-12-24,15721.463455850286,37135.24492004007,42133.52206167877,12997335.722014025,47700222.09979147
2020-12-25,20332.213218275945,44645.09970057332,54490.33142497954,15625784.895200662,57346630.56538643
2020-12-26,17473.725657901003,36654.511161848546,46829.58476317469,12829078.90664699,47082719.587394446
2020-12-27,18907.428892460615,41076.56121613305,50671.909431794455,14376796.425646568,52762842.882122904
2020-12-28,21020.969242902567,40700.74217691165,56336.19757097888,14245259.761919076,52280103.326243006
2020-12-29,20498.490692576324,32093.708246661627,54935.955056104554,11232797.886331568,41224368.242836855
2020-12-30,19937.661085744192,38457.445011306896,53432.93170979444,13460105.753957413,49398588.11702371
2020-12-31,22348.041433268398,32191.16712148492,59892.75104115931,11266908.492519721,41349554.167547375
2021-01-01,21688.930303367633,46599.91142353426,58126.33321302526,16309968.99823699,59857586.22352975
2021-01-02,20203.01554269445,40085.616676858815,54144.081654421134,14029965.836900584,51489974.621425144
2021-01-03,20578.918738457804,25207.294586550663,55151.50221906692,8822553.105292732,32378769.896424327
2021-01-04,24307.74647822389,39322.169283993346,65144.760561640025,13762759.24939767,50509326.44528945
2021-01-05,21065.69716949266,35964.98844898646,56456.06841424033,12587745.95714526,46197027.66272311
2021-01-06,23134.256967061123,33752.28048861252,61999.80867172381,11813298.171014383,43354804.28762279
2021-01-07,23536.566274952085,36067.063643916976,63077.997616871595,12623472.275370942,46328143.25061136
2021-01-08,22421.520451654924,31253.718880619774,60089.6748104352,10938801.60821692,40145401.9021561
2021-01-09,23814.656114893583,29308.359409904493,63823.278387914805,10257925.793466572,37646587.662022315
2021-01-10,21333.65861392409,36490.70815005339,57174.205085316564,12771747.852518685,46872314.618743576
2021-01-11,22110.37539610581,30666.82912887629,59255.80606156358,10733390.1951067,39391542.01604159
2021-01-12,24859.16648512447,34485.31065054937,66622.56618013358,12069858.727692278,44296381.53063066
2021-01-13,25724.492202802932,28042.015775945987,68941.63910351186,9814705.521581095,36019969.26420262
2021-01-14,17937.72269102034,28734.224950031636,48073.09681193451,10056978.732511071,36909111.948315635
2021-01-15,23552.56845886445,29941.128430016335,63120.88346975673,10479394.950505717,38459379.468355976
2021-01-16,23134.351348292865,22065.293944824956,62000.06161342488,7722852.880688734,28342870.072127655
2021-01-17,24015.005510313156,31888.770877643063,64360.21476763926,11161069.807175072,40961126.19233251
2021-01-18,25945.69716836958,29135.534499385994,69534.46841123048,10197437.074785097,37424594.064461306
2021-01-19,24535.67202016419,29739.469307772946,65755.60101404003,10408814.25772053,38200348.32583434
2021-01-20,24532.194891571635,28360.86998409271,65746.28230941198,9926304.49443245,36429537.49456709
2021-01-21,22328.622006457015,30440.582449280413,59840.706977304806,10654203.857248144,39100928.15610069
2021-01-22,22558.472534476023,24245.16974022142,60456.70639239575,8485809.409077495,31142920.531314407
2021-01-23,25483.532165981458,33927.99679021969,68295.86620483031,11874798.87657689,43580511.87703718
2021-01-24,24984.266767307374,33977.179219921374,66957.83493638376,11892012.72697248,43643686.707989
2021-01-25,24501.56070289246,29171.866996698795,65664.1826837518,10210153.448844576,37471263.15725959
2021-01-26,25437.639161333533,24605.1895931596,68172.87295237387,8611816.35760586,31605366.032413505
2021-01-27,26358.36971691184,25318.616909750475,70640.43084132373,8861515.918412667,32521763.420574486
2021-01-28,24168.570192114537,27566.200743539226,64771.768114866965,9648170.260238728,35408784.85507613
2021-01-29,26764.466333571632,31216.547152164872,71728.76977397197,10925791.503257705,40097654.816955775
2021-01-30,23778.043231849384,41057.6207353544,63725.155861356354,14370167.257374039,52738513.83456272
2021-01-31,25756.336409716703,21237.51719336119,69026.98157804077,7433131.017676416,27279590.834872447
2021-02-01,27702.354280573647,25720.52565136012,74242.30947193738,9002183.97797604,33038015.19917207
2021-02-02,23012.864183714344,24361.014252921086,61674.47601235445,8526354.988522379,31291722.80787713
2021-02-03,28699.75701694012,29343.899926021655,76915.34880539952,10270364.974107578,37692239.454974815
2021-02-04,25237.287367586996,37627.941447126184,67635.93014513316,13169779.506494164,48333090.78883358
2021-02-05,28662.886081786575,29181.12061181962,76816.53469918802,10213392.214136867,37483149.4258823
2021-02-06,27490.954335240756,33401.56969195137,73675.75761844523,11690549.39218298,42904316.26931153
2021-02-07,25595.032114025544,32885.75703676972,68594.68606558847,11510014.9628694,42241754.913730696
2021-02-08,28858.180940902785,28888.21078773463,77339.92492161947,10110873.77570712,37106906.75684513
2021-02-09,26016.0870135889,32876.85320141097,69723.11319641826,11506898.620493839,42230317.937212385
2021-02-10,27985.95993922106,34761.07036550086,75002.37263711244,12166374.627925301,44650594.884485856
2021-02-11,26219.789241934028,29155.473152366627,70269.0351683832,10204415.60332832,37450205.26421493
2021-02-12,24150.49121260229,31153.757188104322,64723.31644977414,10903815.015836513,40017001.10812
2021-02-13,31786.31094725866,35596.64912222875,85187.31333865321,12458827.19278006,45723895.79750282
2021-02-14,28366.813271298928,30947.702550576523,76023.05956708113,10831695.892701782,39752323.92621554
2021-02-15,27425.064928097396,35537.691493557584,73499.17400730103,12438192.022745155,45648164.72347472
2021-02-16,28934.192686523365,39969.62668898756,77543.63639988263,13989369.341145646,51340985.482004516
2021-02-17,26700.956213050424,34501.06170400178,71558.56265097515,12075371.596400624,44316613.75879029
2021-02-18,29956.871308607435,36180.1841311711,80284.41510706794,12663064.445909884,46473446.516489275
2021-02-19,29702.740292521215,35485.80768275449,79603.34398395686,12420032.688964069,45581519.96849813
2021-02-20,25379.242880770606,31066.369792829737,68016.37092046523,10873229.427490408,39904751.9988898
2021-02-21,31104.278314878797,46460.931032599205,83359.46588387518,16261325.86140972,59679065.911373675
2021-02-22,27259.25619265522,40236.25356919198,73054.80659631599,14082688.749217192,51683467.70962709
2021-02-23,27728.25624721735,47463.56284580423,74311.7267425425,16612246.99603148,60966946.47543553
2021-02-24,29254.976479540564,45243.43642333096,78403.33696516872,15835202.748165837,58115194.08576862
2021-02-25,33310.39182908408,44982.12488124315,89271.85010194534,15743743.708435103,57779539.40995683
2021-02-26,30995.220692993564,39101.94527203584,83067.19145722275,13685680.845212542,50226448.701930024
2021-02-27,34187.23980160515,39112.324403785045,91621.80266830181,13689313.541324764,50239780.69666188
2021-02-28,27877.311950460506,43849.25178267867,74711.19602723415,15347238.123937534,56324363.91485075
2021-03-01,30421.53110616492,42598.069442912194,81529.70336452199,14909324.305019265,54717220.1994207
2021-03-02,29482.248933451494,47781.13441174828,79012.42714165001,16723397.044111898,61374867.151890665
2021-03-03,31434.840374481337,39898.561418968304,84245.37220361,13964496.496638905,51249702.14266478
2021-03-04,24734.09684445638,50665.254063883316,66287.3795431431,17732838.92235916,65079518.84505812
2021-03-05,27546.230490167432,47528.812667725244,73823.89771364872,16635084.433703834,61050759.87169307
2021-03-06,28800.118515158436,51257.031418053746,77184.31762062461,17939960.99631881,65839656.85649003
2021-03-07,29762.337138011895,53979.2646768038,79763.06352987188,18892742.63688133,69336365.47735448
2021-03-08,29249.469722574424,45007.455904411356,78388.57885649946,15752609.566543972,57812077.10921638
2021-03-09,27246.24003789899,42131.05027742561,73019.9233015693,14745867.597098961,54117334.08135319
2021-03-10,33830.0178354966,50330.095667239744,90664.44779913088,17615533.483533908,64649007.88456944
2021-03-11,28999.540760724303,44521.48737157613,77718.76923874114,15582520.580051644,57187850.528789535
2021-03-12,29486.760466766653,59071.96973137096,79024.51805093464,20675189.405979834,75877945.11994599
2021-03-13,29898.237051671797,45600.52292194574,80127.27529848042,15960183.022681009,58573871.6932393
2021-03-14,28827.455820910815,49882.92365817053,77257.58160004098,17459023.280359685,64074615.43892004
2021-03-15,31779.721204807553,40147.0356874179,85169.65282888425,14051462.490596263,51568867.340488285
2021-03-16,30979.88608062731,68490.04445303012,83026.0946960812,23971515.558560543,87975462.09991719
2021-03-17,29167.41127434922,54366.7621998128,78168.66221525591,19028366.76993448,69834106.04565954
2021-03-18,30792.01133613008,55735.44633391779,82522.59038082862,19507406.216871224,71592180.81591739
2021-03-19,31859.343437894084,56634.747727787006,85383.04041355615,19822161.704725448,72747333.4563424
2021-03-20,34291.82843029021,56391.446025783844,91902.10019317777,19737006.109024346,72434812.42011935
2021-03-21,29952.330212280616,45583.329316541276,80272.24496891205,15954165.260789447,58551786.50709727
2021-03-22,28400.615867486184,56588.88340131072,76113.65052486298,19806109.190458752,72688420.72898363
2021-03-23,31613.421826767782,62628.4513337866,84723.97049573767,21919957.96682531,80446245.73824888
2021-03-24,29766.193590255374,60435.13225111659,79773.3988218844,21152296.287890807,77628927.37655926
2021-03-25,29535.390608371697,61212.135689492614,79154.84683043616,21424247.491322413,78626988.29315326
2021-03-26,29258.75537973598,61024.99612411185,78413.46441769243,21358748.643439148,78386607.52142167
2021-03-27,31016.948858615528,68135.59848218507,83125.42294108962,23847459.46876477,87520176.2503667
2021-03-28,30318.54678853029,65243.08396728902,81253.70539326117,22835079.388551157,83804741.35598275
2021-03-29,27765.800509879497,64024.037186754686,74412.34536647705,22408413.01536414,82238875.76638639
2021-03-30,31136.468827503497,64354.723295356576,83445.73645770938,22524153.153374802,82663642.07288553
2021-03-31,28833.60601509915,66766.38424762087,77274.06412046573,23368234.4866673,85761420.56606899
2021-04-01,34522.866553930944,70653.04386534428,92521.28236453494,24728565.352870498,90753834.84503472
2021-04-02,27341.757985386594,65922.15381686774,73275.91140083608,23072753.835903708,84677006.57776661
2021-04-03,30960.41361541777,66148.74432042579,82973.90848931963,23152060.512149025,84968062.07958692
2021-04-04,29036.47808281364,68064.44039203123,77817.76126194056,23822554.13721093,87428773.68356411
2021-04-05,31395.670230871987,64387.670679861425,84140.39621873693,22535684.7379515,82705962.988282
2021-04-06,31299.103183624025,68894.02111694726,83881.5965321124,24112907.39093154,88494370.12471874
2021-04-07,30999.50388073377,64096.47922013243,83078.6704003665,22433767.727046352,82331927.55826011
2021-04-08,28028.364715676125,74441.52756837197,75116.01743801202,26054534.64893019,95620142.16157378
2021-04-09,28557.505493112305,68123.17052277923,76534.11472154099,23843109.68297273,87504212.53650992
2021-04-10,30727.437222464312,66771.21753350811,82349.53175620436,23369926.13672784,85767628.92179117
2021-04-11,28365.05989789203,75791.23726156887,76018.36052635065,26526933.041549098,97353844.26248519
2021-04-12,27541.034378177876,68043.94962890254,73809.97213351671,23815382.370115887,87402453.2983253
2021-04-13,26521.47294674223,54761.9876458768,71077.54749726917,19166695.676056877,70341773.13112874
2021-04-14,33974.57512572839,66171.2475769634,91051.86133695209,23159936.65193719,84996967.51260948
2021-04-15,28498.0928033855,59490.08312624871,76374.88871307315,20821529.094187047,76415011.77566646
2021-04-16,26504.028718002883,70524.1953887063,71030.79696424773,24683468.386047203,90588328.97679323
2021-04-17,29714.487144839375,67399.35161801039,79634.82554816952,23589773.066303633,86574467.15333433
2021-04-18,28496.052968558073,67382.02286504045,76369.42195573564,23583708.002764158,86552208.37014446
2021-04-19,32285.32338230071,73834.3103197495,86524.66666456591,25842008.61191232,94840171.60571821
2021-04-20,31296.356181842722,64799.11548460066,83874.2345673385,22679690.419610232,83234463.83996955
2021-04-21,29484.810847404166,72453.26894134996,79019.29307104317,25358644.129472487,93066223.95516403
2021-04-22,29191.91337286039,72548.06385613035,78234.32783926584,25391822.34964562,93187988.02319942
2021-04-23,27720.83903851247,66559.38332350494,74291.84862321342,23295784.163226727,85495527.87904209
2021-04-24,28824.509179546054,74004.19290355298,77249.68460118343,25901467.51624354,95058385.78461379
2021-04-25,25103.35993355066,70749.49610353963,67277.00462191577,24762323.63623887,90877727.74499665
2021-04-26,31457.831955838934,69091.54717511761,84306.98964164835,24182041.51129116,88748092.34643856
2021-04-27,30881.39822342084,74981.6178070202,82762.14723876787,26243566.232457068,96313888.07311743
2021-04-28,31456.021155737795,72868.84556880227,84302.1366973773,25504095.94908079,93600032.1331265
2021-04-29,24950.36129765741,73012.17421393088,66866.96827772187,25554260.974875804,93784137.7777942
2021-04-30,30267.83913601159,63951.08905936561,81117.80888451106,22382881.17077796,82145173.89675511
2021-05-01,33337.79646759603,65228.60038142722,89345.29453315737,22830010.133499525,83786137.18994325
2021-05-02,29060.496428599825,79504.87619768787,77882.13042864754,27826706.669190757,102124013.47593008
2021-05-03,26625.930867061277,64259.03985881132,71357.49472372423,22490663.95058396,82540736.69864313
2021-05-04,30942.709877090776,74249.05925016821,82926.46247060328,25987170.73755887,95372916.60684106
2021-05-05,31643.790040115848,75931.48537021352,84805.35730751048,26576019.879574727,97533992.95803925
2021-05-06,29202.862276755728,65939.92322897019,78263.67090170535,23078973.130139567,84699831.38761221
2021-05-07,28958.08599197306,63275.31674098165,77607.6704584878,22146360.859343577,81277144.35379092
2021-05-08,30285.991329271532,73004.7836029743,81166.4567624477,25551674.261041008,93774644.53802049
2021-05-09,28351.932452114746,75730.5200166133,75983.17897166753,26505682.005814657,97275852.96133979
2021-05-10,28697.31897137904,62595.694722978114,76908.81484329584,21908493.15304234,80404169.87166539
2021-05-11,31799.3891884204,61278.231993516,85222.36302496667,21447381.197730597,78711888.99567129
2021-05-12,27333.591620049086,68362.9469524566,73254.02554173155,23927031.433359805,87812205.36043048
2021-05-13,29348.269510273036,67009.60267790518,78653.36228753174,23453360.937266808,86073834.63976918
2021-05-14,24888.59309543859,70128.92007631403,66701.42949577543,24545122.02670991,90080597.83802538
2021-05-15,28640.095944063676,68574.76184266627,76755.45713009065,24001166.644933194,88084281.58690482
2021-05-16,26240.98199890355,66642.42346113398,70325.83175706152,23324848.21139689,85602192.93582658
2021-05-17,27659.96429172233,53164.50786744265,74128.70430181584,18607577.753604926,68289810.35573007
2021-05-18,25433.39432469394,64321.96570540656,68161.49679017976,22512687.996892296,82621564.94859472
2021-05-19,27084.928579133295,65424.57862221998,72587.60859207723,22898602.517776992,84037871.24024156
2021-05-20,28844.651657973685,67592.56500630455,77303.66644336948,23657397.75220659,86822649.75059818
2021-05-21,24762.621044991178,55653.607459531595,66363.82440057636,19478762.61083606,71487058.78176834
2021-05-22,28996.518650834958,62723.724392028955,77710.6699842377,21953303.537210133,80568623.98156118
2021-05-23,26021.557621101856,55090.55478963616,69737.77442455298,19281694.176372655,70763817.62728764
2021-05-24,22802.71663790415,55719.05190454093,61111.28058958312,19501668.166589327,71571122.17138283
2021-05-25,26681.843896541403,55303.94357360476,71507.34164273096,19356380.250761665,71037915.5202953
2021-05-26,24220.631811672414,62516.453540522016,64911.29325528207,21880758.739182703,80302384.57280052
2021-05-27,21138.990450479752,59796.877054979595,56652.49440728574,20928906.969242856,76809088.57712127
2021-05-28,24585.59111550329,58924.26966088032,65889.38418954883,20623494.381308112,75688224.37940077
2021-05-29,25017.3029135813,59245.42943219814,67046.37180839789,20735900.30126935,76100754.1056585
2021-05-30,24802.164209810533,48222.743937007515,66469.80008229223,16877960.37795263,61942114.587086156
2021-05-31,24943.508669690902,50778.07730086658,66848.60323477162,17772327.0553033,65224440.29296312
2021-06-01,22966.814964647245,55338.390698273695,61551.06410525462,19368436.744395792,71082162.85193256
2021-06-02,24428.738289125748,57138.96873124562,65469.01861485701,19998639.055935968,73395005.335285
2021-06-03,25791.757387086673,56469.606428714535,69121.90979739229,19764362.250050087,72535209.45768382
2021-06-04,24263.30796387598,48136.32145102119,65025.66534318763,16847712.507857416,61831104.90383671
2021-06-05,21316.225856070887,52166.67689134555,57127.48529426998,18258336.911970943,67008096.46693336
2021-06-06,24682.064784716073,51746.726460637066,66147.93362303908,18111354.26122297,66468670.138688296
2021-06-07,21881.38184054166,49770.24766025646,58642.103332651655,17419586.68108976,63929883.11959942
2021-06-08,23331.909487196375,48821.94242053151,62529.51742568629,17087679.84718603,62711785.039172724
2021-06-09,22020.763704748613,53637.67355766216,59015.646728726286,18773185.745181754,68897591.68481703
2021-06-10,26929.176636805692,44912.061689625625,72170.19338663926,15719221.59136897,57689543.24032412
2021-06-11,23583.17020300159,41382.600945473925,63202.896144044265,14483910.330915872,53155950.91446125
2021-06-12,25261.212555582606,52895.60561587322,67700.04964896139,18513461.965555623,67944405.41358913
2021-06-13,21126.19484892091,53005.96697566599,56618.20219510804,18552088.441483095,68086164.58024296
2021-06-14,26263.618495313145,49866.249912868865,70386.49756743923,17453187.469504103,64053198.01308006
2021-06-15,20910.155140049937,48395.86695982948,56039.21577533383,16938553.435940318,62164491.10990097
2021-06-16,23269.91628608558,50491.18389828438,62363.375646709355,17671914.36439953,64855925.71734627
2021-06-17,22429.177010035004,45078.72938020867,60110.19438689382,15777555.283073034,57903627.88887803
2021-06-18,19958.097071293,40487.67663435849,53487.70015106524,14170686.82202547,52006420.636833474
2021-06-19,21594.463674249633,40802.58954932695,57873.16264698902,14280906.34226443,52410926.27611046
2021-06-20,18128.94406784168,48295.62659914043,48585.570101815705,16903469.309699148,62035732.36659587
2021-06-21,24969.841678360684,44236.221061339835,66919.17569800664,15482677.37146894,56821425.953291014
2021-06-22,19659.69622128116,35685.237280013476,52687.98587303351,12489833.048004717,45837687.28617731
2021-06-23,22580.486686008073,37214.99158779623,60515.70431850164,13025247.055728678,47802656.69452424
2021-06-24,20439.66267949115,53284.13654972088,54778.29598103629,18649447.79240231,68443473.39811647
2021-06-25,19826.891428548024,45388.92090871185,53136.06902850871,15886122.318049146,58302068.90724036
2021-06-26,18876.75290388176,42672.61109152835,50589.69778240312,14935413.88203492,54812968.947068155
2021-06-27,16340.122740569706,28898.245017486915,43791.528944726815,10114385.75612042,37119795.72496194
2021-06-28,19451.490326013874,36581.68671993108,52129.994073717186,12803590.351975877,46989176.59175146
2021-06-29,16168.823087527775,36070.73258333267,43332.44587457444,12624756.404166432,46332856.0032908
2021-06-30,20376.7405394066,33375.59640523108,54609.66464560969,11681458.741830878,42870953.58251932
2021-07-01,19263.732592621494,37976.320046590285,51626.80334822561,13291712.016306598,48780583.099845216
2021-07-02,16546.19660015346,42437.60289322668,44343.80688841127,14853161.012629336,54511100.916349664
2021-07-03,20568.194334733194,37935.587389044726,55122.76081708496,13277455.586165654,48728262.001227945
2021-07-04,20828.22273197216,38330.43741575697,55819.63692168539,13415653.095514938,49235446.860539824
2021-07-05,19137.073702692338,39269.143796703014,51287.35752321547,13744200.328846052,50441215.20686501
2021-07-06,16234.776666405885,30180.102438709433,43509.20146596777,10563035.853548301,38766341.582522266
2021-07-07,19409.16630466272,25755.595197986288,52016.565696496094,9014458.3192952,33083062.031813383
2021-07-08,17189.291413635816,27483.22289899666,46067.30098854399,9619128.01464883,35302199.813761204
2021-07-09,19115.825475620106,32594.346646173573,51230.41227466189,11408021.32616075,41867438.26700995
2021-07-10,14368.325592032288,30245.08871434512,38507.11258664654,10585781.050020792,38849816.453576304
2021-07-11,16742.607529556775,33908.33256360512,44870.188179212164,11867916.397261793,43555253.17795078
2021-07-12,21338.82397565074,28837.244999292405,57188.04825474398,10093035.74975234,37041441.20159109
2021-07-13,19176.62830320019,29586.328199381365,51393.363852576505,10355214.869783478,38003638.57210536
2021-07-14,17131.34740541774,29697.906253867804,45912.01104651954,10394267.188853731,38146960.583093196
2021-07-15,17600.23188511862,35882.72456419504,47168.621452117906,12558953.597468264,46091359.70270853
2021-07-16,12824.38902010313,31476.30148696115,34369.36257387639,11016705.520436402,40431309.26000159
2021-07-17,14773.92482482704,33099.22763814368,39594.11853053647,11584729.673350288,42515957.901195556
2021-07-18,17707.919866881643,32539.601972360444,47457.22524324281,11388860.690326154,41797118.73349699
2021-07-19,17995.975605047322,31166.45276820807,48229.21462152683,10908258.468872825,40033308.580763265
2021-07-20,16115.736154244942,30123.854122325676,43190.172893376446,10543348.942813987,38694090.62012733
2021-07-21,12695.331716125991,28587.063173797196,34023.48899921766,10005472.110829018,36720082.64674249
2021-07-22,18644.046367866165,31927.530989161904,49966.044265881326,11174635.846206667,41010913.55557847
2021-07-23,16188.102856507187,48360.42272366088,43384.115655439266,16926147.953281306,62118962.98854239
2021-07-24,14437.700307677185,21262.104431021584,38693.03682457486,7441736.550857553,27311173.14164722
2021-07-25,15447.325190973335,25657.770712794772,41398.831511808545,8980219.74947817,32957406.480584886
2021-07-26,16115.365047289506,24899.575435144776,43189.17832673588,8714851.40230067,31983504.64644346
2021-07-27,14154.191516559336,27079.205291745235,37933.23326437902,9477721.852110831,34783239.19724675
2021-07-28,14418.784965925088,33861.113307476226,38642.34370867924,11851389.657616677,43494600.0434532
2021-07-29,11559.332244358142,31437.31866293844,30979.010414879824,11003061.532028453,40381235.822544426
2021-07-30,14490.296861132058,32881.81488524052,38833.99558783392,11508635.209834183,42236691.22009145
2021-07-31,13327.407532201802,29981.64729864027,35717.452186300834,10493576.554524094,38511425.95510343
2021-08-01,16970.728842934936,36227.772751695724,45481.55329906563,12679720.463093502,46534574.09955315
2021-08-02,13720.19271464014,39213.68219576826,36770.116475235576,13724788.76851889,50369974.78046432
2021-08-03,12193.865762783998,38054.06488125523,32679.560244261116,13318922.70843933,48880446.33997234
2021-08-04,14198.53099909343,38614.6382613053,38052.06307757039,13515123.391456855,49600502.84664666
2021-08-05,11552.932396003736,29228.04849065424,30961.858821290014,10229816.971728984,37543428.28624537
2021-08-06,12970.095891525843,43371.7271116118,34759.85698928926,15180104.48906413,55710983.474865355
2021-08-07,14342.553614785553,30425.511771304544,38438.043687625286,10648929.11995659,39081569.87024069
2021-08-08,13482.00254643698,39681.530025872155,36131.76682445111,13888535.509055253,50970925.318232775
2021-08-09,11802.309124479012,35027.14406692493,31630.188453603754,12259500.423423724,44992366.55396507
2021-08-10,14384.07443129714,29415.05640153231,38549.319475876335,10295269.740536308,37783639.94776825
2021-08-11,11601.516978301759,43759.35538588665,31092.065501848716,15315774.385060327,56208891.9931714
2021-08-12,12600.178204578684,40611.120436776415,33768.47758827088,14213892.152871745,52164984.2010393
2021-08-13,10283.79979944458,33226.44125170511,27560.583462511473,11629254.438096788,42679363.78781521
2021-08-14,15836.474509122423,32209.054788492347,42441.7516844481,11273169.175972322,41372530.875818424
2021-08-15,11112.31788508764,32766.729763532105,29781.011932034875,11468355.417236237,42088864.38125699
2021-08-16,15074.367865611699,39340.76704867906,40399.305879839354,13769268.46703767,50533215.27402825
2021-08-17,10525.285508410103,39625.523469595595,28207.76516253908,13868933.214358458,50898984.89669554
2021-08-18,14852.950283677097,28519.80825741301,39805.90676025462,9981932.890094554,36633693.706647016
2021-08-19,12157.590000912773,38450.39487497759,32582.341202446234,13457638.206242155,49389532.21690871
2021-08-20,11319.325797693815,47481.13643471275,30335.793137819426,16618397.752149463,60989519.750388525
2021-08-21,8497.280917174794,34458.58846269454,22772.712858028448,12060505.961943088,44262056.88033113
2021-08-22,12122.316268135379,40895.656837479226,32487.807598602816,14313479.893117728,52530471.20774206
2021-08-23,11245.843882776166,36004.0929990205,30138.861605840124,12601432.549657172,46247257.45724182
2021-08-24,9401.504940552783,34565.77860558992,25196.03324068146,12098022.51195647,44399742.61888024
2021-08-25,9282.67108201238,42191.54239128781,24877.558499793184,14767039.836950732,54195036.20160919
2021-08-26,11531.698193015349,39886.00479251412,30904.951157281135,13960101.67737994,51233573.15598438
2021-08-27,10776.407015598232,37664.01676523402,28880.770801803264,13182405.867831904,48379429.53494309
2021-08-28,12557.016802369742,43116.832599001005,33652.805030350915,15090891.40965035,55383571.47341678
2021-08-29,10095.35521556398,37631.904815677044,27055.55197771147,13171166.685486965,48338181.73573716
2021-08-30,8936.77604733289,41251.7114834312,23950.55980685215,14438099.019200921,52987823.40046738
2021-08-31,16319.89342343383,39128.77103881971,43737.31437480267,13695069.863586897,50260906.39936391
2021-09-01,11009.93120164376,48296.90381958382,29506.61562040528,16903916.336854335,62037372.956255406
2021-09-02,11498.36677863794,49392.977309885944,30815.622966749677,17287542.05846008,63445279.35454849
2021-09-03,8063.023605158164,39303.13613187595,21608.90326182388,13756097.646156583,50484878.36139466
2021-09-04,12535.330645307396,57906.34829092007,33594.686129423826,20267221.901822023,74380704.37968682
2021-09-05,7877.869299293312,44911.088984456415,21112.68972210608,15718881.144559743,57688293.800534256
2021-09-06,12461.405250472098,47099.714000419684,33396.566071265224,16484899.900146889,60499582.63353908
2021-09-07,9799.40167306126,50520.2709826066,26262.39648380418,17682094.843912307,64893288.07715817
2021-09-08,10616.906070587556,52888.011700746065,28453.308269174653,18510804.095261123,67934651.02960832
2021-09-09,10591.248185149552,48580.79920093857,28384.545136200803,17003279.7203285,62402036.57360559
2021-09-10,11014.180642450823,59175.999858030176,29518.00412176821,20711599.95031056,76011571.81763975
2021-09-11,8275.366636173509,56108.61369718682,22177.982584945003,19638014.794015385,72071514.29403646
2021-09-12,12617.447211345027,41091.99980600772,33814.75852640467,14382199.9321027,52782673.75081691
2021-09-13,11685.77748458101,42919.45763306452,31317.88365867711,15021810.171572583,55130043.329671375
2021-09-14,9942.509657833883,61361.61006619881,26645.92588299481,21476563.52316958,78818988.13003236
2021-09-15,9792.824605903821,46623.67892815544,26244.76994382224,16318287.624854403,59888115.583215654
2021-09-16,7806.913052059659,57243.545616276504,20922.526979519887,20035240.965696774,73529334.34410717
2021-09-17,7023.735654458932,56023.28118678401,18823.61155394994,19608148.415374402,71961904.68442406
2021-09-18,11331.500336877205,53264.27363735199,30368.420902830912,18642495.773073196,68417959.48717862
2021-09-19,13083.02124415234,62212.56584501061,35062.49693432827,21774398.045753714,79912040.82791613
2021-09-20,10075.299668887228,51386.60029676541,27001.803112617774,17985310.103867892,66006088.08119516
2021-09-21,9238.326002021573,50691.00006847878,24758.713685417817,17741850.02396757,65112589.58796099
2021-09-22,7078.3364251608555,61684.68505711871,18969.941619431094,21589639.769991547,79233977.95586897
2021-09-23,10917.139707091643,59422.37254672222,29257.934415005606,20797830.391352776,76328037.53626469
2021-09-24,8844.104483000905,53474.54971267514,23702.200014442427,18716092.3994363,68688059.10593122
2021-09-25,11868.393112247843,58128.53981659078,31807.29354082422,20344988.935806774,74666109.39441086
2021-09-26,9686.151673216835,56887.367039273566,25958.88648422112,19910578.463745747,73071822.96194689
2021-09-27,14133.519915196464,58015.043647775055,37877.83337272653,20305265.27672127,74520323.56556706
2021-09-28,10297.466389178657,65026.594917398324,27597.2099229988,22759308.22108941,83526661.17139813
2021-09-29,12702.716591007069,55548.72945364288,34043.28046389895,19442055.308775008,71352342.98320428
2021-09-30,7734.151526320464,63337.08989422283,20727.526090538842,22167981.46297799,81356491.96912922
2021-10-01,8127.22892665847,64369.45133992454,21780.973523444703,22529307.96897359,82682560.24613307
2021-10-02,10166.014740329829,57243.7307554795,27244.919504083944,20035305.764417823,73529572.1554134
2021-10-03,7244.565205857101,63564.85199847209,19415.434751697034,22247698.19946523,81649052.39203739
2021-10-04,12354.577213543871,69895.39034762255,33110.26693229758,24463386.621667895,89780628.90152118
2021-10-05,11972.82444434285,72445.87455623863,32087.16951083884,25356056.09468352,93056725.86748852
2021-10-06,10738.26759968878,66508.0865019777,28778.55716716593,23277830.27569219,85429637.11179034
2021-10-07,13807.71871983755,66582.03358296085,37004.68616916464,23303711.754036296,85524622.1373132
2021-10-08,7513.888581166482,72246.31603969543,20137.221397526173,25286210.613893397,92800392.95298876
2021-10-09,10109.98068208134,69166.69522142372,27094.74822797799,24208343.327498306,88844620.01191878
2021-10-10,9125.46507582824,68067.09996520792,24456.246403219688,23823484.98782277,87432189.90530957
2021-10-11,12677.159125315906,75031.04121224149,33974.78645584663,26260864.424284518,96377372.43712418
2021-10-12,8640.732950445145,70547.87168785074,23157.16430719299,24691755.09074776,90618741.18304427
2021-10-13,9775.81711734357,66182.96596883214,26199.189874480766,23164038.08909125,85012019.78696488
2021-10-14,10441.540874470153,77991.69623881082,27983.32954358001,27297093.683583785,100180333.81875248
2021-10-15,14324.029113834935,68968.4663508644,38388.39802507763,24138963.22280254,88589995.02768531
2021-10-16,14098.729984804697,69787.51450767882,37784.59635927659,24425630.077687588,89642062.38511345
2021-10-17,12797.49636087378,75701.66174790368,34297.29024714173,26495581.611766286,97238784.51518227
2021-10-18,11481.8705300343,65636.36630214701,30771.413020491927,22972728.205751453,84309912.51510783
2021-10-19,13548.996098953254,70693.35178606558,36311.30954519472,24742673.12512295,90805610.36920123
2021-10-20,5675.236733481178,70060.68177248166,15209.634445729558,24521238.62036858,89992945.73675269
2021-10-21,14351.106249486518,67193.62931242812,38460.96474862387,23517770.259349838,86310216.8518139
2021-10-22,10058.206772491985,64886.2992565725,26955.994150278522,22710204.739800375,83346451.39506738
2021-10-23,13651.278048400254,72539.7230694746,36585.42516971268,25388903.074316107,93177274.28274012
2021-10-24,10105.858497568704,76685.2299331516,27083.700773484128,26839830.47660306,98502177.84913324
2021-10-25,12629.318749239432,71068.50159203954,33846.57424796168,24873975.55721384,91287490.29497479
2021-10-26,11105.070667865013,76181.02114462662,29761.589389878238,26663357.400619313,97854521.66027288
2021-10-27,10431.520541287293,71815.7573968638,27956.475050649948,25135515.08890233,92247340.37627155
2021-10-28,10525.219125811303,74306.51581920145,28207.587257174295,26007280.536720507,95446719.56976426
2021-10-29,9138.995947179075,63283.83359281011,24492.509138439924,22149341.75748354,81288084.24996458
2021-10-30,10988.976349609142,74574.98497473067,29450.456616952502,26101244.741155732,95791568.20004153
2021-10-31,10646.365799921123,60573.8044548506,28532.26034378861,21200831.55919771,77807051.8222556
2021-11-01,10115.08673754155,64162.2929450555,27108.432456611354,22456802.530769423,82416465.28792378
2021-11-02,9404.672721974881,63323.383071928874,25204.52289489268,22163184.075175103,81338885.55589263
2021-11-03,10744.240129825774,57246.21696411044,28794.563547933074,20036175.937438652,73532765.69039986
2021-11-04,11086.78472982758,70990.21079546883,29712.583075937913,24846573.778414086,91186925.76677969
2021-11-05,12997.004681873608,70913.79279450698,34831.972547421276,24819827.47807744,91088766.8445442
2021-11-06,12793.493786267843,62498.32464970042,34286.56334719782,21874413.62739515,80279098.01254019
2021-11-07,13589.596813061258,59557.973934247435,36420.11945900418,20845290.8769866,76502217.51854083
2021-11-08,14933.396495222507,62339.86208904488,40021.50260719632,21818951.731165707,80075552.85337815
2021-11-09,10402.190772268794,66212.63589000433,27877.87126968037,23174422.561501514,85050130.80071056
2021-11-10,12171.769022653214,63796.54543763283,32620.340980710615,22328790.903171487,81946662.61463936
2021-11-11,11383.720982067884,58810.305748811545,30508.37223194193,20583607.012084037,75541837.73434842
2021-11-12,13732.529263567814,67879.80715166661,36803.178426361745,23757932.50308331,87191612.28631575
2021-11-13,13543.29050051121,60521.620118953404,36296.018541370046,21182567.04163369,77740021.04279564
2021-11-14,13809.675941441137,58786.64148294076,37009.93152306225,20575324.519029263,75511440.9848374
2021-11-15,14599.478740792665,61817.83853255287,39126.603025324344,21636243.486393504,79405013.59506416
2021-11-16,12821.184325962737,65484.91960534192,34360.77399358014,22919721.86186967,84115379.23306169
2021-11-17,11744.406317483965,63968.441017986115,31475.008930857028,22388954.35629514,82167462.48760316
2021-11-18,17384.11860077198,64451.89787516462,46589.43785006891,22558164.256307617,82788462.82064895
2021-11-19,13053.373367909151,63010.42350735063,34983.040625996524,22053648.22757272,80936888.99519189
2021-11-20,10576.600462483262,61604.13170952105,28345.289239455145,21561446.098332364,79130507.18087977
2021-11-21,13633.973347318737,61290.270868160485,36539.048570814215,21451594.803856168,78727352.93015213
2021-11-22,9978.356664102062,50254.456503738955,26741.99585979353,17589059.776308633,64551849.37905268
2021-11-23,10487.354566976257,59096.61677536267,28106.11023949637,20683815.87137693,75909604.24795334
2021-11-24,15086.705556124389,51108.3515102156,40432.37089041337,17887923.02857546,65648677.51487194
2021-11-25,17441.164206081143,55135.62518775656,46742.320072297465,19297468.815714795,70821710.5536733
2021-11-26,13660.494885141414,59079.55766909471,36610.12629217899,20677845.184183147,75887691.82595214
2021-11-27,18099.266080974718,60037.778966714315,48506.033097012245,21013222.63835001,77118527.08274454
2021-11-28,15983.09694796229,62801.41293251926,42834.69982053894,21980494.526381742,80668414.911821
2021-11-29,13592.375646362278,60734.242416042245,36427.5667322509,21256984.845614783,78013134.38340625
2021-11-30,13937.373006379847,59803.27401439193,37352.15965709799,20931145.905037172,76817305.47148642
2021-12-01,14909.811041023491,53142.18999982848,39958.29358994296,18599766.499939967,68261143.05477968
2021-12-02,15883.20348579856,56912.915960326834,42566.98534194014,19919520.58611439,73104640.55103981
2021-12-03,18333.61074063502,47145.69146821479,49134.07678490186,16500992.013875175,60558640.690921895
2021-12-04,16574.704236314607,44495.48083270251,44420.207353323145,15573418.291445877,57154445.129606366
2021-12-05,12940.391907137497,52179.069187317175,34680.25031112849,18262674.21556101,67024014.371108904
2021-12-06,17995.038279483128,45321.28665652737,48226.702589014785,15862450.329784578,58215192.7103094
2021-12-07,18512.32608679913,45670.969507132904,49613.03391262167,15984839.327496516,58664360.33191221
2021-12-08,18967.352442065843,46856.95236204354,50832.50454473646,16399933.32671524,60187755.30904493
2021-12-09,20716.756536235094,52403.9657097476,55520.907517110056,18341387.99841166,67312893.9541708
2021-12-10,17528.446397551797,42568.50664703338,46976.23634543882,14898977.326461682,54679246.78811437
2021-12-11,19526.348979331946,49563.71688104722,52330.615264609616,17347300.908366527,63664594.33370516
2021-12-12,16662.021358424343,38382.937675943955,44654.21724057724,13434028.186580384,49302883.44475001
2021-12-13,19624.51238980655,37995.57464998545,52593.69320468156,13298451.127494905,48805315.6379063
2021-12-14,21966.91674694433,49819.42033941406,58871.336881810814,17436797.11879492,63993045.425977364
2021-12-15,21030.603532150788,55967.31469600879,56362.017466164114,19588560.143603075,71890015.72702329
2021-12-16,18055.09087665499,30655.52572876669,48387.64354943538,10729434.005068341,39377022.798600815
2021-12-17,20724.443198096826,39554.128827400265,55541.507770899494,13843945.089590093,50807278.47879564
2021-12-18,17904.048094221824,35696.01171657284,47982.84889251449,12493604.100800492,45851527.04993781
2021-12-19,21675.412506641638,40691.201956266465,58090.105517799595,14241920.684693262,52267848.91282427
2021-12-20,18470.827732000016,43380.03913450799,49501.818321760045,15183013.697077796,55721660.26827551
2021-12-21,18134.747909832964,47263.17155260344,48601.124398352345,16542110.043411203,60709543.85931911
2021-12-22,17696.363163102433,34969.47044417514,47426.25327711452,12239314.655461298,44918284.785542965
2021-12-23,19531.19194646302,39857.32772552175,52343.59441652089,13950064.703932611,51196737.463432685
2021-12-24,16825.250552269234,30893.22874223508,45091.671480081546,10812630.059782278,39682352.31940096
2021-12-25,19497.05224264059,35285.71253448776,52252.10001027679,12349999.387070714,45324497.75054952
2021-12-26,19825.564647534535,42799.21284319718,53132.51325539256,14979724.495119013,54975588.89708678
2021-12-27,19389.989109050854,32030.299359978053,51965.17081225629,11210604.775992319,41142919.52789181
2021-12-28,20259.291739110027,27943.358338635473,54294.901860814876,9780175.418522416,35893243.78597727
2021-12-29,19996.285088578144,34289.38838317546,53590.04403738943,12001285.934111409,44044719.37818887
2021-12-30,19468.007963533302,30430.529327006847,52174.26134226925,10650685.264452396,39088014.920540296
2021-12-31,16819.288547415097,33835.08483987519,45075.69330707246,11842279.693956316,43461166.47681968
2022-01-01,21090.542823186064,31289.949253419003,56522.65476613866,10951482.238696652,40191939.81601671
2022-01-02,22859.922275119032,36393.18818862144,61264.59169731901,12737615.866017504,46747050.22828424
2022-01-03,20891.955350753782,35252.71426972471,55990.44034002014,12338449.99440365,45282111.479461394
2022-01-04,20069.864225217272,30950.440451328715,53787.23612358229,10832654.157965051,39755840.75973174
2022-01-05,18947.17503342076,35698.02998034965,50778.42908956764,12494310.493122378,45854119.50975913
2022-01-06,23655.76751606729,31319.476370406694,63397.456943060344,10961816.729642343,40229867.3977874
2022-01-07,21159.270674269654,37439.42360703292,56706.845407042674,13103798.26246152,48090939.62323378
2022-01-08,22608.320038241385,32442.587268672665,60590.29770248692,11354905.544035431,41672503.34661003
2022-01-09,24629.719896897528,38137.76994886981,66007.64932368539,13348219.482104432,48987965.499323264
2022-01-10,22772.162235098513,28940.571842935682,61029.39479006402,10129200.145027488,37174164.53225088
2022-01-11,23798.562209205433,30823.628466705737,63780.146720670564,10788269.963347007,39592950.76548351
2022-01-12,21847.295201376503,32007.290601005552,58550.75113968903,11202551.710351942,41113364.77699163
2022-01-13,21728.965268888536,27757.23961867079,58233.62692062128,9715033.866534775,35654174.29018262
2022-01-14,22208.579564516695,30796.311150551053,59518.993232904744,10778708.90269287,39557861.67288283
2022-01-15,19585.99988644714,27383.2570899828,52490.47969567835,9584139.98149398,35173793.7320829
2022-01-16,21723.792831584557,28220.216949851623,58219.764788646615,9877075.932448069,36248868.67208441
2022-01-17,21354.390632246716,36085.54889236427,57229.7668944212,12629942.112327494,46351887.5522419
2022-01-18,21927.11976167044,30240.066727056343,58764.68096127678,10584023.35446972,38843365.710903876
2022-01-19,24909.09416910412,31499.58583291903,66756.37237319905,11024855.041521661,40461218.0023845
2022-01-20,24703.007914753864,41363.350777164844,66204.06121154036,14477172.772007696,53131224.07326824
2022-01-21,27472.960112924382,31041.11459374505,73627.53310263735,10864390.107810767,39872311.695665516
2022-01-22,25784.271808228812,26282.49401318257,69101.84844605322,9198872.904613899,33759863.55993301
2022-01-23,20756.503868315758,34112.86799747884,55627.430367086235,11939503.799117595,43817978.94276157
2022-01-24,23553.90338680973,28853.02641563627,63124.46107665008,10098559.245472694,37061712.430884786
2022-01-25,24063.903775364193,26187.616514598933,64491.26211797604,9165665.780109625,33637993.41300233
2022-01-26,28684.708771966165,18170.829299838275,76875.01950886933,6359790.254943396,23340430.23564226
2022-01-27,24393.04773002215,35167.69765210105,65373.36791645936,12308694.178235369,45172907.6341238
2022-01-28,22817.63066357791,43087.94099395536,61151.25017838881,15080779.347884374,55346460.20673565
2022-01-29,26518.780623432995,29461.835846536997,71070.33207080043,10311642.546287948,37843728.14487677
2022-01-30,23776.723432250485,38059.45553909296,63721.6187984313,13320809.438682534,48887370.6399649
2022-01-31,28003.592677242275,40029.93599925623,75049.6283750093,14010477.59973968,51418452.79104462
2022-02-01,25655.43483025076,27347.291548039182,68756.56534507204,9571552.041813713,35127595.99345633
2022-02-02,23522.268021954154,35844.327557946846,63039.678298837134,12545514.645281395,46042038.74818272
2022-02-03,24591.72832395602,37746.164353645436,65905.83190820213,13211157.523775902,48484948.112257555
2022-02-04,26250.569139675492,23671.550327454013,70351.52529433032,8285042.614608903,30406106.395614676
2022-02-05,25154.243345216557,33448.959191279726,67413.37216518038,11707135.716947902,42965188.0811988
2022-02-06,27764.532731711286,25081.103636426247,74408.94772098625,8778386.272749186,32216677.62098951
2022-02-07,27937.50029956478,32815.84141708451,74872.50080283362,11485544.49597958,42151948.300245054
2022-02-08,28385.339309870316,42903.30793120072,76072.70935045245,15016157.775920251,55109299.037627324
2022-02-09,26501.058537384615,37129.36019674325,71022.83688019078,12995276.068860136,47692663.1727167
2022-02-10,26369.867748759854,30932.619088951804,70671.24556667641,10826416.68113313,39732949.219758585
2022-02-11,25717.410997546718,29418.25737458511,68922.6614734252,10296390.081104789,37787751.59765457
2022-02-12,28668.538497092126,26341.982256287993,76831.6831722069,9219693.789700797,33836276.20820192
2022-02-13,28479.075842656068,40188.732468554794,76323.92325831826,14066056.363994177,51622426.85585863
2022-02-14,33010.912661084665,36600.950699371286,88469.24593170692,12810332.74477995,47013921.173342414
2022-02-15,28425.925739748523,39358.51390644634,76181.48098252605,13775479.867256217,50556011.11283031
2022-02-16,23985.679848935222,34384.48666961016,64281.6219951464,12034570.334363554,44166873.127114244
2022-02-17,28408.115965518635,37230.38767866445,76133.75078758995,13030635.687532555,47822432.97324448
2022-02-18,23699.40174926299,37716.272067644946,63514.39668802482,13200695.22367573,48446551.470889926
2022-02-19,27669.452959298018,39488.37163713912,74154.13393091869,13820930.072998691,50722813.3679052
2022-02-20,28448.733177345024,39566.7235025185,76242.60491528467,13848353.225881474,50823456.33898501
2022-02-21,28295.98113077826,50445.29851517256,75833.22943048574,17655854.48031039,64796985.94273914
2022-02-22,26924.247522266018,40277.77845424744,72156.98335967293,14097222.458986603,51736806.42448083
2022-02-23,26769.07782465913,35280.42675699501,71741.12857008647,12348149.364948252,45317708.16936009
2022-02-24,28123.711146458663,41164.73145036901,75371.54587250922,14407656.007629152,52876097.54799899
2022-02-25,32073.17959458744,51480.32753108778,85956.12131349434,18018114.63588072,66126480.71368224
2022-02-26,29936.914269815617,53408.59517271142,80230.93024310586,18693008.310448997,68603340.49934782
2022-02-27,27987.349637980416,41504.60193202391,75006.09702978752,14526610.676208366,53312661.1816847
2022-02-28,29074.779761299254,45872.38412910941,77920.40976028201,16055334.445188291,58923077.41384103
2022-03-01,29141.59471209395,42990.62170142794,78099.47382841179,15046717.595499776,55221453.57548418
2022-03-02,27803.53021762671,46596.71558569421,74513.4609832396,16308850.454992972,59853481.169824205
2022-03-03,27901.702151274134,48275.79551137336,74776.56176541468,16896528.428980675,62010259.33435907
2022-03-04,30746.65309013353,49206.01625391547,82401.03028155788,17222105.68887041,63205127.87815441
2022-03-05,26291.901351844077,54973.70063606206,70462.29562294213,19240795.222621717,70613718.4670217
2022-03-06,27535.033551876746,52553.22367618792,73793.88991902968,18393628.28666577,67504615.81206338
2022-03-07,29048.37145786845,48881.82763260319,77849.63550708744,17108639.671411116,62788707.594078794
2022-03-08,28840.25826153003,48563.702795258316,77291.89214090048,16997295.97834041,62380076.2405093
2022-03-09,30088.37973775375,46810.39048539891,80636.85769718005,16383636.669889618,60127946.5784949
2022-03-10,28495.84733913408,47527.44746868746,76368.87086887934,16634606.61404061,61049006.27352904
2022-03-11,29194.944299271803,52581.679065819626,78242.45072204844,18403587.67303687,67541166.7600453
2022-03-12,29590.39617176152,43992.673324299,79302.26174032089,15397435.663504649,56508588.88506206
2022-03-13,30943.0614368719,54909.7434073906,82927.4046508167,19218410.192586705,70531565.4067932
2022-03-14,32464.271792387422,61815.68440882247,87004.24840359829,21635489.543087862,79402246.62313245
2022-03-15,31544.239432520495,53916.042497032955,84538.56167915493,18870614.873961534,69255156.58743884
2022-03-16,32182.744269754177,55373.17470679195,86249.7546429412,19380611.14737718,71126842.91087426
2022-03-17,29254.654271172916,49690.40865467693,78402.47344674342,17391643.029136926,63827329.916932516
2022-03-18,33936.637767781416,62601.959466484834,90950.1892176542,21910685.813269693,80412216.93469977
2022-03-19,30042.041036175797,54708.65411074256,80512.66997695115,19148028.938759897,70273266.20524882
2022-03-20,29399.435463655773,57309.079429172816,78790.48704259748,20058177.800210483,73613512.52677247
2022-03-21,31791.362039008676,60687.61721897745,85200.85026454326,21240666.026642106,77953244.31777653
2022-03-22,29765.086421145734,57622.8817789567,79770.43160867057,20168008.622634843,74016591.64506987
2022-03-23,29618.182465174566,60665.06190009599,79376.72900666784,21232771.665033597,77924272.0106733
2022-03-24,29004.55592805982,59952.311067026865,77732.20988720033,20983308.873459402,77008743.565596
2022-03-25,29939.959343398798,60366.10165364623,80239.09104030878,21128135.578776177,77540257.57410857
2022-03-26,29600.482812032373,60489.33327934785,79329.29393624676,21171266.647771746,77698548.5973223
2022-03-27,30560.53327286518,70398.40526115183,81902.2291712787,24639441.841403134,90426751.5579495
2022-03-28,30622.00728787063,59960.12006944421,82066.9795314933,20986042.02430547,77018774.22920108
2022-03-29,26506.1399383718,59566.43475908132,71036.45503483643,20848252.16567846,76513085.44803995
2022-03-30,26368.375334834847,60830.50767010802,70667.2458973574,21290677.684537806,78136787.10225375
2022-03-31,29663.81043810344,70606.55060966894,79499.01197411722,24712292.71338413,90694114.25811975
2022-04-01,27638.401596858446,66295.68461826371,74070.91627958063,23203489.616392296,85156806.89215973
2022-04-02,28799.64737877285,67457.38311349365,77183.05497511124,23610084.089722775,86649008.60928258
2022-04-03,28866.402194476672,62286.515709571206,77361.95788119748,21800280.49834992,80007029.4289442
2022-04-04,31802.764937425425,60759.06911025256,85231.41003230015,21265674.188588396,78045024.27211942
2022-04-05,29014.651217817394,72096.422077099,77759.26526375063,25233747.726984654,92607854.15803368
2022-04-06,29387.119520089807,71486.89353476741,78757.48031384069,25020412.737168595,91824914.74540874
2022-04-07,29452.430466367092,69512.52238881774,78932.51364986382,24329382.83608621,89288835.00843638
2022-04-08,29944.20267598046,64616.060730853744,80250.46317162763,22615621.25579881,82999330.00878163
2022-04-09,32060.86575348147,73647.51961417319,85923.12021933035,25776631.864960615,94600238.94440545
2022-04-10,32363.077293258848,61105.50755622194,86733.04714593371,21386927.644677676,78490024.45596707
2022-04-11,31206.466939611953,70619.97062773882,83633.33139816004,24716989.719708584,90711352.2713305
2022-04-12,29694.662769956172,65441.72816678694,79581.69622348255,22904604.858375426,84059899.8302378
2022-04-13,34624.90501811774,65187.9811269269,92794.74544855554,22815793.394424412,83733961.75753759
2022-04-14,25012.379678374833,72233.25249781099,67033.17753804456,25281638.374233846,92783612.83343822
2022-04-15,30162.801846370294,65795.63911257949,80836.30894827239,23028473.68940282,84514498.44010834
2022-04-16,30674.14177733364,80797.21530180663,82206.69996325416,28279025.35563232,103784023.05517061
2022-04-17,33705.18720103351,80259.74183668675,90329.9016987698,28090909.64284036,103093638.38922411
2022-04-18,27932.254812494582,70377.99518045227,74858.44289748548,24632298.313158292,90400534.80929093
2022-04-19,28243.814906252624,72298.06308880355,75693.42394875704,25304322.081081245,92866862.03756817
2022-04-20,31314.718079574748,74425.80174188981,83923.44445326032,26049030.60966143,95599942.33745745
2022-04-21,29281.77758217996,72678.1941104408,78475.1639202423,25437367.93865428,93355140.3348612
2022-04-22,30637.72368744757,75198.97922592863,82109.0994823595,26319642.729075022,96593088.81570533
2022-04-23,28635.906343817103,76236.48566382779,76744.22900142985,26682769.982339725,97925765.8351868
2022-04-24,27318.6706794036,65574.01305556629,73214.03742080166,22950904.5694482,84229819.76987489
2022-04-25,28360.939783511298,68133.96174055424,76007.31861981028,23846886.609193984,87518073.85574192
2022-04-26,28049.9210430023,72345.50751894909,75173.78839524617,25320927.63163218,92927804.4080901
2022-04-27,27984.0665167562,76403.42810980654,74997.29826490663,26741199.838432286,98140203.40704648
2022-04-28,27851.04420802126,79022.24487150961,74640.79847749698,27657785.705028363,101504073.53745408
2022-04-29,29445.661329679624,60942.87366022821,78914.37236354139,21330005.78107987,78281121.21656312
2022-04-30,30871.288667497513,65545.61119735228,82735.05362889334,22940963.919073295,84193337.58299899
2022-05-01,26796.560856163294,67433.42270288989,71814.78309451764,23601697.94601146,86618231.46186206
2022-05-02,27534.247790410594,63227.58564313971,73791.78407830039,22129654.975098897,81215833.75861295
2022-05-03,23782.043098130594,60223.882804736415,63735.87550299,21078358.981657743,77357577.46268392
2022-05-04,28534.576466622464,66343.33188368533,76472.66493054821,23220166.159289863,85218009.8045938
2022-05-05,26071.629371509265,68658.5947834663,69871.96671564484,24030508.1742132,88191964.99936244
2022-05-06,28711.228124941055,68231.97980426729,76946.09137484203,23881192.93149355,87643978.05858132
2022-05-07,27605.795084955025,62177.11791746667,73983.53082767947,21761991.271113332,79866507.96498592
2022-05-08,24062.215846429484,62845.49764968487,64486.738468431024,21995924.177389704,80725041.73102021
2022-05-09,26258.949803327207,59479.964622656495,70373.98547291692,20817987.61792977,76402014.55780226
2022-05-10,26582.988699819525,66660.05422738266,71242.40971551633,23331018.97958393,85624839.65507302
2022-05-11,29632.03769756251,65179.07845306166,79413.86102946753,22812677.45857158,83722526.2729577
2022-05-12,29372.1421979754,55381.976042299364,78717.34109057407,19383691.61480478,71138148.22633353
2022-05-13,28085.088020623985,62542.539851691894,75268.03589527229,21889888.948092163,80335892.43949823
2022-05-14,29298.39269139283,57478.98831880189,78519.69241293278,20117645.91158066,73831760.49550101
2022-05-15,27422.545493194728,67139.332364063,73492.42192176188,23498766.327422045,86240472.4216389
2022-05-16,28112.024864696286,69089.14915137186,75340.22663738605,24181202.202980153,88745012.08493716
2022-05-17,26798.27389097774,51546.74769989203,71819.37402782035,18041361.694962207,66211797.4205113
2022-05-18,22875.064659211537,63301.17566388067,61305.17328668692,22155411.482358232,81310360.1402547
2022-05-19,27489.544595740423,62548.6849433716,73671.97951658434,21892039.73018006,80343785.80976081
2022-05-20,26772.501171206397,63823.70812855996,71750.30313883314,22338297.844995987,81981553.09113526
2022-05-21,29468.739107034377,58366.9854262757,78976.22080685213,20428444.899196494,74972392.78005113
2022-05-22,28338.48283006614,54982.51524839515,75947.13398457726,19243880.336938303,70625040.83656357
2022-05-23,27209.41878273538,52630.266115449274,72921.24233773083,18420593.140407246,67603576.82529458
2022-05-24,29165.222896580202,51872.402965181784,78162.79736283494,18155341.037813623,66630101.608775996
2022-05-25,30613.637071131016,52466.12695495845,82044.54735063112,18363144.434235454,67392740.07364412
2022-05-26,27188.550573702098,54651.80738034656,72865.31553752163,19128132.583121296,70200246.58005516
2022-05-27,26255.036203928692,54707.47915958726,70363.4970265289,19147617.705855537,70271756.98048982
2022-05-28,26839.93936502259,46354.22405207096,71931.03749826054,16223978.418224836,59542000.79488514
2022-05-29,23792.999327999754,53313.18491280213,63765.23819903935,18659614.719480745,68480786.02049434
2022-05-30,22729.56592100496,50613.44958954201,60915.2366682933,17714707.3563397,65012975.9977667
2022-05-31,25680.749798755765,53182.63474125282,68824.40946066545,18613922.159438483,68313094.32513924
2022-06-01,21880.04057160143,53984.51504220123,58638.50873189183,18894580.26477043,69343109.57170747
2022-06-02,24216.157719024122,53871.50608147516,64899.30268698465,18855027.128516305,69197949.56165484
2022-06-03,21422.820918721638,49300.75947946372,57413.16006217399,17255265.8178123,63326825.55137114
2022-06-04,25610.409730304447,48939.193304819324,68635.89807721593,17128717.65668676,62862393.80004041
2022-06-05,25255.88139173459,56485.49017113312,67685.7621298487,19769921.55989659,72555612.12482047
2022-06-06,25919.039977624285,46766.62589610469,69463.02714003308,16368319.063636642,60071730.96354648
2022-06-07,26678.228215508072,41410.136508687705,71497.65161756164,14493547.778040696,53191320.345409356
2022-06-08,24190.909580708514,49084.828468121275,64831.63767629882,17179689.963842444,63049462.16730177
2022-06-09,21741.98866558003,49457.04591060165,58268.52962375448,17309966.068710577,63527575.47216781
2022-06-10,19521.155781990936,42330.838491971735,52316.69749573571,14815793.472190108,54373962.042937696
2022-06-11,24077.112681477,34814.892270809185,64526.66198635836,12185212.294783216,44719729.1218544
2022-06-12,20442.1818971422,49932.82056276068,54785.0474843411,17476487.19696624,64138708.012866095
2022-06-13,22210.61044730339,37398.88153781935,59524.435998773086,13089608.53823677,48038863.33532895
2022-06-14,23103.41441156809,53715.97704445279,61917.15062300248,18800591.965558473,68998172.51359959
2022-06-15,25614.376571659195,39898.309772544286,68646.52921204665,13964408.4203905,51249378.902833134
2022-06-16,22290.134936767114,53040.97130753115,59737.56163053587,18564339.957635902,68131127.64452375
2022-06-17,18940.2429776619,41493.020477636135,50759.85118013389,14522557.167172646,53297784.80352361
2022-06-18,23295.397440323446,41196.27418048927,62431.66514006684,14418695.963171244,52916614.18483847
2022-06-19,23045.14733107753,39015.88835709414,61760.99484728778,13655560.924982948,50115908.59468742
2022-06-20,24732.18375685917,44958.037346906174,66282.25246838258,15735313.07141716,57748598.97210098
2022-06-21,21251.611080646275,33042.80999943518,56954.31769613202,11564983.499802312,42443489.444274485
2022-06-22,19696.971377251917,39530.16579032672,52787.88329103514,13835558.026614351,50776497.95767467
2022-06-23,21310.789832120186,31299.640660481025,57112.916750082106,10954874.231168358,40204388.42838787
2022-06-24,19787.34857105255,35654.45195711494,53030.09417042084,12479058.18499023,45798143.53891414
2022-06-25,21569.523486901042,33044.58491265187,57806.3229448948,11565604.719428156,42445769.32030133
2022-06-26,16986.38749373195,40077.803102217615,45523.518483201624,14027231.085776165,51479938.08479852
2022-06-27,20877.82834710451,33122.485391711154,55952.57997024009,11592869.887098903,42545832.485652976
2022-06-28,22140.165183302266,29079.08351780474,59335.642691250076,10177679.231231658,37352082.77862018
2022-06-29,19242.968263756025,39662.51268526095,51571.154946866154,13881879.43984133,50946497.54421768
2022-06-30,21375.02263148766,29869.66485956179,57285.060652386936,10454382.700846627,38367584.51210712
2022-07-01,21821.983319174436,38080.64579290993,58482.915295387495,13328226.027518474,48914589.5209928
2022-07-02,16507.536300949498,44354.908373470906,44240.19728654466,15524217.930714814,56973879.80572337
2022-07-03,20588.09563977965,34644.10714997542,55176.096314609465,12125437.502491396,44500355.63414342
2022-07-04,22919.704323675585,41892.40098641181,61424.807587450574,14662340.345244132,53810789.067045964
2022-07-05,17719.558154100847,29734.78640253539,47488.41585299027,10407175.240887387,38194333.13405671
2022-07-06,18180.29909782784,27663.88077009146,48723.20158217861,9682358.26953201,35534254.84918248
2022-07-07,16155.129663462838,33976.234380828035,43295.74749808041,11891682.033289813,43642473.06217361
2022-07-08,18822.107609724622,34269.16776619318,50443.24839406199,11994208.718167612,44018745.99567514
2022-07-09,16494.278145855522,28137.556703598293,44204.665430892805,9848144.846259402,36142691.58577201
2022-07-10,17987.92990062198,29735.00668214439,48207.65213366691,10407252.338750537,38194616.08321447
2022-07-11,18769.7047779082,35167.49459829523,50302.808804793975,12308623.109403329,45172646.81151022
2022-07-12,17873.60059621405,30388.549798791275,47901.24959785366,10635992.429576945,39034092.216547385
2022-07-13,16526.50890437121,28282.456730442755,44291.04386371485,9898859.855654964,36328815.67025372
2022-07-14,18685.19789644171,41147.418529342816,50076.330362463785,14401596.485269984,52853859.10094084
2022-07-15,18931.29056422462,33071.16496545643,50735.85871212198,11574907.73790975,42479911.39812878
2022-07-16,17083.18950747706,28215.811866498665,45782.94788003852,9875534.153274532,36243210.34251753
2022-07-17,11640.06280044806,24884.836064153475,31195.368305200805,8709692.622453716,31964571.924405135
2022-07-18,16734.587669952012,33871.01872028655,44848.694955471394,11854856.552100291,43507323.54620807
2022-07-19,15688.778738757052,30067.779960351727,42045.9270198689,10523722.986123104,38622063.35907179
2022-07-20,11707.904733337878,26244.449852106183,31377.184685345517,9185557.448237164,33710995.83503039
2022-07-21,18155.754259341098,33133.68077997141,48657.42141503414,11596788.272989992,42560212.96187327
2022-07-22,19138.186729612407,36795.899877546995,51290.34043536126,12878564.957141448,47264333.39270911
2022-07-23,14168.867381806826,28302.56518879721,37972.564583242296,9905897.816079022,36354644.98501001
2022-07-24,12776.987819438273,36842.25663674134,34242.327356094574,12894789.822859468,47323878.649894245
2022-07-25,16613.03639991465,32767.276084224617,44522.93755177127,11468546.629478615,42089566.13018651
2022-07-26,14555.171937017121,40665.909974349895,39007.86079120589,14233068.491022462,52235361.36205243
2022-07-27,14347.53028934501,25927.94376409313,38451.38117544463,9074780.317432594,33304443.76497762
2022-07-28,13523.84640989902,32255.378640973875,36243.90837852938,11289382.524340855,41432033.86433094
2022-07-29,13920.824728442505,34624.3921840905,37307.810272225914,12118537.264431676,44475031.76046425
2022-07-30,14303.566877494248,31827.529849122875,38333.55923168459,11139635.447193006,40882462.09119833
2022-07-31,12793.455133004476,34205.897447230076,34286.459756452,11972064.106530527,43937475.27096703
2022-08-01,14738.05248194827,44323.28313037357,39497.980651621365,15513149.09563075,56933257.18096485
2022-08-02,12513.395797731711,35115.20918426939,33535.90073792099,12290323.214494286,45105486.19719403
2022-08-03,14386.975840466659,34250.25006486269,38557.09525245065,11987587.522701941,43994446.208316125
2022-08-04,12222.271719804601,31655.028841563304,32755.688209076332,11079260.094547156,40660884.54698806
2022-08-05,11242.372459923408,31556.515871805976,30129.558192594737,11044780.555132091,40534344.63733477
2022-08-06,12537.582454979552,28979.304774846496,33600.720979345206,10142756.671196273,37223916.98329032
2022-08-07,14157.993016674465,32501.379553207596,37943.42128468757,11375482.843622658,41748022.03609516
2022-08-08,14448.350828863107,32922.458033085655,38721.58022135313,11522860.311579978,42288897.34349852
2022-08-09,14119.342635138433,36579.128626978134,37839.838262171004,12802695.019442348,46985890.72135342
2022-08-10,13898.67212978213,33851.01059564075,37248.44130781611,11847853.708474262,43481623.11010054
2022-08-11,7724.8669285322085,37964.56861172196,20702.64336846632,13287599.014102686,48765488.38175686
2022-08-12,14644.355951841431,39820.55091009449,39246.87395093504,13937192.818533072,51149497.64401638
2022-08-13,12522.236406717837,34597.344041105905,33559.5935700038,12109070.414387066,44440288.42080053
2022-08-14,12179.549475627631,47364.88704862439,32641.192594682052,16577710.467018535,60840197.41395802
2022-08-15,14015.000450344769,44432.71933963725,37560.201206923986,15551451.768873036,57073827.99176404
2022-08-16,8394.794448575502,42967.20226472789,22498.049122182347,15038520.79265476,55191371.30904297
2022-08-17,10202.22017521338,37133.47256391601,27341.95006957186,12996715.397370603,47697945.50835011
2022-08-18,14347.611230657752,37129.5422386493,38451.59809816278,12995339.783527255,47692897.00554503
2022-08-19,13188.0686598796,37005.23597909924,35344.02400847733,12951832.592684735,47533225.61515298
2022-08-20,11568.324258811228,49453.9583242957,31003.109013614092,17308885.413503494,63523609.467557825
2022-08-21,12234.550184135562,38001.75533073832,32788.59449348331,13300614.365758412,48813254.72233337
2022-08-22,12351.911727024793,50862.868254995716,33103.12342842645,17802003.8892485,65333354.273542
2022-08-23,11392.481651744354,49038.06161358615,30531.850826674872,17163321.564755153,62989390.14265141
2022-08-24,11029.454597283848,44172.69552773301,29558.938320720714,15460443.434706554,56739827.40537305
2022-08-25,10640.874556598525,40716.64830582503,28517.54381168405,14250826.907038761,52300534.748832256
2022-08-26,11563.611043740604,48829.07143416513,30990.47759722482,17090175.001957797,62720942.25718511
2022-08-27,16494.83390378599,51419.11240681234,44206.15486214646,17996689.342384316,66047849.88655044
2022-08-28,12543.570450171335,43060.972410397815,33616.76880645918,15071340.343639234,55311819.06115599
2022-08-29,11398.624490540635,43700.50941816284,30548.313634648905,15295178.296356993,56133304.347630166
2022-08-30,11745.471194181115,45343.98309288113,31477.86280040539,15870394.082508394,58244346.28280581
2022-08-31,11243.857894899133,51824.95625028428,30133.539158329677,18138734.6875995,66569156.30349016
2022-09-01,9658.17351268692,60781.3407317169,25883.90501400095,21273469.25610091,78073632.16989034
2022-09-02,8733.043221188498,43907.8126609234,23404.555832785176,15367734.43132319,56399585.36295611
2022-09-03,13292.431845931715,48189.18000749912,35623.717347096994,16866213.00262469,61899001.71963261
2022-09-04,12407.025341729572,52319.24071632812,33250.82791583525,18311734.25071484,67204064.70012346
2022-09-05,12862.266413481126,52005.46702796735,34470.87398812942,18201913.459788572,66801022.39742406
2022-09-06,10183.042261210869,49198.267668113265,27290.55326004513,17219393.68383964,63195174.81969149
2022-09-07,5631.454056318446,49504.99754131797,15092.296870933438,17326749.13946129,63589169.34182293
2022-09-08,14411.335308568414,57273.55836066832,38622.37862696335,20045745.426233914,73567885.71427846
2022-09-09,10460.231030957275,57456.83933619941,28033.4191629655,20109893.767669793,73803310.12734814
2022-09-10,12245.898546132728,63847.28585363091,32819.008103635715,22346550.048770815,82011838.67898889
2022-09-11,14054.343357038046,51629.60683139465,37665.64019686196,18070362.390988126,66318229.97492642
2022-09-12,9639.590172819997,62487.26642962829,25834.101663157595,21870543.2503699,80264893.72885753
2022-09-13,9291.037839083938,65167.44780723345,24899.981408744956,22808606.732531708,83707586.70839137
2022-09-14,12560.759475544119,51641.748321665065,33662.83539445824,18074611.91258277,66333825.719178766
2022-09-15,10098.11858846335,53853.47488433548,27062.95781708178,18848716.209517416,69174788.48892891
2022-09-16,12904.692433616681,58094.00138121273,34584.575722092704,20332900.48342445,74621744.77416773
2022-09-17,10102.357252751663,54719.28763699854,27074.31743737446,19151750.67294949,70286924.96972463
2022-09-18,12079.648452386546,66310.18310076353,32373.457852395943,23208564.08526724,85175430.19293076
2022-09-19,9750.447804931006,56387.38157422822,26131.200117215096,19735583.550979875,72429591.63209614
2022-09-20,10598.359598443865,52580.351290072555,28403.60372382956,18403122.951525394,67539461.23209819
2022-09-21,13215.426683571788,57089.09282518012,35417.343511972394,19981182.488813043,73330939.73394386
2022-09-22,10852.869067675336,64080.965886291444,29085.689101369902,22428338.060202003,82312000.68094134
2022-09-23,14197.86519313834,73439.27388798322,38050.27871761075,25703745.860794123,94332747.30911443
2022-09-24,6540.9852432047555,70147.59465570383,17529.840451788747,24551658.12949634,90104585.33525157
2022-09-25,8826.417132028637,65351.4283053911,23654.79791383675,22872999.906886883,83943909.65827486
2022-09-26,13534.177900790668,66760.86823736315,36271.59677411899,23366303.8830771,85754335.25089295
2022-09-27,13167.206352654575,63708.65290708542,35288.11302511426,22298028.517479897,81833764.65915121
2022-09-28,10310.372400860862,57875.46045866869,27631.798034307114,20256411.160534043,74341028.95915994
2022-09-29,7137.211447885793,70122.87916819303,19127.726680333926,24543007.708867557,90072838.29154393
2022-09-30,13879.504732322892,63929.90256753495,37197.07268262535,22375465.89863723,82117959.84799863
2022-10-01,8350.407797874655,70993.54244648763,22379.09289830408,24847739.856270667,91191205.27251334
2022-10-02,9191.69967266688,58273.61584229945,24633.75512274724,20395765.544804804,74852459.54943363
2022-10-03,9673.597686098232,74056.05502763728,25925.241798743264,25919619.259673048,95125002.68300009
2022-10-04,8854.693948460445,66337.82032625876,23730.579781873992,23218237.114190567,85210930.20907938
2022-10-05,11647.928530121226,65263.596786479546,31216.44846072489,22842258.87526784,83831090.07223298
2022-10-06,12056.1980329102,81650.45357732582,32310.61072819934,28577658.752064034,104880007.620075
2022-10-07,7896.784957049551,69890.5810155402,21163.383684892797,24461703.355439067,89774451.31446138
2022-10-08,7537.2659330148535,73867.37628787392,20199.87270047981,25853581.70075587,94882644.84177405
2022-10-09,8877.537065599878,59914.680124415456,23791.799335807675,20970138.04354541,76960406.61981165
2022-10-10,9270.689328429737,73279.13261281396,24845.447400191697,25647696.414484885,94127045.84115952
2022-10-11,8871.576214411029,76149.49826549082,23775.82425462156,26652324.39292179,97814030.52202296
2022-10-12,7063.818348903334,67956.47055731708,18931.033175060937,23784764.695060976,87290086.43087378
2022-10-13,7777.948106509066,71873.09188138736,20844.900925444297,25155582.158485573,92320986.52164204
2022-10-14,8456.710831700873,72442.35612378,22663.98502895834,25354824.643322997,93052206.4409954
2022-10-15,7747.062820672103,70731.64763474443,20762.12835940124,24756076.672160547,90854801.38682921
2022-10-16,9077.501657946688,68668.55990155385,24327.704443297127,24033995.965543844,88204765.19354591
2022-10-17,7930.637965792148,73670.98955595479,21254.109748322957,25784846.344584174,94630386.08462392
2022-10-18,13286.407363133581,58139.49871398046,35607.571733198,20348824.54989316,74680186.09810789
2022-10-19,10825.966704272265,66006.44033935486,29013.59076744967,23102254.118774198,84785272.6159013
2022-10-20,14407.410216988563,79340.10875625147,38611.85938152935,27769038.064688012,101912369.697405
2022-10-21,11493.629858756187,65259.46668504273,30802.92802146658,22840813.339764956,83825784.95693739
2022-10-22,11187.799949558812,64487.369560501946,29983.30386481762,22570579.34617568,82834026.20046476
2022-10-23,14530.999421425431,62594.99998774505,38943.07844942016,21908249.995710764,80403277.4842585
2022-10-24,9824.291399669743,63777.101005283155,26329.100951114913,22321985.3518491,81921686.2412862
2022-10-25,11949.93185144656,70366.63048468722,32025.81736187678,24628320.669640526,90385936.85758074
2022-10-26,13353.712649128163,71193.15650877867,35787.94989966348,24917604.778072536,91447609.5355262
2022-10-27,9971.55845879975,80128.38196493531,26723.77666958333,28044933.687727354,102924906.63395938
2022-10-28,8117.438277217747,62600.763570350726,21754.73458294356,21910267.249622755,80410680.80611551
2022-10-29,9703.323674176958,60956.845966144414,26004.90744679425,21334896.088150542,78299068.64351249
2022-10-30,10427.343840384914,75065.50751997357,27945.28149223157,26272927.63199075,96421644.40940605
2022-10-31,13195.92321212211,62048.75488328939,35365.074208487255,21717064.209151287,79701625.64758521
2022-11-01,9254.087531525105,67736.66364468442,24800.954584487285,23707832.275639545,87007744.45159712
2022-11-02,10776.83305734854,64066.36027380834,28881.912593694087,22423226.095832918,82293239.7717068
2022-11-03,14771.973608367509,65333.94861853627,39588.88927042492,22866882.016487695,83921457.00050984
2022-11-04,17553.812913651156,61302.48190226316,47044.2186085851,21455868.665792104,78743038.00345702
2022-11-05,11708.600270778808,69490.84516682744,31379.048725687207,24321795.808389604,89260990.61678985
2022-11-06,14658.144130259989,67534.10467099579,39283.826269096775,23636936.634848524,86747557.44989409
2022-11-07,14598.845561152291,68559.95222557022,39124.90610388814,23995983.278949574,88065258.63374494
2022-11-08,12080.711815236551,53722.10689712253,32376.30766483396,18802737.413992886,69006046.30935389
2022-11-09,8216.838778934949,65263.24845384437,22021.127927545665,22842136.958845526,83830642.63896307
2022-11-10,13316.598636108145,72060.51201788259,35688.48434476983,25221179.206258904,92561727.68697017
2022-11-11,15871.463487958368,67366.4735621954,42535.52214772843,23578265.74676839,86532235.29063998
2022-11-12,13155.927294312858,56562.48532304825,35257.88514875846,19796869.863066886,72654512.39745547
2022-11-13,16793.040970938422,69033.90023568795,45005.34980211497,24161865.082490783,88674044.85274117
2022-11-14,15814.545762707501,70558.5103778588,42382.98264405611,24695478.632250573,90632406.58035961
2022-11-15,15080.269278055246,61342.06551973701,40415.12166518806,21469722.93190795,78793883.16010219
2022-11-16,16427.307085195254,64131.91756209365,44025.182988323286,22446171.146732777,82377448.10850929
2022-11-17,16029.612144190924,71636.59582511324,42959.36054643168,25072808.53878963,92017207.33735794
2022-11-18,13522.573176480746,57188.99167354222,36240.4961129684,20016147.085739776,73459259.80466498
2022-11-19,15258.633909958537,66399.25944378464,40893.13887868888,23239740.80532462,85289848.75554135
2022-11-20,14948.004403732755,59711.178243129856,40060.651802003784,20898912.385095447,76699008.4533003
2022-11-21,17865.422120202533,54573.50136022023,47879.33128214279,19100725.47607708,70099662.49720289
2022-11-22,12781.353138808077,61614.74643859704,34254.02641200565,21565161.253508963,79144141.80037789
2022-11-23,12510.561391789553,53899.46396668067,33528.30452999601,18864812.388338234,69233861.46520132
2022-11-24,17105.709917341752,50506.60445923241,45843.3025784759,17677311.560731344,64875733.42788403
2022-11-25,17427.113955125253,61902.44791176534,46704.66539973568,21665856.769117866,79513694.34266257
2022-11-26,16073.036698444514,53517.317653688326,43075.7383518313,18731061.178790912,68742994.52616264
2022-11-27,18268.32760740142,52292.725588335845,48959.11798783581,18302453.955917545,67170006.01821738
2022-11-28,14864.215229021138,48660.01490708799,39836.096813776654,17031005.217480794,62503789.14815451
2022-11-29,15164.446547106209,44650.178353728545,40640.71674624464,15627562.423804991,57353154.09536432
2022-11-30,16733.254806766145,52563.26021600705,44845.12288213327,18397141.075602468,67517507.74746105
2022-12-01,13278.59549326176,51423.122979275366,35586.63592194152,17998093.042746376,66053001.4668792
2022-12-02,15604.993269882594,40811.52380505197,41821.381963285356,14284033.331768189,52422402.32758925
2022-12-03,16671.149711761947,47993.96457124997,44678.68122752202,16797887.599937487,61648247.49177058
2022-12-04,16466.40763425359,51276.32535353003,44129.97245979962,17946713.87373551,65864439.91660932
2022-12-05,15592.833407353084,44530.970074671844,41788.793531706266,15585839.526135143,57200031.06091598
2022-12-06,18376.011470680955,46954.461534148846,49247.71074142496,16434061.536952097,60313005.84061419
2022-12-07,15622.073541892856,49470.85316342337,41867.15709227286,17314798.60719818,63545310.88841732
2022-12-08,17189.970828130045,44749.63924981232,46069.12181938852,15662373.73743431,57480911.61638392
2022-12-09,16328.485440558077,40219.77983753539,43760.34098069565,14076922.943137385,51662307.2013142
2022-12-10,13405.855537789701,46397.70363922392,35927.6928412764,16239196.27372837,59597850.32458312
2022-12-11,14496.803886255462,43069.76026214493,38851.434415164644,15074416.091750724,55323107.05672516
2022-12-12,17980.667466209237,53430.30531869011,48188.18880944076,18700606.861541536,68631227.18185744
2022-12-13,17485.56208795825,42248.607308128805,46861.30639572811,14787012.55784508,54268336.08729144
2022-12-14,17314.82218625871,34141.430044128225,46403.72345917334,11949500.515444878,43854666.89168271
2022-12-15,20415.461821882145,45440.60726431996,54713.43768264415,15904212.542511983,58368460.03101897
2022-12-16,22281.898214708628,39818.02503403396,59715.487215419125,13936308.761911886,51146253.15621662
2022-12-17,17689.74516352534,51757.45329835368,47408.51703824791,18115108.65442379,66482448.7617353
2022-12-18,15440.851620644222,27837.192147325834,41381.48234332652,9743017.25156404,35756873.31324003
2022-12-19,21329.530277932517,37938.75472403816,57163.14114485915,13278564.153413355,48732330.44302701
2022-12-20,20662.33035609357,37849.8736419921,55375.045354330774,13247455.774697235,48618162.69313885
2022-12-21,17968.918882038666,45229.1585215012,48156.702603863625,15830205.482525418,58096854.12086828
2022-12-22,17406.362008986423,41024.818903048945,46649.050184083615,14358686.61606713,52696379.880966365
2022-12-23,21177.277664411988,38474.12999203267,56755.10414062413,13465945.497211434,49420019.974765964
2022-12-24,20444.074907405447,31408.388652606,54790.1207518466,10992936.0284121,40344075.22427241
2022-12-25,20976.455665711183,33604.038205768076,56216.90118410597,11761413.372018827,43164387.0753091
2022-12-26,17640.722378765025,32971.00140677629,47277.13597509027,11539850.4923717,42351251.30700414
2022-12-27,18977.342594375532,32087.1444073323,50859.27815292643,11230500.542566305,41215936.991218336
2022-12-28,20336.815712405736,42747.92446991392,54502.66610924737,14961773.564469872,54909708.98160443
2022-12-29,23262.92097137044,30382.01498275327,62344.62820327278,10633705.243963644,39025698.245346576
2022-12-30,19130.727947624622,41415.41810096921,51270.35089963399,14495396.335339222,53198104.55069494
2022-12-31,20238.88158766742,31816.868672329332,54240.20265494869,11135904.035315266,40868767.80960702
2023-01-01,23347.25405705316,27799.87188972836,62570.64087290247,9729955.161404924,35708935.44235607
2023-01-02,23346.915591367375,32665.157332639345,62569.73378486457,11432805.06642377,41958394.593775235
2023-01-03,23268.876402685997,33985.396167314655,62360.58875919848,11894888.658560129,43654241.37691567
2023-01-04,19043.9592436463,21064.172891319242,51037.81077297209,7372460.511961734,27056930.078899562
2023-01-05,20684.405448234455,27375.97569819876,55434.20660126834,9581591.494369565,35164440.7843363
2023-01-06,23727.79093615425,33759.21079485826,63590.4797088934,11815723.778200392,43363706.265995435
2023-01-07,18101.742983172222,40296.477188213095,48512.67119490156,14103767.015874583,51760824.94825972
2023-01-08,19916.75284212958,26706.37039387434,53376.89761690728,9347229.637856018,34304332.77093159
2023-01-09,17512.066521334855,33252.513013268624,46932.33827717741,11638379.554644018,42712852.965543546
2023-01-10,22222.234673598636,30256.852699458923,59555.588925244345,10589898.444810623,38864927.29245499
2023-01-11,23744.584964984886,24984.29654242739,63635.487706159496,8744503.789849587,32092328.908747982
2023-01-12,22025.37632517853,20902.018848203446,59028.008551478466,7315706.596871206,26848643.210517325
2023-01-13,24822.847310290752,30295.626051860807,66525.23079157922,10603469.118151281,38914731.6636152
2023-01-14,20025.701567138327,30753.98514859139,53668.88019993072,10763894.802006986,39503493.92336564
2023-01-15,22432.43748537484,30410.727332013063,60118.93246080458,10643754.566204572,39062579.25797078
2023-01-16,22883.134449469286,40257.94645661398,61326.80032457769,14090281.259814892,51711332.22352065
2023-01-17,24136.76834526106,17501.246816846375,64686.53916529965,6125436.385896231,22480351.536239166
2023-01-18,26197.05665037593,26413.16556829231,70208.1118230075,9244607.948902307,33927711.17247146
2023-01-19,19367.456364462596,32732.332333893748,51904.78305675976,11456316.31686281,42044680.882886514
2023-01-20,22853.208076364695,24153.346837010547,61246.597644657384,8453671.392953692,31024974.01214005
2023-01-21,23162.684951916013,35046.73364778891,62075.99567113492,12266356.77672612,45017529.37058485
2023-01-22,26966.73159932304,32341.999289187588,72270.84068618575,11319699.751215655,41543298.086961456
2023-01-23,25138.362405144722,35239.05060853626,67370.81124578786,12333667.71298769,45264560.50666482
2023-01-24,25179.115826534176,25009.121159987397,67480.0304151116,8753192.405995589,32124216.13000381
2023-01-25,25819.875933861604,31656.55807669944,69197.2675027491,11079795.326844804,40662848.84952043
2023-01-26,27114.605520586636,25780.62140764862,72667.14279517219,9023217.492677018,33115208.198124655
2023-01-27,21606.98844836364,36612.941140034156,57906.72904161456,12814529.399011953,47029322.894373864
2023-01-28,27588.052311788273,27478.349612266353,73935.98019559258,9617422.364293223,35295940.07695613
2023-01-29,23094.68637847646,32058.00434462262,61893.75949431692,11220301.520617915,41178506.58066775
2023-01-30,23561.8753696352,38808.58595986139,63145.82599062234,13583005.085951487,49849628.66544195
2023-01-31,26693.657191594702,30522.474541769167,71539.00127347381,10682866.089619208,39206118.5489025
2023-02-01,25429.25739246432,23143.36913456418,68150.40981180438,8100179.197097463,29727657.653347686
2023-02-02,22897.68774343152,20144.225052580474,61365.80315239648,7050478.768403165,25875257.080039617
2023-02-03,29490.24870827154,30004.750864665428,79033.86653816774,10501662.802632898,38541102.485662736
2023-02-04,28818.774504320463,33487.54765372666,77234.31567157885,11720641.67880433,43014754.96121189
2023-02-05,26197.407634878215,31268.677885923968,70209.05246147362,10944037.260073388,40164616.74446933
2023-02-06,26675.48030472743,32475.90542831973,71490.28721666952,11366566.899911905,41715300.52267669
2023-02-07,28124.40919300467,33182.94187325795,75373.41663725252,11614029.655640282,42623488.836199835
2023-02-08,28273.659158248916,33309.68973765673,75773.4065441071,11658391.408179853,42786296.46802006
2023-02-09,26851.50719566219,25800.983658854115,71962.03928437468,9030344.28059894,33141363.50979811
2023-02-10,25431.414398447425,36066.42734258494,68156.1905878391,12623249.569904728,46327325.92155035
2023-02-11,25842.386525547365,42940.60446157257,69257.59588846694,15029211.5615504,55157206.430889964
2023-02-12,26462.413640926537,40267.706203666545,70919.26855768313,14093697.17128329,51723868.618609674
2023-02-13,28864.866531137766,40772.410926985845,77357.84230344922,14270343.824445045,52372161.83571331
2023-02-14,28405.201590693232,45595.527712058036,76125.94026305787,15958434.699220313,58567455.346138544
2023-02-15,26724.255170717235,37456.36170254109,71621.0038575222,13109726.59588938,48112696.60691402
2023-02-16,27855.905129459068,45736.36266778077,74653.8257469503,16007726.933723269,58748357.84676439
2023-02-17,26033.811553157593,40813.400581302434,69770.61496246235,14284690.20345585,52424813.04668297
2023-02-18,26238.798444605673,44042.661478590344,70319.97983154321,15414931.51750662,56572798.669249296
2023-02-19,25510.976711947133,37390.06446509567,68369.41758801832,13086522.562783483,48027537.805415384
2023-02-20,26309.203081830274,47214.1115361182,70508.66425930514,16524939.037641369,60646526.268143825
2023-02-21,30835.729612900686,52848.72783036677,82639.75536257385,18497054.74062837,67884190.89810611
2023-02-22,30518.43905918032,52821.838385981486,81789.41667860326,18487643.43509352,67849651.4067932
2023-02-23,24232.041396863362,43951.267169400264,64941.870943593814,15382943.509290092,56455402.679094635
2023-02-24,27869.468590767257,47193.77396835321,74690.17582325626,16517820.888923623,60620402.66234969
2023-02-25,29073.63639999265,42871.64790570193,77917.34555198031,15005076.766995674,55068631.73487412
2023-02-26,28919.75253199917,46355.63895629773,77504.93678575777,16224473.634704202,59543818.23936442
2023-02-27,28447.82190536014,47701.966266578136,76240.16270636518,16695688.193302346,61273175.66941961
2023-02-28,28620.712671774196,46667.17187348883,76703.50996035484,16333510.155721089,59943982.27149639
2023-03-01,25631.234498750106,53383.086351881815,68691.70845665029,18684080.223158635,68570574.41899219
2023-03-02,27439.777630926008,52525.5798423745,73538.60405088171,18383952.944831073,67469107.30753003
2023-03-03,28135.576277558685,42519.36008090991,75403.34442385728,14881776.028318467,54616118.02392877
2023-03-04,30358.70006956174,56169.54902063478,81361.31618642547,19659342.157222174,72149785.71700537
2023-03-05,25318.67900359519,49784.897589722656,67854.0597296351,17424714.156402927,63948700.95399874
2023-03-06,29926.11441931355,52620.82518717703,80201.98664376032,18417288.81551196,67591449.9529289
2023-03-07,28202.871679956068,54087.98032196137,75583.69610228227,18930793.112686478,69476010.72355936
2023-03-08,29030.851892472834,57936.43535350573,77802.6830718272,20277752.373727005,74419351.2115781
2023-03-09,30391.663869779066,60500.17203255046,81449.65917100791,21175060.211392656,77712470.97581105
2023-03-10,25781.31340636025,51965.537784201,69093.91992904547,18187938.224470347,66749733.283806175
2023-03-11,29499.125735095826,63197.69335874016,79057.65697005682,22119192.675559055,81177437.11930174
2023-03-12,29124.10245424596,58073.52986445762,78052.59457737918,20325735.452560164,74595449.1108958
2023-03-13,27471.114999807447,63067.11112676826,73622.58819948396,22073488.894368887,81009704.24233381
2023-03-14,28959.115484752092,57570.8099242178,77610.42949913561,20149783.473476227,73949705.34765776
2023-03-15,33507.561086654816,54501.07160941319,89800.26371223491,19075375.063294616,70006626.48229124
2023-03-16,27795.600672616718,58501.243939244945,74492.20980261281,20475435.378735732,75144847.83996014
2023-03-17,27801.67746164393,72174.65724076127,74508.49559720574,25261130.034266442,92708347.22575784
2023-03-18,30676.8384935304,67825.37694318405,82213.92716266148,23738881.930114415,87121696.6835199
2023-03-19,31316.4229676601,63481.77391271426,83928.01355332907,22218620.86944999,81542338.59088147
2023-03-20,29868.10292497907,65337.70793494834,80046.51583894392,22868197.777231917,83926285.84244113
2023-03-21,29931.877180074043,66377.53053827239,80217.43084259843,23232135.688395336,85261937.97641088
2023-03-22,26458.09089266794,59311.73219628196,70907.68359235009,20759106.268698685,76185920.00612417
2023-03-23,30577.09280722937,53686.346733502076,81946.60872337471,18790221.356725726,68960112.37918341
2023-03-24,29934.98031615198,65648.94352748393,80225.74724728732,22977130.234619375,84326067.9610531
2023-03-25,31983.943857804195,57168.496373587026,85716.96953891525,20008973.73075546,73432933.59187253
2023-03-26,31282.25118145236,70736.3062273716,83836.43316629234,24757707.17958006,90860785.34905882
2023-03-27,28979.201697525692,60830.985888180214,77664.26054936886,21290845.060863074,78137401.37336747
2023-03-28,26965.74229734112,64253.353651148704,72268.18935687421,22488673.777902044,82533432.7649005
2023-03-29,26707.75737065543,70252.14092000658,71576.78975335656,24588249.322002303,90238875.01174845
2023-03-30,30242.832897207663,69720.09760033972,81050.79216451655,24402034.160118904,89555465.36763638
2023-03-31,29026.732009120293,67494.37263091905,77791.64178444238,23623030.420821667,86696521.64441551
2023-04-01,31925.49678923799,66636.9649335002,85560.33139515782,23322937.726725068,85595181.457081
2023-04-02,31203.148367493788,62739.713260824006,83624.43762488336,21958899.641288403,80589161.68352844
2023-04-03,30979.488283116836,64373.67467459524,83025.02859875312,22530786.13610833,82687985.11951758
2023-04-04,29193.96651936236,71525.96805393122,78239.83027189113,25034088.818875927,91875105.96527465
2023-04-05,30805.62040434573,69795.51095388067,82559.06268364655,24428428.833858233,89652333.82025972
2023-04-06,30751.849174272294,69315.03767377426,82414.95578704975,24260263.18582099,89035165.89196303
2023-04-07,28406.699461547352,67000.10044329774,76129.9545569469,23450035.155154206,86061629.01941593
2023-04-08,31156.873837018346,66879.80526956063,83500.42188320917,23407931.844346218,85907109.86875062
2023-04-09,26327.233443081783,73614.66031102637,70556.98562745919,25765131.108859226,94558031.16951336
2023-04-10,32123.2184285934,59540.37933102907,86090.22538863032,20839132.765860174,76479617.25070684
2023-04-11,28677.376382943894,67076.35130951475,76855.36870628964,23476722.958330162,86159573.25707169
2023-04-12,28265.951784703648,71267.13517609185,75752.75078300579,24943497.311632145,91542635.13368997
2023-04-13,32488.806184646917,63553.43816092554,87070.00057485374,22243703.35632394,81634391.31770885
2023-04-14,29916.844922234104,70979.6585741602,80177.1443915874,24842880.50095607,91173371.43850878
2023-04-15,31643.845056842663,75073.0986000465,84805.50475233834,26275584.510016274,96431395.15175973
2023-04-16,32892.82472777538,66068.37452805783,88152.77027043804,23123931.084820237,84864827.08129027
2023-04-17,32486.665417738754,68951.43277567704,87064.26331953987,24133001.471486963,88568115.40035716
2023-04-18,29014.08959633559,68741.47505309254,77757.76011817939,24059516.26858239,88298424.70569736
2023-04-19,30218.584208515,60918.36493900255,80985.80567882021,21321427.72865089,78249639.76414877
2023-04-20,26402.193062291706,71548.76736021267,70757.87740694177,25042068.576074433,91904391.67419316
2023-04-21,31399.351002374467,65368.57231530131,84150.26068636357,22879000.310355455,83965931.13900451
2023-04-22,27594.126370635884,80696.25321290114,73952.25867330417,28243688.6245154,103654337.25197151
2023-04-23,27566.011535835692,69673.66022817756,73876.91091603966,24385781.079862144,89495816.56309406
2023-04-24,30423.85758573746,72533.3004526863,81535.9383297764,25386655.158440202,93169024.43147554
2023-04-25,26677.141030334988,77399.00045362719,71494.73796129777,27089650.158769514,99419016.08268411
2023-04-26,30017.430043898214,77569.97049197814,80446.71251764722,27149489.672192346,99638627.09694591
2023-04-27,26380.813147258523,75456.11507324666,70700.57923465285,26409640.27563633,96923379.81158534
2023-04-28,30032.2212672539,73476.9974424542,80486.35299624046,25716949.10485897,94381203.21483241
2023-04-29,31053.408586821843,73176.709112523,83223.13501268254,25611848.18938305,93995482.85503578
2023-04-30,26960.998656932985,73448.60103918762,72255.4764005804,25707010.363715667,94344728.0348365
2023-05-01,29440.764884486867,75357.68252993877,78901.2498904248,26375188.885478567,96796943.20970634
2023-05-02,27091.78643257864,69653.09588832273,72605.98763931076,24378583.56091295,89469401.66855054
2023-05-03,26044.183269466856,63895.59220413631,69798.41116217118,22363457.271447707,82073888.18621308
2023-05-04,30642.05549131387,59892.82525167898,82120.70871672117,20962488.83808764,76932334.03578164
2023-05-05,30029.155032957227,67602.77890688805,80478.13548832538,23660972.617410816,86835769.5058977
2023-05-06,25693.5988495488,70133.64001515423,68858.8449167908,24546774.00530398,90086660.5994656
2023-05-07,26354.79252280438,58417.11224439929,70630.84396111574,20445989.28553975,75036780.67793088
2023-05-08,28213.40149277918,68422.76025863386,75611.91600064821,23947966.090521853,87889035.5522152
2023-05-09,29849.963275272225,61820.20804912359,79997.90157772957,21637072.817193255,79408057.23909925
2023-05-10,25915.00411526356,64059.53205820804,69452.21102890634,22420836.220372815,82284468.92876823
2023-05-11,23574.219018097814,57490.51881021048,63178.906968502146,20121681.583573665,73846571.41171534
2023-05-12,30943.1533228072,56901.67245830245,82927.6509051233,19915585.360405855,73090198.27268949
2023-05-13,28908.472120131206,67423.06628263694,77474.70528195164,23598073.19892293,86604928.64004715
2023-05-14,28164.50423106156,69437.28255796536,75480.87133924499,24303048.89528787,89192189.44570649
2023-05-15,26059.210550149648,56809.883499116026,69838.68427440106,19883459.22469061,72972295.35461453
2023-05-16,22945.604770457518,59050.63922059649,61494.22078482615,20667723.727208767,75850546.07885617
2023-05-17,27028.95967362995,55334.90383359348,72437.61192532827,19367216.34175772,71077683.97425082
2023-05-18,23504.759290861915,58382.159935774354,62992.754899509935,20433755.977521025,74991884.43750216
2023-05-19,23017.622837850897,59829.57404312292,61687.22920544041,20940350.91509302,76851087.85839137
2023-05-20,25895.501766671972,59643.732114536804,69399.94473468089,20875306.24008788,76612373.90112253
2023-05-21,25186.998876916132,57327.18128965355,67501.15699013523,20064513.45137874,73636764.36655998
2023-05-22,26363.201385027245,48073.12216899664,70653.37971187301,16825592.75914882,61749925.426076174
2023-05-23,27698.608834656643,58000.4954990154,74232.27167687981,20300173.42465539,74501636.46848528
2023-05-24,25783.778292997013,53919.70947459553,69100.52582523199,18871898.316108435,69259866.82011795
2023-05-25,21360.066458283494,54378.47232643946,57244.97810819977,19032465.31425381,69849147.70331149
2023-05-26,27828.38811076666,44424.28336911571,74580.08013685465,15548499.179190498,57062991.98762912
2023-05-27,28513.602240860706,45985.46050914755,76416.45400550669,16094911.178201644,59068324.024000034
2023-05-28,25548.758907469117,51534.11198154729,68470.67387201724,18036939.19354155,66195566.84029748
2023-05-29,26166.492722149414,52815.51022717392,70126.20049536043,18485428.57951087,67841522.8868049
2023-05-30,21372.65869771874,58091.76229026485,57278.72530988623,20332116.801592696,74618868.66184519
2023-05-31,24230.394992238274,49119.20953825117,64937.45857919858,17191723.338387907,63093624.65188362
2023-06-01,25996.340949205234,51992.61332955521,69670.19374387003,18197414.665344324,66784511.821813665
2023-06-02,22577.437421015118,54477.621539664164,60507.53228832052,19067167.538882457,69976504.86769861
2023-06-03,25407.34554448449,50919.74063568981,68091.68605921844,17821909.222491432,65406406.84654355
2023-06-04,21543.589019998617,39067.085726593905,57736.8185735963,13673480.004307866,50181671.615809865
2023-06-05,21901.48360996983,45494.960002206884,58695.97607471915,15923236.00077241,58438276.12283474
2023-06-06,23585.201802937027,39165.477453266336,63208.34083187123,13707917.108643217,50308055.78872061
2023-06-07,25792.88452544484,52574.79576667102,69124.93052819217,18401178.518334858,67532325.16228893
2023-06-08,22766.5475664352,39370.93640401637,61014.347478046344,13779827.741405727,50571967.81095902
2023-06-09,23652.88560605417,40443.34878535018,63389.733424225175,14155172.074872563,51949481.5147823
2023-06-10,23566.912415610324,45688.437391065054,63159.325273835675,15990953.086872768,58686797.82882306
2023-06-11,19249.630553054947,37285.88920753824,51589.00988218726,13050061.222638384,47893724.687082864
2023-06-12,25182.679589465668,41709.15428269622,67489.58129976799,14598203.998943675,53575408.676123284
2023-06-13,23314.268752499214,43834.288635738194,62482.2402566979,15342001.022508366,56305143.7526057
2023-06-14,22009.241956919097,38933.71409037485,58984.76844454318,13626799.931631196,50010355.74908649
2023-06-15,18920.740382257147,39157.70295661083,50707.58422444916,13705196.03481379,50298069.44776661
2023-06-16,21524.526159221336,36709.40487918294,57685.730106713185,12848291.707714029,47153230.56731048
2023-06-17,19935.293977320624,36951.42715085843,53426.587859219275,12932999.502800448,47464108.17527764
2023-06-18,22010.34934975218,36035.778560129176,58987.73625733585,12612522.49604521,46287957.560485914
2023-06-19,20997.183479208456,33817.88579462688,56272.45172427867,11836260.02811941,43439074.30319823
2023-06-20,20469.194948706092,40993.876728291325,54857.44246253233,14347856.854901964,52656634.65749021
2023-06-21,22688.77692282254,29941.75698254279,60805.922153164414,10479614.943889976,38460186.84407621
2023-06-22,18872.463742650987,32708.71763340053,50578.202830304646,11448051.171690185,42014347.80010298
2023-06-23,19809.74291240386,34375.504183203535,53090.111005242354,12031426.464121236,44155335.12332493
2023-06-24,16979.824779312603,39484.6417348956,45505.930408557775,13819624.60721346,50718022.30847339
2023-06-25,21857.621056965236,27783.338741626005,58578.424432666834,9724168.559569102,35687698.613618605
2023-06-26,19716.627380495494,32160.670728375168,52840.56137972793,11256234.754931308,41310381.5505979
2023-06-27,18418.532636192693,26865.229003541914,49361.66746499642,9402830.151239669,34508386.655049585
2023-06-28,18559.04681779552,30131.997014491524,49738.245471692,10546198.955072032,38704550.16511436
2023-06-29,17769.843451823992,26022.85524990166,47623.1804508883,9107999.33746558,33426357.56849868
2023-06-30,19519.84023259643,37119.63016984603,52313.17182335844,12991870.55944611,47680164.95316722
2023-07-01,20422.698323789606,31885.234230524155,54732.83150775615,11159831.980683453,40956583.369108275
2023-07-02,17635.905441584157,26519.36989276208,47264.22658344554,9281779.462466728,34064130.62725289
2023-07-03,22830.051343168496,38717.69624784466,61184.537599691575,13551193.68674563,49732880.830356464
2023-07-04,18880.523439478467,29811.045968170292,50599.802817802294,10433866.088859601,38292288.546114735
2023-07-05,17661.93695218607,36016.2988925501,47333.99103185868,12605704.612392534,46262935.9274806
2023-07-06,18568.60450884995,36962.947163405675,49763.86008371787,12937031.507191984,47478905.63139458
2023-07-07,21637.626611320622,30582.220694119755,57988.83931833927,10703777.242941914,39282862.48159683
2023-07-08,14774.806129712199,23733.336995704896,39596.480427628696,8306667.948496713,30485471.370982938
2023-07-09,14578.375379589059,31689.06291135839,39070.04601729868,11091172.018975437,40704601.30963985
2023-07-10,15602.709794243397,37490.01275759334,41815.26224857231,13121504.465157665,48155921.38712863
2023-07-11,19336.09784544269,32739.827324504175,51820.74222578642,11458939.56357646,42054308.198325604
2023-07-12,18553.495711207903,35611.840334266635,49723.36850603718,12464144.116993321,45743408.90936549
2023-07-13,17790.425667694963,34139.571316360496,47678.3407894225,11948849.960726174,43852279.355865054
2023-07-14,19857.042715583775,33264.899824967106,53216.87447776452,11642714.938738486,42728763.82517024
2023-07-15,18702.930880935426,27307.148216313035,50123.85476090694,9557501.875709562,35076031.88385409
2023-07-16,15010.984528056391,34941.27665486651,40229.43853519113,12229446.829203278,44882069.863176025
2023-07-17,18144.228982109576,29671.74158221538,48626.533672053665,10385109.553775383,38113352.06235565
2023-07-18,14757.451381090385,25420.685474916358,39549.96970132223,8897239.916220725,32652870.49253006
2023-07-19,17329.831821459382,30349.415856562257,46443.949281511144,10622295.54979679,38983824.66775422
2023-07-20,12297.70648764267,34845.38368298623,32957.85338688236,12195884.28904518,44758895.34079581
2023-07-21,17224.560413241652,21005.935327119707,46161.82190748763,7352077.364491898,26982123.927685264
2023-07-22,14303.080827186075,23487.79123889101,38332.256616858685,8220726.933611854,30170067.846355505
2023-07-23,15098.386216549603,29868.615860019454,40463.675060352936,10454015.551006807,38366237.07219498
2023-07-24,18683.64044022466,19362.85101415719,50072.15637980209,6776997.854955017,24871582.12768491
2023-07-25,16323.124310071576,33383.64341261458,43745.97315099183,11684275.194415104,42881289.96350343
2023-07-26,14712.970164143791,32388.2452953903,39430.76003990536,11335885.853386605,41602701.08192884
2023-07-27,12767.211179186008,32833.839712740155,34216.1259602185,11491843.899459053,42175067.111014724
2023-07-28,12590.329208094792,33047.2183583432,33742.08227769405,11566526.425420118,42449151.98129183
2023-07-29,12579.747136387512,23686.933090251845,33713.72232551853,8290426.581588145,30425865.55442849
2023-07-30,15351.339227480397,31235.50965010785,41141.589129647466,10932428.377537748,40122012.145563535
2023-07-31,14161.85993481044,35457.88086544293,37953.784625291984,12410258.302905025,45545647.97166144
2023-08-01,15732.749088095856,23401.0037091977,42163.76755609689,8190351.298219195,30058589.264464445
2023-08-02,11697.267786309705,30028.111270864538,31348.67766731001,10509838.944802588,38571108.9274255
2023-08-03,11244.509191914174,36495.80388069489,30135.28463432999,12773531.35824321,46878860.08475258
2023-08-04,16799.163116014413,36589.7077287208,45021.75715091863,12806397.705052279,46999479.577541865
2023-08-05,14050.957966401915,36700.21915683338,37656.567349957135,12845076.704891682,47141431.50695247
2023-08-06,11980.88942735811,37240.14041365952,32108.783665319737,13034049.144780831,47834960.36134565
2023-08-07,13688.292682369574,33973.89411841968,36684.62438875046,11890862.94144689,43639466.99511008
2023-08-08,12551.9852955474,31947.778580085414,33639.32059206704,11181722.503029894,41036921.58611971
2023-08-09,11453.477534532864,35348.100371858076,30695.319792548074,12371835.130150326,45404634.927651696
2023-08-10,12642.981026120182,36088.076828120415,33883.18915000209,12630826.889842145,46355134.685720675
2023-08-11,14871.043416398985,41496.75281967076,39854.396355949284,14523863.486884765,53302578.99686709
2023-08-12,13329.136308880908,37935.81320356043,35722.08530780084,13277534.621246148,48728552.05997336
2023-08-13,11803.30371917687,42251.646949194284,31632.853967394014,14788076.432217998,54272240.506240055
2023-08-14,13867.258619764832,40275.50279128918,37164.253100969756,14096425.976951212,51733883.335410945
2023-08-15,16049.583646107794,30453.041184935908,43012.88417156889,10658564.414727567,39116931.40205017
2023-08-16,12778.254546734639,36623.70399975318,34245.72218524884,12818296.399913615,47043147.787682965
2023-08-17,14047.723072398978,38525.212557885025,37647.89783402926,13483824.395259757,49485635.530603305
2023-08-18,13239.560544084952,48289.413877992396,35482.02225814768,16901294.85729734,62027752.12628123
2023-08-19,13544.04312199157,42465.11758128828,36298.03556693741,14862791.153450897,54546443.53316479
2023-08-20,12861.665898663869,50166.919463877326,34469.26460841917,17558421.812357064,64439408.05135042
2023-08-21,12485.935660492081,39723.32357209745,33462.30757011878,13903163.250234107,51024609.12835917
2023-08-22,8839.930663027773,38335.71410608129,23691.014176914436,13417499.937128449,49242224.769261405
2023-08-23,13179.091374852103,45032.94719109011,35319.964884603636,15761531.516881539,57844820.66695525
2023-08-24,13400.589518510586,42061.55628579705,35913.57990960837,14721544.700028967,54028069.04910631
2023-08-25,14324.334092758627,57476.76883580367,38389.21536859312,20116869.092531282,73828909.56958981
2023-08-26,12097.594718509978,48688.67130782749,32421.55384560674,17041034.95773962,62540598.29490441
2023-08-27,8823.654854432809,42191.67725569542,23647.39500987993,14767087.039493395,54195209.434940755
2023-08-28,13359.557049861334,51589.95726475418,35803.61289362838,18056485.04266396,66267300.10657674
2023-08-29,9892.911867849813,57085.17447169722,26513.0038058375,19979811.065094024,73325906.60889506
2023-08-30,12605.994483817129,52213.740911635985,33784.065216629904,18274809.319072593,67068550.200996414
2023-08-31,11414.776286664794,58040.33893077684,30591.600448261648,20314118.62577189,74552815.35658284
2023-09-01,9227.736503252261,48257.69231968619,24730.333828716062,16890192.311890166,61987005.78463691
2023-09-02,12217.509015588324,56854.84008945594,32742.92416177671,19899194.03130958,73030042.09490615
2023-09-03,10047.679527614613,55867.983239932844,26927.781134007164,19553794.133976493,71762424.47169372
2023-09-04,10958.905847826052,52025.371583409105,29369.867672173823,18208880.054193188,66826589.798888996
2023-09-05,8200.974949612577,54749.78096801429,21978.612864961706,19162423.338805,70326093.65341435
2023-09-06,12780.289462388042,62150.02087207904,34251.175759199956,21752507.305227663,79831701.81018552
2023-09-07,8825.103211005891,54067.03491099314,23651.27660549579,18923462.2188476,69449106.34317069
2023-09-08,11716.683701035865,52929.67835814044,31400.71231877612,18525387.425349154,67988171.8510314
2023-09-09,13870.008025496583,58537.97719838122,37171.62150833085,20488292.019433424,75192031.71132067
2023-09-10,8200.317194328694,59267.779954117825,21976.8500808009,20743722.98394124,76129463.35106434
2023-09-11,9480.358672563976,62730.19946260356,25407.36124247146,21955569.811911244,80576941.20971426
2023-09-12,11341.716977066155,57859.40827203103,30395.801498537297,20250792.89521086,74320409.92542385
2023-09-13,11538.820596356643,54375.089277415995,30924.039198235805,19031281.2470956,69844802.17684086
2023-09-14,9230.953762482279,55488.01147612554,24738.956083452507,19420804.016643938,71274350.74108325
2023-09-15,9202.773835925496,65571.84628865638,24663.433880280332,22950146.20102973,84227036.5577791
2023-09-16,11542.263471413014,57835.66638520868,30933.26610338688,20242483.234823037,74289913.47180055
2023-09-17,11904.894303964658,64513.11044320991,31905.116734625288,22579588.65512347,82867090.36430313
2023-09-18,12203.990429780388,64362.86770269367,32706.694351811442,22527003.695942782,82674103.56411001
2023-09-19,10001.10010782989,64501.3800221306,26802.94828898411,22575483.00774571,82852022.63842675
2023-09-20,11197.947934615802,73011.4800542451,30010.500464770354,25554018.01898578,93783246.12967782
2023-09-21,9609.571940877016,62149.16862699722,25753.652801550405,21752209.019449025,79830607.10137792
2023-09-22,7797.945483553329,64932.69704251603,20898.493895922922,22726443.964880608,83406049.35111183
2023-09-23,8182.665935451314,64550.1745523222,21929.54470700952,22592561.09331277,82914699.21245787
2023-09-24,8785.126943508616,73201.21701849588,23544.140208603094,25620425.95647356,94026963.26025796
2023-09-25,8920.87394026554,72952.88514037608,23907.942159911647,25533509.799131624,93707980.96281306
2023-09-26,9181.119509593442,69725.27428663071,24605.400285710424,24403846.000320744,89562114.82117712
2023-09-27,9217.114153504986,63620.675424621884,24701.865931393364,22267236.39861766,81720757.58292681
2023-09-28,9677.117253807628,64394.38464687122,25934.674240204444,22538034.626404926,82714587.07890607
2023-09-29,11394.285322120017,69511.9001583879,30536.684663281645,24329165.05543576,89288035.75344925
2023-09-30,8327.894016938322,58817.78331736874,22318.755965394706,20586224.161079057,75551442.67116013
2023-10-01,9936.545250221761,74314.77401782422,26629.94127059432,26010170.906238474,95457327.2258952
2023-10-02,10832.665907160273,75386.1436237739,29031.544631189536,26385150.268320866,96833501.48473758
2023-10-03,10078.4423381892,62821.75484816927,27010.225466347056,21987614.196859244,80694544.10247342
2023-10-04,12945.075399596572,68839.44868898165,34692.80207091881,24093807.041143578,88424271.84099692
2023-10-05,12993.630315951594,71409.89434689347,34822.929246750275,24993463.021412715,91726009.28858466
2023-10-06,13210.79489533035,71164.87929613213,35404.93031948534,24907707.753646243,91411287.45588171
2023-10-07,10560.122489975574,63191.356708594954,28301.12827313454,22116974.848008234,81169297.69219021
2023-10-08,10286.408158207902,75148.0418953602,27567.57386399718,26301814.66337607,96527659.81459017
2023-10-09,7179.481690281507,71238.97460906264,19241.010929954442,24933641.113171924,91506462.88534096
2023-10-10,7178.313289499887,65605.58493979153,19237.8796158597,22961954.728927035,84270373.85516222
2023-10-11,10329.919124779672,68312.69821635901,27684.183254409523,23909444.375725657,87747660.85891315
2023-10-12,10994.824337324344,67763.1463625908,29466.129224029242,23717101.22690678,87041761.50274788
2023-10-13,11105.320270817174,79776.38052732684,29762.258325790026,27921733.184564393,102472760.78735133
2023-10-14,11204.044167703982,69004.4107585124,30026.838369446672,24151543.76547934,88636165.61930919
2023-10-15,9183.52264917676,66879.00013572228,24611.84069979372,23407650.047502797,85906075.67433527
2023-10-16,11316.919559762668,74025.1006188203,30329.34442016395,25908785.216587108,95085241.74487469
2023-10-17,9997.40515473691,75502.4859796776,26793.045814694924,26425870.09288716,96982943.24089587
2023-10-18,12808.970254742162,73400.04233742318,34328.04028270899,25690014.81809811,94282354.38242006
2023-10-19,14062.83405838904,64577.49747518549,37688.39527648263,22602124.11631492,82949795.50687575
2023-10-20,9331.049180853624,66129.04575765,25007.211804687715,23145166.0151775,84942759.27570142
2023-10-21,9336.169997782259,75704.39624432915,25020.935594056456,26496538.685515203,97242296.97584079
2023-10-22,11689.351206487476,70630.31114239889,31327.461233386435,24720608.89983961,90724634.66241136
2023-10-23,8941.467388252851,63808.305153878384,23963.13260051764,22332906.803857435,81961767.97015679
2023-10-24,10533.427606774192,71229.12395225906,28229.585986154838,24930193.38329067,91493809.71667676
2023-10-25,10451.454765853592,70496.56479659522,28009.898772487628,24673797.678808324,90552837.48122655
2023-10-26,11472.84186835075,63835.33167984793,30747.216207180012,22342366.087946773,81996483.54276465
2023-10-27,8636.58867055702,79122.58182802325,23146.057637092814,27692903.639808137,101632956.35809585
2023-10-28,11230.773295256127,74391.60318962728,30098.472431286424,26037061.116369545,95556014.29707623
2023-10-29,11004.750816018983,72908.19607110247,29492.732186930876,25517868.624885865,93650577.85333112
2023-10-30,10609.805672334707,63625.91283050273,28434.279201857018,22269069.490675956,81727485.03078076
2023-10-31,10661.165690765707,65410.25672793334,28571.924051252096,22893589.85477667,84019474.76703037
2023-11-01,11392.432388414816,72935.38622358195,30531.71880095171,25527385.178253684,93685503.60419102
2023-11-02,13001.97017417823,68989.6621139743,34845.280066797655,24146381.739891,88617220.98539996
2023-11-03,10623.345343321333,72044.45323165678,28470.565520101172,25215558.63107987,92541100.17606312
2023-11-04,10940.338841667019,62916.56253696098,29320.108095667612,22020796.88793634,80816324.57872637
2023-11-05,12550.160106334104,64738.100457308195,33634.4290849754,22658335.16005787,83156090.03741238
2023-11-06,7589.576512827885,65490.33371034532,20340.065054378734,22921616.79862086,84122333.65093856
2023-11-07,12431.479739142986,57362.38571558231,33316.3657009032,20076835.000453807,73681984.45166548
2023-11-08,13562.536936843157,65461.09946087336,36347.598990739665,22911384.811305676,84084782.25749183
2023-11-09,13431.586379276698,66790.98407070957,35996.65149646155,23376844.42474835,85793019.03882644
2023-11-10,11152.156070463332,58493.05513619328,29887.778268841732,20472569.29766765,75134329.32244027
2023-11-11,12053.22126081043,58550.90898486612,32302.632978971953,20492818.144703142,75208642.59106053
2023-11-12,11676.101192035476,58106.073881243414,31291.951194655077,20337125.858435195,74637251.90045716
2023-11-13,14561.654517339763,47533.25211828992,39025.23410647057,16636638.241401473,61056462.345943406
2023-11-14,13429.182976062126,59751.333303302075,35990.2103758465,20912966.656155724,76750587.6280915
2023-11-15,15253.756643523897,62864.81675846747,40880.067804644044,22002685.86546361,80749857.12625144
2023-11-16,16619.65522429317,49521.055841669426,44540.6760011057,17332369.544584297,63609796.228624366
2023-11-17,14957.38086759745,56528.351679056184,40085.78072516117,19784923.087669663,72610667.73174766
2023-11-18,14625.662577778432,56991.720368906936,39196.7757084462,19947102.129117426,73205864.81386095
2023-11-19,12227.828238929962,56340.25935198194,32770.5796803323,19719090.77319368,72369063.1376208
2023-11-20,14485.619783757826,57314.90909232519,38821.461020470975,20060218.18231382,73621000.72909172
2023-11-21,13428.299087609013,60932.869838888895,35987.84155479216,21326504.44361111,78268271.30805278
2023-11-22,14731.352528283642,59123.51715698438,39480.024775800164,20693231.004944533,75944157.78814644
2023-11-23,19895.58007489227,44470.558756038416,53320.154600711285,15564695.564613443,57122432.722131334
2023-11-24,15449.434568699844,57820.072028246526,41404.48464411558,20237025.209886283,74269882.52028266
2023-11-25,14692.470906947628,52491.57901567744,39375.822030619645,18372052.6554871,67425433.24563766
2023-11-26,16233.866567213796,56719.36532391767,43506.762400132975,19851777.863371182,72856024.75857224
2023-11-27,15253.276845772072,50319.96064156372,40878.78194666916,17611986.2245473,64635989.44408859
2023-11-28,12407.791620925078,48589.8748674252,33252.88154407921,17006456.203598816,62413694.26720765
2023-11-29,12420.331068080694,48925.9333422207,33286.48726245626,17124076.669777244,62845361.378082484
2023-11-30,16648.579110634855,36379.943712709006,44618.192016501416,12732980.299448153,46730037.69897472
2023-12-01,14502.846201106528,34446.460582835374,38867.6278189655,12056261.203992382,44246478.61865204
2023-12-02,12558.093788016144,45611.36883933131,33655.691351883266,15963979.09376596,58587803.27412107
2023-12-03,19626.05958014743,42299.2087442768,52597.83967479512,14804723.060496878,54333333.63202354
2023-12-04,16800.65266777626,39532.929275394396,45025.749149640375,13836525.246388037,50780047.654244095
2023-12-05,17126.04419934935,40849.48659478486,45897.79845425626,14297320.3081747,52471165.53100114
2023-12-06,16349.011428320375,45343.11533270356,43815.35062789861,15870090.366446245,58243231.64485772
2023-12-07,15334.08813297871,53286.79764986156,41095.35619638294,18650379.177451544,68446891.58124717
2023-12-08,17775.62828401624,39736.79761265223,47638.68380116352,13907879.16442828,51041916.53345179
2023-12-09,17630.808957917638,38672.28407001817,47250.56800721927,13535299.424506359,49674548.887938336
2023-12-10,14704.775334105474,36382.16294482808,39408.79789540267,12733757.030689826,46732888.30263166
2023-12-11,19850.141919434285,37416.5718729282,53198.38034408389,13095800.15552487,48061586.57077628
2023-12-12,18316.43521309616,43857.46322359553,49088.04637109771,15350112.128258435,56334911.51070846
2023-12-13,17354.696023790602,33820.805822279675,46510.585343758816,11837282.037797887,43442825.078718245
2023-12-14,17384.111987568802,34895.961905365926,46589.42012668439,12213586.666878074,44823863.06744253
2023-12-15,17129.335160781186,42404.63801619121,45906.61823089358,14841623.305666922,54468757.5317976
2023-12-16,17686.584509242093,32186.17448646861,47400.04648476881,11265161.070264013,41343141.12786893
2023-12-17,20097.80448899493,38676.1522981861,53862.11603050642,13536653.304365134,49679517.62702004
2023-12-18,16646.56664276883,36903.35770515867,44612.79860262047,12916175.196805533,47402362.97227631
2023-12-19,17285.99602876359,32432.169718075922,46326.469357086426,11351259.401326573,41659122.00286852
2023-12-20,18612.06178586532,34122.737061151834,49880.32558611906,11942957.97140314,43830655.75504953
2023-12-21,18336.860069686023,41657.43875928209,49142.78498675855,14580103.56574873,53508980.08629784
2023-12-22,22436.59787220807,32866.31817987261,60130.08229751763,11503211.362955412,42216785.702046365
2023-12-23,20391.53612563775,34667.29607298096,54649.31681670918,12133553.625543334,44530141.80574404
2023-12-24,21159.674414093697,35887.34349368497,56707.92742977111,12560570.222789738,46097292.717638336
2023-12-25,24747.602422806565,33287.74535977731,66323.5744931216,11650710.87592206,42758108.91463396
2023-12-26,22254.771556172505,22036.19823263998,59642.787770542316,7712669.381423992,28305496.62982605
2023-12-27,21799.37295170787,29409.07959520378,58422.319510577094,10293177.858321322,37775962.74003925
2023-12-28,21335.40022363683,20810.74353073645,57178.8725993467,7283760.235757757,26731400.06523097
2023-12-29,22276.84460875169,34399.468526050434,59701.94355145453,12039813.984117651,44186117.32171178
2023-12-30,19247.421100969375,27690.622160345447,51583.08855059793,9691717.756120905,35568604.16496372
2023-12-31,21541.559015647752,26521.869206049814,57731.37816193598,9282654.222117435,34067340.99517099
2024-01-01,23401.662890014344,23755.31378000521,62716.45654523845,8314359.823001822,30513700.55041669
2024-01-02,21895.263666692565,31070.035370547015,58679.30662673608,10874512.379691456,39909460.43346764
2024-01-03,17990.40129803313,33397.71378068149,48214.2754787288,11689199.823238522,42899363.351285376
2024-01-04,17624.26390408674,24455.027977491256,47233.02726295246,8559259.79212194,31412483.437087517
2024-01-05,21306.816131029347,32817.6994953696,57102.26723115865,11486194.823379358,42154335.00180224
2024-01-06,21033.19083578462,22144.34671513589,56368.95143990278,7750521.35029756,28444413.355592046
2024-01-07,20779.89202711399,30237.55367262791,55690.1106326655,10583143.785419768,38840137.69249055
2024-01-08,22342.72767991837,29399.55348664351,59878.510182181235,10289843.720325228,37763726.45359358
2024-01-09,21892.134975236095,34938.35496895149,58670.921733632735,12228424.239133023,44878316.95761819
2024-01-10,17475.544773615857,30959.83335663842,46834.4599932905,10835941.674823446,39767905.94660205
2024-01-11,25947.714821498565,36844.737326692666,69539.87572161616,12895658.064342432,47327065.09613673
2024-01-12,24712.00566262533,31613.41220285558,66228.17517583589,11064694.270999452,40607427.97456799
2024-01-13,23013.298547609375,28670.201906354654,61675.64010759313,10034570.667224128,36826874.34871255
2024-01-14,22049.399667524176,26825.529758710258,59092.391108964795,9388935.41554859,34457392.975063324
2024-01-15,21510.951905429938,33429.28047410045,57649.35110655224,11700248.165935157,42939910.76898202
2024-01-16,25463.44902068575,36559.39283302379,68242.04337543782,12795787.491558326,46960540.094019055
2024-01-17,20683.44236464866,35447.705239337956,55431.62553725841,12406696.833768284,45532577.3799296
2024-01-18,24556.87142906426,33122.82260779874,65812.41542989222,11592987.912729558,42546265.639717475
2024-01-19,23643.121759990157,26460.66791657756,63363.56631677363,9261233.770802146,33988727.938843876
2024-01-20,24488.46551284148,34118.2185877864,65629.08757441517,11941376.505725242,43824851.77601164
2024-01-21,22372.754125401378,39224.95365487209,59958.981056075696,13728733.779205233,50384452.9696832
2024-01-22,23583.18833692618,23941.714394644456,63202.94474296217,8379600.038125559,30753132.1399208
2024-01-23,23808.499704731643,32179.33584640803,63806.779208680804,11262767.54624281,41334356.894711114
2024-01-24,21198.16061717568,27536.944207404664,56811.07045403082,9637930.472591631,35371204.834411286
2024-01-25,26206.943719800027,34434.03513942304,70234.60916906408,12051912.298798062,44230518.13658889
2024-01-26,23348.55053037608,31129.534811738682,62574.1154214079,10895337.184108539,39985887.465678334
2024-01-27,27410.348075211674,27422.335915945252,73459.7328415673,9597817.570580836,35223990.48403167
2024-01-28,25447.824829666606,35631.78697716003,68200.17054350651,12471125.442006009,45769030.37216205
2024-01-29,26896.986865956293,38593.61518035578,72083.92480076286,13507765.313124523,49573498.699167
2024-01-30,25581.522820685463,27939.47885012733,68558.48115943704,9778817.597544564,35888260.582988545
2024-01-31,25418.94330166926,41417.08913110786,68122.76804847362,14495981.19588775,53200250.988908045
2024-02-01,28442.52917175088,33089.89322182301,76225.97818029237,11581462.627638053,42503967.84343165
2024-02-02,27395.85382091216,29579.778032508137,73420.8882400446,10352922.311377846,37995224.882756695
2024-02-03,27559.80557978154,26796.001306758662,73860.27895381453,9378600.457365531,34419463.6785315
2024-02-04,30476.102438705584,37808.08917845898,81675.95453573097,13232831.21246064,48564490.549730554
2024-02-05,29957.697790608603,37271.02084733324,80286.63007883106,13044857.296566632,47874626.278399535
2024-02-06,27554.051135045745,41677.100500084314,73844.8570419226,14586985.175029509,53534235.5923583
2024-02-07,22129.536067406945,42008.531827445084,59307.15666065062,14702986.139605777,53959959.1323532
2024-02-08,27501.035819241082,42585.44755251358,73702.7759955661,14904906.643379752,54701007.38120369
2024-02-09,27138.481080718288,47424.254740360324,72731.12929632502,16598489.159126114,60916455.213992834
2024-02-10,27528.223339119777,46636.09661327831,73775.638548841,16322633.814647406,59904066.09975598
2024-02-11,25220.863379270784,37856.387877973175,67591.91385644571,13249735.757290611,48626530.22925654
2024-02-12,30350.403484906543,44352.587073539384,81339.08133954954,15523405.475738782,56970898.09596133
2024-02-13,25989.227215824303,47385.47336666262,69651.12893840914,16584915.678331917,60866640.53947814
2024-02-14,30182.837691130568,50379.06070952541,80890.00501222993,17632671.24833389,64711903.48138537
2024-02-15,31213.658911810257,40370.485875290746,83652.60588365149,14129670.05635176,51855889.10681096
2024-02-16,25991.405343010585,38029.80317887902,69656.96631926837,13310431.112607654,48849282.18327009
2024-02-17,27520.607775681943,41086.67195274289,73755.2288388276,14380335.18346001,52775830.123298235
2024-02-18,25171.118024107956,51832.94974561212,67458.59630460932,18141532.41096424,66579423.94823876
2024-02-19,28927.202197233575,45347.30927345753,77524.90188858598,15871558.245710136,58248618.7617562
2024-02-20,28574.80310446168,52483.82216015212,76580.4723199573,18369337.756053243,67415469.5647154
2024-02-21,26205.538882706252,41994.34140086044,70230.84420565276,14698019.49030115,53941731.52940522
2024-02-22,25377.812728424946,45998.995673807585,68012.53811217885,16099648.485832654,59085709.94300584
2024-02-23,29846.064600743695,51292.22242414882,79987.45312999311,17952277.848452087,65884859.70381916
2024-02-24,31771.97625043107,40925.10165972578,85148.89635115527,14323785.580904022,52568293.08191776
2024-02-25,30998.83947092528,46189.084616276516,83076.88978207976,16166179.61569678,59329879.18960718
2024-02-26,31261.69260311552,47510.93618169918,83781.33617634959,16628827.663594712,61027797.52539259
2024-02-27,27873.901883729803,44356.36204716962,74702.05704839587,15524726.716509365,56975747.049589366
2024-02-28,31196.104772176044,55815.41880540385,83605.56078943181,19535396.581891347,71694905.45554124
2024-02-29,29661.732927499208,48857.57497997732,79493.44424569789,17100151.24299206,62757555.061780855
2024-03-01,31029.886899863253,57814.4089460958,83160.09689163353,20235043.13113353,74262608.29126005
2024-03-02,29294.28760884826,48351.099028087905,78508.69079171334,16922884.659830768,62106986.701578915
2024-03-03,30778.412708643427,61455.09830327289,82486.14605916438,21509284.40614551,78939073.77055402
2024-03-04,30399.536118867356,64628.55867247775,81470.75679856451,22619995.535367213,83015383.61479767
2024-03-05,30012.773049448642,62932.90718075883,80434.23177252237,22026517.51326559,80837319.27368473
2024-03-06,28949.708405510897,59849.94113445297,77585.21852676921,20947479.39705854,76877249.38720484
2024-03-07,26422.04390550398,55188.939640537836,70811.07766675067,19316128.87418824,70890192.96827084
2024-03-08,28965.550295966656,63405.54074528349,77627.67479319064,22191939.260849223,81444417.08731665
2024-03-09,31795.03215959447,59727.64331527714,85210.68618771319,20904675.160347,76720157.83847348
2024-03-10,27525.845643077926,66221.52657988027,73769.26632344884,23177534.302958094,85061550.89185621
2024-03-11,30840.650708205234,60705.11178071794,82652.94389799003,21246789.123251278,77975716.0823322
2024-03-12,31254.276240778065,56351.12581344955,83761.46032528522,19722894.03470734,72383021.10737593
2024-03-13,33428.30063626008,58241.655267926915,89587.84570517702,20384579.34377442,74811406.19165212
2024-03-14,30482.132626449533,62506.080884846866,81692.11543888475,21877128.309696402,80289060.89658579
2024-03-15,30129.506269307163,57169.67536746901,80747.0768017432,20009386.378614154,73434448.00951394
2024-03-16,29936.904962187073,65241.583875828735,80230.90529866135,22834554.356540058,83802814.48850201
2024-03-17,30313.032284185458,60996.551596346704,81238.92652161703,21348793.058721345,78350070.52550733
2024-03-18,34005.41142850205,63462.25937766017,91134.5026283855,22211790.782181058,81517272.17060448
2024-03-19,25856.924847987604,63025.10476545302,69296.55859260679,22058786.667908557,80955747.0712244
2024-03-20,28584.340386044594,63905.747397717285,76606.03223459952,22367011.589201048,82086932.53236784
2024-03-21,29057.096870738373,67582.80150961866,77873.01961357884,23653980.52836653,86810108.53910516
2024-03-22,29240.339753734064,66938.18573274702,78364.1105400073,23428365.006461456,85982099.57371354
2024-03-23,32675.44104513139,68847.00743181496,87570.18200095213,24096452.60113523,88433981.0461663
2024-03-24,28912.097119072398,68866.24905710481,77484.42027911403,24103187.169986684,88458696.91385113
2024-03-25,33118.71161444506,75017.59987105643,88758.14712671278,26256159.95486975,96360107.03437199
2024-03-26,28155.877234992404,63974.19112705805,75457.75098977964,22390966.894470315,82174848.50270605
2024-03-27,33296.14715567766,65755.32075367104,89233.67437721613,23014362.263784863,84462709.50809045
2024-03-28,32414.373381928763,72558.14193332329,86870.52066356908,25395349.676663153,93200933.31335376
2024-03-29,30529.63649352433,67130.58355165926,81819.4258026452,23495704.24308074,86229234.57210632
2024-03-30,31368.775188898002,76233.4564143736,84068.31750624665,26681709.74503076,97921874.76426288
2024-03-31,27250.317274319033,72241.49852210688,73030.85029517501,25284524.482737403,92794204.85164627
2024-04-01,29600.984424929084,62632.53342834887,79330.63825880995,21921386.699922103,80451489.18871412
2024-04-02,32487.727852424305,68358.84096673872,87067.11064449714,23925594.338358548,87806931.22177587
2024-04-03,30261.818163558102,73635.51189714241,81101.67267833572,25772429.16399984,94584815.03187941
2024-04-04,30517.32991597988,68143.19339406995,81786.44417482609,23850117.687924482,87529931.91468285
2024-04-05,29736.45687510289,58247.47687529265,79693.70442527575,20386616.906352423,74818884.04631339
2024-04-06,32851.23263880344,61959.61386416303,88041.30347199323,21685864.85245706,79587124.00851741
2024-04-07,30294.10330593888,70044.85488306414,81188.1968599162,24515699.209072445,89972616.09729587
2024-04-08,30898.758867290657,70905.3299560619,82808.67376433896,24816865.484621663,91077896.3285615
2024-04-09,29765.58729041574,64191.96689741825,79771.77393831419,22467188.41409639,82454581.47973375
2024-04-10,28359.85742528357,67656.71453782756,76004.41789975998,23679850.088239647,86905049.8238395
2024-04-11,29802.358699490338,66832.86927590829,79870.32131463411,23391504.2465679,85846820.5849042
2024-04-12,29209.61440543968,66812.83783504358,78281.76660657834,23384493.24226525,85821090.19911347
2024-04-13,26596.952567609394,73054.13907510041,71279.83288119319,25568948.67628514,93838041.64196646
2024-04-14,32330.139565599795,75041.99989227763,86644.77403580745,26264699.962297168,96391448.8616306
2024-04-15,27521.388789760756,68046.21260560154,73757.32195655884,23816174.411960535,87405360.09189516
2024-04-16,33900.739222698765,73139.13325994393,90853.9811168327,25598696.640980374,93947216.67239797
2024-04-17,30419.001074588745,69871.5110940212,81522.92287989784,24455028.88290742,89749956.00027023
2024-04-18,29934.925895360477,74807.62887786182,80225.60139956608,26182670.107251633,96090399.2936135
2024-04-19,27845.22464915571,64343.82851545757,74625.2020597373,22520339.980410147,82649647.72810525
2024-04-20,27917.228252344477,70407.91579683124,74818.1717162832,24642770.52889093,90438967.84102972
2024-04-21,26925.704809088194,72939.62153851143,72160.88888835636,25528867.538479004,93690943.86621794
2024-04-22,28251.801830553122,72113.27057705773,75714.82890588237,25239644.701970205,92629496.05623065
2024-04-23,25582.3761730534,67365.52869271196,68560.76814378312,23577935.042449187,86531021.60578851
2024-04-24,31115.482681117915,67970.48798534961,83389.49358539602,23789670.794872362,87308091.81718157
2024-04-25,31819.159518961933,67402.56071505276,85275.34751081798,23590896.250268467,86578589.23848528
2024-04-26,25765.182026530543,76481.59337452985,69050.68783110187,26768557.68108545,98240606.6895836
2024-04-27,28308.013412167045,62447.44224184779,75865.4759446077,21856604.784646727,80213739.55965349
2024-04-28,31324.134833909426,65704.18770809866,83948.68135487726,22996465.69783453,84397029.11105272
2024-04-29,29608.89255032621,67328.00304661447,79351.83203487426,23564801.066315062,86482819.91337627
2024-04-30,24938.980019361727,61934.991227337196,66836.46645188943,21677246.92956802,79555496.23151463
2024-05-01,24107.84038021305,69553.68555132757,64609.01221897097,24343789.942964647,89341709.09068026
2024-05-02,33095.295623070386,63916.79073528835,88695.39226982863,22370876.75735092,82101117.69947788
2024-05-03,28972.095185038925,64288.95240797483,77645.21509590432,22501133.34279119,82579159.36804366
2024-05-04,31561.81473102767,70243.13970676826,84585.66347915416,24585098.89736889,90227312.95334382
2024-05-05,26727.745603952233,67926.23073061735,71630.358218592,23774180.75571607,87251243.37347798
2024-05-06,29428.19121874283,56474.786986804356,78867.55246623079,19766175.445381526,72541863.8845502
2024-05-07,27714.18693254274,61244.8466259942,74274.02097921455,21435696.31909797,78669005.49108955
2024-05-08,24848.291153389633,61642.51236264831,66593.42029108421,21574879.326926906,79179807.12982175
2024-05-09,26783.21481934278,50242.087196267705,71779.01571583866,17584730.518693693,64535961.00360585
2024-05-10,25908.036968279244,62208.5958988691,69433.53907498838,21773008.56460418,79906941.43209735
2024-05-11,27375.139161987598,65721.21468034637,73365.37295412677,23002425.13812123,84418900.25690491
2024-05-12,29254.987207597947,59888.48886403611,78403.3657163625,20960971.102412637,76926763.94585438
2024-05-13,24204.337109638884,50553.14467897729,64867.62345383221,17693600.63764205,64935514.34014632
2024-05-14,23558.799344451,58267.7313279584,63137.58224312868,20393705.964785438,74844900.89076255
2024-05-15,27290.650510269355,56122.22337433419,73138.94336752188,19642778.181016967,72088995.92433226
2024-05-16,23054.716897703536,59076.81460498043,61786.64128584548,20676885.11174315,75884168.36009735
2024-05-17,24279.605552364133,57481.274152364924,65069.342880335884,20118445.953327723,73834696.64871274
2024-05-18,27458.078304441533,47087.74739966232,73587.6498559033,16480711.589881811,60484211.53486624
2024-05-19,27021.22765562093,63875.81745863518,72416.89011706409,22356536.11052231,82048487.52561688
2024-05-20,22514.375376639542,64898.53862808601,60338.52600939398,22714488.5198301,83362172.86777647
2024-05-21,24397.27977979339,53912.888453671,65384.70980984629,18869510.95878485,69251105.21874039
2024-05-22,23498.13887313201,46830.77314358495,62975.01217999379,16390770.600254731,60154128.10293486
2024-05-23,26063.59837266677,44293.61196920129,69850.44363874695,15502764.18922045,56895144.574439056
2024-05-24,24032.547576311546,53261.894629317634,64407.22750451495,18641663.12026117,68414903.65135849
2024-05-25,25088.883709625254,56347.62845167259,67238.20834179569,19721669.958085403,72378528.74617343
2024-05-26,25065.725206269923,47783.186296244014,67176.14355280339,16724115.203685403,61377502.79752543
2024-05-27,25687.068765970005,46875.681905746176,68841.34429279962,16406488.66701116,60211813.407930955
2024-05-28,28704.273121402286,47201.760160203434,76927.45196535814,16520616.056071201,60630660.92578131
2024-05-29,25978.3519308491,51641.59505625814,69621.9831746756,18074558.26969035,66333628.84976358
2024-05-30,26274.250641573642,45768.93753545711,70414.99171941736,16019128.137409989,58790200.264294654
2024-05-31,22446.83206052812,50370.58474920715,60157.50992221536,17629704.6622225,64701016.11035658
2024-06-01,23166.71507787253,56965.07509306929,62086.796408698385,19937776.282574248,73171638.95704749
2024-06-02,24745.643618862312,52107.46768061499,66318.324898551,18237613.688215245,66932042.235749945
2024-06-03,22697.686866783995,42622.229433498425,60829.80080298111,14917780.301724449,54748253.70732873
2024-06-04,21108.280640642028,31576.005489509218,56570.19211692064,11051601.921328226,40559379.05127459
2024-06-05,26929.174208468714,40919.630825771485,72170.18687869616,14321870.789020017,52561265.79570346
2024-06-06,23934.699867435993,46816.988992547806,64144.995644728464,16385946.147391729,60136422.36092764
2024-06-07,24319.284902270705,32438.42615198065,65175.68353808549,11353449.153193226,41667158.39221914
2024-06-08,22266.285004762947,41977.56427484264,59673.643812764705,14692147.496194923,53920181.311035365
2024-06-09,24527.714189128143,35167.23646691461,65734.27402686342,12308532.763420112,45172315.24175181
2024-06-10,24626.612586065698,38237.686889097095,65999.32173065607,13383190.411183983,49116308.80904522
2024-06-11,22338.031886451467,35237.86849118634,59865.92545568993,12333253.971915217,45263042.07692885
2024-06-12,20413.453468777196,39051.81699676698,54708.05529632289,13668135.948868444,50162058.932347186
2024-06-13,25897.839551398636,33935.642281127475,69406.20999774834,11877474.798394615,43590332.51010823
2024-06-14,19820.918818097103,33253.18764727609,53120.06243250024,11638615.676546631,42713719.532926135
2024-06-15,21856.39371861686,41721.34697002168,58575.13516589318,14602471.439507587,53591070.182992846
2024-06-16,21701.579450506906,43732.95327454666,58160.23292735851,15306533.646091327,56174978.48115517
2024-06-17,25840.557678306264,35142.72702727791,69252.69457786079,12299954.45954727,45140832.86653848
2024-06-18,21871.39860874634,33579.32177141132,58615.3482714402,11752762.619993962,43132638.81537784
2024-06-19,24170.610280615118,30207.0118053273,64777.23555204852,10572454.131864555,38800906.66394292
2024-06-20,21277.747327348217,36700.36620683991,57024.36283729323,12845128.172393968,47141620.39268586
2024-06-21,20413.763779499495,27735.33383272753,54708.88692905865,9707366.841454634,35626036.308138505
2024-06-22,19255.389595289173,38065.46403616298,51604.44411537499,13322912.412657043,48895088.55445135
2024-06-23,20853.389395407517,37339.6485621661,55887.08357969215,13068876.996758133,47962778.57810235
2024-06-24,19337.171837756225,35760.17400913956,51823.620525186685,12516060.903198846,45933943.51473976
2024-06-25,19237.245208071796,35746.27407094766,51555.81715763242,12511195.92483168,45916089.04413226
2024-06-26,20275.99624071394,34677.90577815475,54339.66992511336,12137267.022354163,44543769.97203978
2024-06-27,22097.11977146936,38979.61186466966,59220.28098753789,13642864.152634382,50069311.44016818
2024-06-28,19585.72847878989,37376.285298738156,52489.75232315691,13081699.854558354,48009838.466229156
2024-06-29,19866.993769686404,28131.807809011745,53243.543302759565,9846132.73315411,36135307.130675584
2024-06-30,18791.695532296428,26499.445527117434,50361.74402655443,9274805.934491102,34038537.779582344
2024-07-01,19623.61371286747,24798.12968452925,52591.284750484825,8679345.389585236,31853197.579777814
2024-07-02,19656.279677542894,37530.85685210496,52678.82953581496,13135799.898236737,48208385.62652882
2024-07-03,20000.54436771924,33819.65382191399,53601.45890548757,11836878.837669894,43441345.33424851
2024-07-04,16120.041404405136,33672.25828720913,43201.71096380577,11785290.400523195,43252015.769920126
2024-07-05,17998.25445399938,31485.924192159568,48235.32193671834,11020073.467255848,40443669.62482896
2024-07-06,19692.769549249555,46893.4970294682,52776.62239198881,16412723.96031387,60234696.9343519
2024-07-07,19467.068509573834,30434.074683358464,52171.74360565787,10651926.139175462,39092568.93077394
2024-07-08,15125.988485167074,23133.669565589782,40537.64914024776,8096784.347956423,29715198.55700007
2024-07-09,18179.71446376467,27665.510617950385,48721.63476288932,9682928.716282634,35536348.388757266
2024-07-10,17855.41920078829,26489.845147028493,47852.52345811261,9271445.801459972,34026206.091358095
2024-07-11,15647.771784025563,23364.385351185272,41936.02838118851,8177534.872914845,30011552.98359748
2024-07-12,19220.388842249064,28693.894833649,51510.642097227494,10042863.19177715,36857307.91382214
2024-07-13,19344.31068075652,29458.939663066194,51842.75262442748,10310628.882073168,37840007.99720853
2024-07-14,16631.008940591564,38524.89173820209,44571.103960785396,13483712.10837073,49485223.43772058
2024-07-15,19300.495687673872,26399.182288206892,51725.32844296598,9239713.800872412,33909749.64920175
2024-07-16,15633.991988385942,26038.39889117053,41899.098528874325,9113439.611909686,33446323.375708546
2024-07-17,19671.308579012253,27116.745396375172,52719.106991752844,9490860.88873131,34831459.461643904
2024-07-18,16483.274051026474,35697.77514083821,44175.17445675095,12494221.299293375,45853792.16840669
2024-07-19,15135.885825660922,34736.94530732999,40564.17401277128,12157930.857565496,44619606.24726537
2024-07-20,16490.014134329784,34960.216537018074,44193.23788000382,12236075.787956325,44906398.14179971
2024-07-21,14924.320805341285,29324.10548048325,39997.17975831465,10263436.918169137,37666813.48968073
2024-07-22,16644.30802005603,30432.407249735585,44606.74549375016,10651342.537407454,39090427.11228535
2024-07-23,11915.924129616116,29979.133109742234,31934.676667371194,10492696.58840978,38508196.47946389
2024-07-24,14931.832860353923,33256.86616339545,40017.31206574852,11639903.157188406,42718444.58688145
2024-07-25,18829.63079526399,40524.92210583372,50463.4105313075,14183722.737041803,52054262.44494341
2024-07-26,12681.51946622818,29858.527864726355,33986.47216949152,10450484.752654223,38353279.042241
2024-07-27,18023.221645406025,28370.608995481063,48302.23400968815,9929713.14841837,36442047.25469542
2024-07-28,13644.11329654038,40082.08544896885,36566.223634728216,14028729.907139096,51485438.75920048
2024-07-29,18647.51494865113,32324.564435025914,49975.34006238503,11313597.552259069,41520903.016790785
2024-07-30,17516.12176452716,32312.917157079788,46943.20632893279,11309521.004977927,41505942.08826899
2024-07-31,12020.862428033897,29495.248949054458,32215.911307130846,10323337.132169059,37886647.275060445
2024-08-01,12560.998214728876,38419.064803229645,33663.47521547339,13446672.681130376,49349288.73974848
2024-08-02,13111.731999946911,35563.146327566734,35139.44175985772,12447101.214648357,45680861.45775947
2024-08-03,14726.640999363426,41416.78003319894,39467.39787829398,14495873.01161963,53199853.952644035
2024-08-04,15260.864034715898,44363.16543201887,40899.11561303861,15527107.901206603,56984485.99742823
2024-08-05,12065.608737813398,34564.17699545609,32335.83141733991,12097461.948409628,44397685.350663334
2024-08-06,9954.747191817894,47113.10446926129,26678.722474071958,16489586.56424145,60516782.69076612
2024-08-07,14928.956713184594,43400.561433281524,40009.60399133471,15190196.501648532,55748021.16105011
2024-08-08,13979.97518435011,38605.8825409247,37466.3334940583,13512058.889323644,49589256.12381777
2024-08-09,14977.315693744553,39153.8024662589,40139.2060592354,13703830.863190614,50293059.26790955
2024-08-10,12429.952047026913,40601.83819336705,33312.27148603213,14210643.367678469,52153061.15937998
2024-08-11,14847.042936628173,38373.02393217638,39790.075070163504,13430558.376261733,49290149.240880564
2024-08-12,10767.427780161099,43683.419410774295,28856.706450831745,15289196.793771002,56111352.233139575
2024-08-13,13460.649839212389,49738.942584940334,36074.541569089204,17408629.904729117,63889671.750355855
2024-08-14,11121.451623263722,42012.234977758526,29805.490350346776,14704282.242215483,53964715.82893082
2024-08-15,13150.710216762332,46662.604957679374,35243.90338092305,16331911.73518778,59938116.06813915
2024-08-16,12710.81244245357,51855.84289824886,34064.97734577557,18149545.0143871,66608830.20280066
2024-08-17,12811.677427336963,52131.81060761899,34335.295505263064,18246133.712666646,66963310.72548659
2024-08-18,13365.92692795073,47902.71414098413,35820.68416690796,16765949.949344443,61531036.314094104
2024-08-19,7981.372862633185,49487.642146973114,21390.079271856936,17320674.75144059,63566876.33778696
2024-08-20,13928.176624994318,46889.62599323232,37327.513354984774,16411369.097631313,60229724.58830692
2024-08-21,16392.993897296077,55503.225400039504,43933.22364475349,19426128.890013825,71293893.02635074
2024-08-22,9308.576284232702,57028.68740584578,24946.984441743643,19960040.592046022,73253348.9728089
2024-08-23,12289.785422496374,46595.26779909731,32936.62493229029,16308343.729684057,59851621.48794049
2024-08-24,12078.54989932839,55132.31401358604,32370.51373020009,19296309.90475511,70817457.35045126
2024-08-25,11489.191289563658,47022.26989012044,30791.032656030606,16457794.461542152,60400105.67385969
2024-08-26,11963.332854472465,58234.61281777769,32061.732049986207,20382114.486222193,74802360.16443545
2024-08-27,10959.38298134572,59562.142649851994,29371.146390006532,20846749.927448194,76507572.23373488
2024-08-28,13486.86089488335,48385.712258092826,36144.78719828738,16934999.29033249,62151447.39552023
2024-08-29,11373.104166985007,46618.64992425803,30479.91916751982,16316527.473490309,59881655.82770944
2024-08-30,6669.475427926218,51582.94886760071,17874.194146842266,18054032.10366025,66258297.82043311
2024-08-31,5148.110757169742,58773.87571844316,13796.93682921491,20570856.501455106,75495043.36034024
2024-09-01,10452.202791015245,56219.314100817974,28011.903479920857,19676759.935286287,72213708.96250068
2024-09-02,13099.049193390958,63478.374849919055,35105.45183828777,22217431.19747167,81537972.49472103
2024-09-03,7565.43189564601,59014.37771233929,20275.35748033131,20655032.19931875,75803968.17149982
2024-09-04,6835.485882549314,57614.72375226049,18319.10216523216,20165153.31329117,74006112.6597786
2024-09-05,10035.805809007956,58969.94050228939,26895.959568141323,20639479.175801285,75746888.57519071
2024-09-06,11981.246042132469,63081.004476621594,32109.739392915017,22078351.566817556,81027550.25022043
2024-09-07,6950.249347696812,59045.95985149395,18626.668251827457,20666085.94802288,75844535.42924397
2024-09-08,7678.947265926722,58701.10050694181,20579.578672683616,20545385.17742963,75401563.60116674
2024-09-09,9277.65828747486,59052.40004193657,24864.124210432627,20668340.014677797,75852807.85386752
2024-09-10,12175.330126911893,60165.29039598368,32629.884740123875,21057851.638594285,77282315.51364103
2024-09-11,10199.697437496503,64964.006276640546,27335.18913249063,22737402.19682419,83446266.06234477
2024-09-12,7325.518535446059,59352.74032222545,19632.38967499544,20773459.112778906,76238594.94389859
2024-09-13,8004.037066521852,58014.02068468329,21450.819338278565,20304907.239639148,74519009.56947567
2024-09-14,11227.612455417944,61183.52013748733,30090.00138052009,21414232.048120566,78590231.61660248
2024-09-15,10884.530062206064,66039.29300182013,29170.540566712254,23113752.550637044,84827471.86083795
2024-09-16,12122.78798087617,68415.24936496688,32489.071788748137,23945337.277738404,87879387.80929995
2024-09-17,9679.901818500068,70210.8528147699,25942.136873580184,24573798.485169463,90185840.44057193
2024-09-18,9001.366119148686,68284.48444524442,24123.66119931848,23899569.555835545,87711420.26991645
2024-09-19,13845.541822333917,58370.53740209211,37106.0520838549,20429688.090732235,74976955.2929873
2024-09-20,11195.73930827715,65457.78871079935,30004.581346182764,22910226.04877977,84080529.59902176
2024-09-21,10253.427477193634,67068.56517809384,27479.185638878942,23473997.812332842,86149571.97126153
2024-09-22,10036.532774759124,63102.15719555552,26897.907836354454,22085755.01844443,81054720.91769105
2024-09-23,8316.946661503975,71880.55638907551,22289.417052830653,25158194.73617643,92330574.6817675
2024-09-24,10219.781947656886,68123.57520164087,27389.015619720456,23843251.3205743,87504732.34650767
2024-09-25,10262.165420584617,72144.64416588939,27502.603327166777,25250625.45806128,92669795.4310849
2024-09-26,9047.241308191939,75856.17876508948,24246.606705954397,26549662.567781318,97437261.62375744
2024-09-27,9544.656273149794,67906.97589431345,25579.67881204145,23767441.56300971,87226510.53624563
2024-09-28,11332.02460810795,68192.45596937861,30369.825949729307,23867359.589282516,87593209.69266683
2024-09-29,7215.785314024621,62803.54625018288,19338.304641585986,21981241.187564008,80671155.15835992
2024-09-30,9271.414474605448,70641.26011492414,24847.390791942602,24724441.040223446,90738698.61762005
2024-10-01,9447.493027389624,76256.05240381155,25319.281313404193,26689618.341334045,97950899.31269595
2024-10-02,12114.966629798908,75349.90202225158,32468.110567861077,26372465.70778805,96786949.14758214
2024-10-03,10024.808472815777,65474.34940801278,26866.486707146283,22916022.292804472,84101801.8145924
2024-10-04,12221.840058579195,65473.534767100355,32754.531356992244,22915737.168485124,84100755.40834041
2024-10-05,8371.44626197198,73711.93198851489,22435.475982084907,25799176.19598021,94682976.63924737
2024-10-06,9682.579091498004,71212.4466493557,25949.311965214652,24924356.32727449,91472387.72109738
2024-10-07,10554.309113935185,77149.14192426576,28285.5484253463,27002199.673493013,99098072.80171935
2024-10-08,9080.670149289988,71010.47240403816,24336.19600009717,24853665.341413356,91212951.80298701
2024-10-09,5902.3645320532,70412.10048964183,15818.336945902576,24644235.171374638,90444343.07894492
2024-10-10,11928.637684086792,64804.10253418097,31968.748993352605,22681435.886963338,83240869.70515545
2024-10-11,10796.106731782536,72439.56869605198,28933.5660411772,25353849.043618195,93048625.99007878
2024-10-12,10792.379456076282,77202.56544530328,28923.576942284435,27020897.905856144,99166695.31449205
2024-10-13,8660.427910322103,65150.15235774357,23209.946799663237,22802553.32521025,83685370.70352162
2024-10-14,10858.01899224997,68681.0497833274,29099.49089922992,24038367.42416459,88220808.44668405
2024-10-15,8000.562752165519,63449.842117695065,21441.508175803592,22207444.741193272,81501322.20017931
2024-10-16,8966.66297381681,71104.94508199963,24030.656769829053,24886730.778699867,91334301.9578285
2024-10-17,11217.95961874317,80567.75809103076,30064.1317782317,28198715.331860766,103489285.267929
2024-10-18,9181.07358575802,60044.8511837538,24605.277209831496,21015697.91431383,77127611.34553176
2024-10-19,10117.496342748967,62485.25112292179,27114.890198567235,21869837.893022627,80262305.06739303
2024-10-20,13515.698215696666,71260.81789282293,36222.07121806707,24941286.262488026,91534520.58333105
2024-10-21,11082.11035890303,63072.16879128172,29700.055761860123,22075259.0769486,81016200.81240137
2024-10-22,11721.426948864131,70798.36371269792,31413.424222955873,24779427.299444266,90940498.18896045
2024-10-23,12233.215675538539,76352.52846170773,32785.01801044329,26723384.961597703,98074822.80906357
2024-10-24,9439.632957659294,64970.22782057761,25298.216326526912,22739579.73720216,83454257.63553193
2024-10-25,10474.028307287876,60589.1032292598,28070.395863531507,21206186.13024093,77826703.09798421
2024-10-26,10074.795291704202,72851.57351517613,27000.451381767263,25498050.730311643,93577846.18024373
2024-10-27,9015.457228623709,65564.08897353554,24161.425372711543,22947431.14073744,84217072.2865064
2024-10-28,11410.678468551403,62088.13628140193,30580.618295717763,21730847.698490676,79752211.05346078
2024-10-29,14444.179352722434,71265.41063293694,38710.400665296125,24942893.721527927,91540419.95800748
2024-10-30,15954.159170753479,64964.577439335626,42757.14657761933,22737602.10376747,83446999.72082661
2024-10-31,10773.40484535874,61657.747601870455,28872.724985561425,21580211.660654657,79199376.79460259
2024-11-01,7838.640052284493,60514.98420604396,21007.555340122442,21180244.472115383,77731497.21266346
2024-11-02,12423.366966304795,55944.679194602075,33294.62346969685,19580637.718110725,71860940.42546636
2024-11-03,14197.738729954694,60396.670928144515,38049.93979627858,21138834.824850578,77579523.80720162
2024-11-04,11010.845945152196,56428.27446218015,29509.067133007888,19749896.06176305,72482118.54667039
2024-11-05,14439.3274641591,53453.369838775434,38697.39760394639,18708679.4435714,68660853.55790703
2024-11-06,11374.523514347131,51558.56051114149,30483.723018450313,18045496.178899523,66226970.97656125
2024-11-07,11916.007530350429,57331.933983299044,31934.90018133915,20066176.894154664,73642869.20154762
2024-11-08,8555.649608414595,63372.62501878906,22929.140950551115,22180418.75657617,81402136.83663455
2024-11-09,12895.865226760796,57560.568109199005,34560.91880771893,20146198.83821965,73936549.73626612
2024-11-10,13487.564295394923,52672.13239148501,36146.672311658396,18435246.33701975,67657354.05686247
2024-11-11,14425.564049793411,59693.6390197097,38660.511653446345,20892773.656898394,76676479.3208171
2024-11-12,16627.758664278957,49605.888259680614,44562.39322026761,17362060.890888214,63718763.469559744
2024-11-13,15196.093639493452,50484.9062309336,40725.530953842455,17669717.180826757,64847862.0536342
2024-11-14,15208.937280331469,47393.21379396278,40759.95191128834,16587624.82788697,60876583.11834518
2024-11-15,14411.28856435963,46883.93570638989,38622.25335248381,16409377.497236462,60222415.41485781
2024-11-16,13911.604421141492,61087.23331770112,37283.0998486592,21380531.66119539,78466551.19658709
2024-11-17,12655.326360215455,49415.28860828534,33916.27464537742,17295351.01289987,63473938.21734252
2024-11-18,14117.439126632948,57666.38745794906,37834.7368593763,20183235.610282168,74072474.68973556
2024-11-19,9366.72558288775,52667.49251572996,25102.82456213917,18433622.380505484,67651394.13645512
2024-11-20,16008.127381628678,45458.83831190182,42901.78138276486,15910593.409165634,58391877.81163788
2024-11-21,13515.320418841617,50807.53234262203,36221.05872249554,17782636.31991771,65262275.29409799
2024-11-22,11688.911462349784,56643.77067505129,31326.282719097424,19825319.73626795,72758923.43210338
2024-11-23,14706.332422365995,49681.210813593854,39412.970891940866,17388423.78475785,63815515.2900613
2024-11-24,15070.651176559184,50161.233831488076,40389.34515317861,17556431.841020826,64432104.85654643
2024-11-25,14222.14805102968,43457.40882834027,38115.356776759545,15210093.089919094,55821041.64000307
2024-11-26,13953.656634903355,50922.0018738861,37395.79978154099,17822700.655860133,65409311.40700669
2024-11-27,16044.59694804086,49538.57925575682,42999.519820749505,17338502.739514884,63632305.05401962
2024-11-28,15080.300961980513,50252.80405689687,40415.206578107776,17588481.419913903,64549726.811084025
2024-11-29,18175.138418813618,38805.917690177186,48709.3709624205,13582071.191562016,49846201.2730326
2024-11-30,13924.230902692783,41072.6356295087,37316.93881921666,14375422.470328046,52757800.46610393
2024-12-01,17665.578994339994,37141.5776653842,47343.751704831186,12999552.182884468,47708356.511185996
2024-12-02,15568.955970878376,33528.97628369235,41724.80200195405,11735141.69929232,43067970.036402814
2024-12-03,14726.275652222152,45145.69267550506,39466.418747955366,15800992.436426768,57989642.24168624
2024-12-04,15813.393391716789,42684.30594304963,42379.894289801,14939507.08006737,54827990.983847246
2024-12-05,17979.30122137266,33558.51265171314,48184.527273278734,11745479.428099599,43105909.50112553
2024-12-06,18180.4355598369,40893.60497347475,48723.5673003629,14312761.740716161,52527835.58842831
2024-12-07,16201.174015571745,47795.52099294872,43419.14636173228,16728432.34753205,61393346.71544263
2024-12-08,18671.671335924864,37090.893104920644,50040.07918027864,12981812.586722223,47643252.19327056
2024-12-09,18815.92396130408,47092.76614396587,50426.67621629494,16482468.150388053,60490658.11192415
2024-12-10,18041.481322317122,36252.675804214276,48351.16994380989,12688436.531474996,46566562.07051323
2024-12-11,16690.102652432382,37241.73311374399,44729.47510851879,13034606.589810396,47837006.18460415
2024-12-12,17499.554015740312,31688.10438901373,46898.80476218404,11090836.536154805,40703370.08768813
2024-12-13,13553.397794615,28094.002621091644,36323.1060895682,9832900.917382075,36086746.36679221
2024-12-14,18392.967503349035,43286.61176228285,49293.15290897542,15150314.116798999,55601652.80865233
2024-12-15,17006.541424257837,34691.651385686986,45577.53101701101,12142077.984990444,44561426.20491493
2024-12-16,18695.603267675753,39472.07045521039,50104.216757371025,13815224.659323638,50701874.49971775
2024-12-17,18221.044217957744,29918.842930768664,48832.39850412676,10471595.025769033,38430753.74457235
2024-12-18,18893.79631895963,32256.49783893277,50635.37413481181,11289774.24362647,41433471.47410914
2024-12-19,22519.101430212,41205.92391563424,60351.19183296816,14422073.370471982,52929009.269632176
2024-12-20,19875.771420965713,26281.744649339074,53267.067408188115,9198610.627268676,33758901.00207604
2024-12-21,18847.28857751136,36566.69551950047,50510.73338773045,12798343.431825165,46969920.39479835
2024-12-22,19733.243683774028,24126.12485789703,52885.0930725144,8444143.70026396,30990007.379968733
2024-12-23,22087.600491256704,28645.264046555803,59194.769316567974,10025842.41629453,36794841.667800926
2024-12-24,18530.9681152049,24580.890049320275,49662.99454874914,8603311.517262096,31574153.26835189
